-- phpMyAdmin SQL Dump
-- version 3.3.8
-- http://www.phpmyadmin.net
--
-- Host: localhost
-- Generation Time: Jan 22, 2011 at 05:36 PM
-- Server version: 5.1.41
-- PHP Version: 5.3.1

SET SQL_MODE="NO_AUTO_VALUE_ON_ZERO";


/*!40101 SET @OLD_CHARACTER_SET_CLIENT=@@CHARACTER_SET_CLIENT */;
/*!40101 SET @OLD_CHARACTER_SET_RESULTS=@@CHARACTER_SET_RESULTS */;
/*!40101 SET @OLD_COLLATION_CONNECTION=@@COLLATION_CONNECTION */;
/*!40101 SET NAMES utf8 */;

--
-- Database: `icwet`
--

-- --------------------------------------------------------

--
-- Table structure for table `admin`
--

CREATE TABLE IF NOT EXISTS `admin` (
  `id` int(10) unsigned NOT NULL,
  PRIMARY KEY (`id`),
  KEY `fk_admin_users` (`id`)
) ENGINE=InnoDB DEFAULT CHARSET=latin1;

--
-- Dumping data for table `admin`
--

INSERT INTO `admin` (`id`) VALUES
(1);

-- --------------------------------------------------------

--
-- Table structure for table `authors`
--

CREATE TABLE IF NOT EXISTS `authors` (
  `id` int(10) unsigned NOT NULL,
  `registered` enum('yes','no') NOT NULL,
  PRIMARY KEY (`id`),
  KEY `fk_author_users` (`id`)
) ENGINE=InnoDB DEFAULT CHARSET=latin1;

--
-- Dumping data for table `authors`
--

INSERT INTO `authors` (`id`, `registered`) VALUES
(14, 'yes'),
(15, 'yes'),
(16, 'yes'),
(17, 'yes'),
(18, 'yes'),
(19, 'yes'),
(20, 'yes'),
(21, 'yes'),
(22, 'yes'),
(23, 'yes'),
(24, 'yes'),
(25, 'yes'),
(26, 'yes'),
(27, 'yes'),
(28, 'yes'),
(29, 'yes'),
(30, 'yes'),
(31, 'yes'),
(32, 'yes'),
(33, 'yes'),
(34, 'yes'),
(35, 'yes'),
(36, 'yes'),
(37, 'yes'),
(38, 'yes'),
(39, 'yes'),
(40, 'yes'),
(41, 'yes'),
(42, 'yes'),
(43, 'yes'),
(44, 'yes'),
(45, 'yes'),
(46, 'yes'),
(47, 'yes'),
(48, 'yes'),
(49, 'yes'),
(50, 'yes'),
(51, 'yes'),
(52, 'yes'),
(53, 'yes'),
(54, 'yes'),
(55, 'yes'),
(56, 'yes'),
(57, 'yes'),
(58, 'yes'),
(59, 'yes'),
(60, 'yes'),
(61, 'yes'),
(62, 'yes'),
(63, 'yes'),
(64, 'yes'),
(65, 'yes'),
(66, 'yes'),
(67, 'yes'),
(68, 'yes'),
(69, 'yes'),
(70, 'yes'),
(71, 'yes'),
(72, 'yes'),
(73, 'yes'),
(74, 'yes'),
(75, 'yes'),
(76, 'yes'),
(77, 'yes'),
(78, 'yes'),
(79, 'yes'),
(80, 'yes'),
(81, 'yes'),
(82, 'yes'),
(83, 'yes'),
(84, 'yes'),
(85, 'yes'),
(86, 'yes'),
(87, 'yes'),
(88, 'yes'),
(89, 'yes'),
(90, 'yes'),
(91, 'yes'),
(92, 'yes'),
(93, 'yes'),
(94, 'yes'),
(95, 'yes'),
(96, 'yes'),
(97, 'yes'),
(98, 'yes'),
(99, 'yes'),
(100, 'yes'),
(101, 'yes'),
(102, 'yes'),
(103, 'yes'),
(104, 'yes'),
(105, 'yes'),
(106, 'yes'),
(107, 'yes'),
(108, 'yes'),
(109, 'yes'),
(110, 'yes'),
(111, 'yes'),
(112, 'yes'),
(113, 'yes'),
(114, 'yes'),
(115, 'yes'),
(116, 'yes'),
(117, 'yes'),
(118, 'yes'),
(119, 'yes'),
(120, 'yes'),
(121, 'yes'),
(122, 'yes'),
(123, 'yes'),
(124, 'yes'),
(125, 'yes'),
(126, 'yes'),
(127, 'yes'),
(128, 'yes'),
(129, 'yes'),
(130, 'yes'),
(131, 'yes'),
(132, 'yes'),
(133, 'yes'),
(134, 'yes'),
(135, 'yes'),
(136, 'yes'),
(137, 'yes'),
(138, 'yes'),
(139, 'yes'),
(140, 'yes'),
(141, 'yes'),
(142, 'yes'),
(143, 'yes'),
(144, 'yes'),
(145, 'yes'),
(146, 'yes'),
(147, 'yes'),
(148, 'yes'),
(149, 'yes'),
(150, 'yes'),
(151, 'yes'),
(152, 'yes'),
(153, 'yes'),
(154, 'yes'),
(155, 'yes'),
(156, 'yes'),
(157, 'yes'),
(158, 'yes'),
(159, 'yes'),
(160, 'yes'),
(161, 'yes'),
(162, 'yes'),
(163, 'yes'),
(164, 'yes'),
(165, 'yes'),
(166, 'yes'),
(167, 'yes'),
(168, 'yes'),
(169, 'yes'),
(170, 'yes'),
(171, 'yes'),
(172, 'yes'),
(173, 'yes'),
(174, 'yes'),
(175, 'yes'),
(176, 'yes'),
(177, 'yes'),
(178, 'yes'),
(179, 'yes'),
(180, 'yes'),
(181, 'yes'),
(182, 'yes'),
(183, 'yes'),
(184, 'yes'),
(185, 'yes'),
(186, 'yes'),
(187, 'yes'),
(188, 'yes'),
(189, 'yes'),
(190, 'yes'),
(191, 'yes'),
(192, 'yes'),
(193, 'yes'),
(194, 'yes'),
(195, 'yes'),
(196, 'yes'),
(197, 'yes'),
(198, 'yes'),
(199, 'yes'),
(200, 'yes'),
(201, 'yes'),
(202, 'yes'),
(203, 'yes'),
(204, 'yes'),
(205, 'yes'),
(206, 'yes'),
(207, 'yes'),
(208, 'yes'),
(209, 'yes'),
(210, 'yes'),
(211, 'yes'),
(212, 'yes'),
(213, 'yes'),
(214, 'yes'),
(215, 'yes'),
(216, 'yes'),
(217, 'yes'),
(218, 'yes'),
(219, 'yes'),
(220, 'yes'),
(221, 'yes'),
(222, 'yes'),
(223, 'yes'),
(224, 'yes'),
(225, 'yes'),
(226, 'yes'),
(227, 'yes'),
(228, 'yes'),
(229, 'yes'),
(230, 'yes'),
(231, 'yes'),
(232, 'yes'),
(233, 'yes'),
(234, 'yes'),
(235, 'yes'),
(236, 'yes'),
(237, 'yes'),
(238, 'yes'),
(239, 'yes'),
(240, 'yes'),
(241, 'yes'),
(242, 'yes'),
(243, 'yes'),
(244, 'yes'),
(245, 'yes'),
(246, 'yes'),
(247, 'yes'),
(248, 'yes'),
(249, 'yes'),
(250, 'yes'),
(251, 'yes'),
(252, 'yes'),
(253, 'yes'),
(254, 'yes'),
(255, 'yes'),
(256, 'yes'),
(257, 'yes'),
(258, 'yes'),
(259, 'yes'),
(260, 'yes'),
(261, 'yes'),
(262, 'yes'),
(263, 'yes'),
(264, 'yes'),
(265, 'yes'),
(266, 'yes'),
(267, 'yes'),
(268, 'yes'),
(269, 'yes'),
(270, 'yes'),
(271, 'yes'),
(272, 'yes'),
(273, 'yes'),
(274, 'yes'),
(275, 'yes'),
(276, 'yes'),
(277, 'yes'),
(278, 'yes'),
(279, 'yes'),
(280, 'yes'),
(281, 'yes'),
(282, 'yes'),
(283, 'yes'),
(284, 'yes'),
(285, 'yes'),
(286, 'yes'),
(287, 'yes'),
(288, 'yes'),
(289, 'yes'),
(290, 'yes'),
(291, 'yes'),
(292, 'yes'),
(293, 'yes'),
(294, 'yes'),
(295, 'yes'),
(296, 'yes'),
(297, 'yes'),
(298, 'yes'),
(299, 'yes'),
(300, 'yes'),
(301, 'yes'),
(302, 'yes'),
(303, 'yes'),
(304, 'yes'),
(305, 'yes'),
(306, 'yes'),
(307, 'yes'),
(308, 'yes'),
(309, 'yes'),
(310, 'yes'),
(311, 'yes'),
(312, 'yes'),
(313, 'yes'),
(314, 'yes'),
(315, 'yes'),
(316, 'yes'),
(317, 'yes'),
(318, 'yes'),
(319, 'yes'),
(320, 'yes'),
(321, 'yes'),
(322, 'yes'),
(323, 'yes'),
(324, 'yes'),
(325, 'yes'),
(326, 'yes'),
(327, 'yes'),
(328, 'yes'),
(329, 'yes'),
(330, 'yes'),
(331, 'yes'),
(332, 'yes'),
(333, 'yes'),
(334, 'yes'),
(335, 'yes'),
(336, 'yes'),
(337, 'yes'),
(338, 'yes'),
(339, 'yes'),
(340, 'yes'),
(341, 'yes'),
(342, 'yes'),
(343, 'yes'),
(344, 'yes'),
(345, 'yes'),
(346, 'yes'),
(347, 'yes'),
(348, 'yes'),
(349, 'yes'),
(350, 'yes'),
(351, 'yes'),
(352, 'yes'),
(353, 'yes'),
(354, 'yes'),
(355, 'yes'),
(356, 'yes'),
(357, 'yes'),
(358, 'yes'),
(359, 'yes'),
(360, 'yes'),
(361, 'yes'),
(362, 'yes'),
(363, 'yes'),
(364, 'yes'),
(365, 'yes'),
(366, 'yes'),
(367, 'yes'),
(368, 'yes'),
(369, 'yes'),
(370, 'yes'),
(371, 'yes'),
(372, 'yes'),
(373, 'yes'),
(374, 'yes'),
(375, 'yes'),
(376, 'yes'),
(377, 'yes'),
(378, 'yes'),
(379, 'yes'),
(380, 'yes'),
(381, 'yes'),
(382, 'yes'),
(383, 'yes'),
(384, 'yes'),
(385, 'yes'),
(386, 'yes'),
(387, 'yes'),
(388, 'yes'),
(389, 'yes'),
(390, 'yes'),
(391, 'yes'),
(392, 'yes'),
(393, 'yes'),
(394, 'yes'),
(395, 'yes'),
(396, 'yes'),
(397, 'yes'),
(398, 'yes'),
(399, 'yes'),
(400, 'yes'),
(401, 'yes'),
(402, 'yes'),
(403, 'yes'),
(404, 'yes'),
(405, 'yes'),
(406, 'yes'),
(407, 'yes'),
(408, 'yes'),
(409, 'yes'),
(410, 'yes'),
(411, 'yes'),
(412, 'yes'),
(413, 'yes'),
(414, 'yes'),
(415, 'yes'),
(416, 'yes'),
(417, 'yes'),
(418, 'yes'),
(419, 'yes'),
(420, 'yes'),
(421, 'yes'),
(422, 'yes'),
(423, 'yes'),
(424, 'yes'),
(425, 'yes'),
(426, 'yes'),
(427, 'yes'),
(428, 'yes'),
(429, 'yes'),
(430, 'yes'),
(431, 'yes'),
(432, 'yes'),
(433, 'yes'),
(434, 'yes'),
(435, 'yes'),
(436, 'yes'),
(437, 'yes'),
(438, 'yes'),
(439, 'yes'),
(440, 'yes'),
(441, 'yes'),
(442, 'yes'),
(443, 'yes'),
(444, 'yes'),
(445, 'yes'),
(446, 'yes'),
(447, 'yes'),
(448, 'yes'),
(449, 'yes'),
(450, 'yes'),
(451, 'yes'),
(452, 'yes'),
(453, 'yes'),
(454, 'yes'),
(455, 'yes'),
(456, 'yes'),
(457, 'yes'),
(458, 'yes'),
(459, 'yes'),
(460, 'yes'),
(461, 'yes'),
(462, 'yes'),
(463, 'yes'),
(464, 'yes'),
(465, 'yes'),
(466, 'yes'),
(467, 'yes'),
(468, 'yes'),
(469, 'yes'),
(470, 'yes'),
(471, 'yes'),
(472, 'yes'),
(473, 'yes'),
(474, 'yes'),
(475, 'yes'),
(476, 'yes'),
(477, 'yes'),
(478, 'yes'),
(479, 'yes'),
(480, 'yes'),
(481, 'yes'),
(482, 'yes'),
(483, 'yes'),
(484, 'yes'),
(485, 'yes'),
(486, 'yes'),
(487, 'yes'),
(488, 'yes'),
(489, 'yes'),
(490, 'yes'),
(491, 'yes'),
(492, 'yes'),
(493, 'yes'),
(494, 'yes'),
(495, 'yes'),
(496, 'yes'),
(497, 'yes'),
(498, 'yes'),
(499, 'yes'),
(500, 'yes'),
(501, 'yes'),
(502, 'yes'),
(503, 'yes'),
(504, 'yes'),
(505, 'yes'),
(506, 'yes'),
(507, 'yes'),
(508, 'yes'),
(509, 'yes'),
(510, 'yes'),
(511, 'yes'),
(512, 'yes'),
(513, 'yes'),
(514, 'yes'),
(515, 'yes'),
(516, 'yes'),
(517, 'yes'),
(518, 'yes'),
(519, 'yes'),
(520, 'yes'),
(521, 'yes'),
(522, 'yes'),
(523, 'yes'),
(524, 'yes'),
(525, 'yes'),
(526, 'yes'),
(527, 'yes'),
(528, 'yes'),
(529, 'yes'),
(530, 'yes'),
(531, 'yes'),
(532, 'yes'),
(533, 'yes'),
(534, 'yes'),
(535, 'yes'),
(536, 'yes'),
(537, 'yes'),
(538, 'yes'),
(539, 'yes'),
(540, 'yes'),
(541, 'yes'),
(542, 'yes'),
(543, 'yes'),
(544, 'yes'),
(545, 'yes'),
(546, 'yes'),
(547, 'yes'),
(548, 'yes'),
(549, 'yes'),
(550, 'yes'),
(551, 'yes'),
(552, 'yes'),
(553, 'yes'),
(554, 'yes'),
(555, 'yes'),
(556, 'yes'),
(557, 'yes'),
(558, 'yes'),
(559, 'yes'),
(560, 'yes'),
(561, 'yes'),
(562, 'yes'),
(563, 'yes'),
(564, 'yes'),
(565, 'yes'),
(566, 'yes'),
(567, 'yes'),
(568, 'yes'),
(569, 'yes'),
(570, 'yes'),
(571, 'yes'),
(572, 'yes'),
(573, 'yes'),
(574, 'yes'),
(575, 'yes'),
(576, 'yes'),
(577, 'yes'),
(578, 'yes'),
(579, 'yes'),
(580, 'yes'),
(581, 'yes'),
(582, 'yes'),
(583, 'yes'),
(584, 'yes'),
(585, 'yes'),
(586, 'yes'),
(587, 'yes'),
(588, 'yes'),
(589, 'yes'),
(590, 'yes'),
(591, 'yes'),
(592, 'yes'),
(593, 'yes'),
(594, 'yes'),
(595, 'yes'),
(596, 'yes'),
(597, 'yes'),
(598, 'yes'),
(599, 'yes'),
(600, 'yes'),
(601, 'yes'),
(602, 'yes'),
(603, 'yes'),
(604, 'yes'),
(605, 'yes'),
(606, 'yes'),
(607, 'yes'),
(608, 'yes'),
(609, 'yes'),
(610, 'yes'),
(611, 'yes'),
(612, 'yes'),
(613, 'yes'),
(614, 'yes'),
(615, 'yes'),
(616, 'yes'),
(617, 'yes'),
(618, 'yes'),
(619, 'yes'),
(620, 'yes'),
(621, 'yes'),
(622, 'yes'),
(623, 'yes'),
(624, 'yes'),
(625, 'yes'),
(626, 'yes'),
(627, 'yes'),
(628, 'yes'),
(629, 'yes'),
(630, 'yes'),
(631, 'yes'),
(632, 'yes'),
(633, 'yes'),
(634, 'yes'),
(635, 'yes'),
(636, 'yes'),
(637, 'yes'),
(638, 'yes'),
(639, 'yes'),
(640, 'yes'),
(641, 'yes'),
(642, 'yes'),
(643, 'yes'),
(644, 'yes'),
(645, 'yes'),
(646, 'yes'),
(647, 'yes'),
(648, 'yes'),
(649, 'yes'),
(650, 'yes'),
(651, 'yes'),
(652, 'yes'),
(653, 'yes'),
(654, 'yes'),
(655, 'yes'),
(656, 'yes'),
(657, 'yes'),
(658, 'yes'),
(659, 'yes'),
(660, 'yes'),
(661, 'yes'),
(662, 'yes'),
(663, 'yes'),
(664, 'yes'),
(665, 'yes'),
(666, 'yes'),
(667, 'yes'),
(668, 'yes'),
(669, 'yes'),
(670, 'yes'),
(671, 'yes'),
(672, 'yes'),
(673, 'yes'),
(674, 'yes'),
(675, 'yes'),
(676, 'yes'),
(677, 'yes'),
(678, 'yes'),
(679, 'yes'),
(680, 'yes'),
(681, 'yes'),
(682, 'yes'),
(683, 'yes'),
(684, 'yes'),
(685, 'yes'),
(686, 'yes'),
(687, 'yes'),
(688, 'yes'),
(689, 'yes'),
(690, 'yes'),
(691, 'yes'),
(692, 'yes'),
(693, 'yes'),
(694, 'yes'),
(695, 'yes'),
(696, 'yes'),
(697, 'yes'),
(698, 'yes'),
(699, 'yes'),
(700, 'yes'),
(701, 'yes'),
(702, 'yes'),
(703, 'yes'),
(704, 'yes'),
(705, 'yes'),
(706, 'yes'),
(707, 'yes'),
(708, 'yes'),
(709, 'yes'),
(710, 'yes'),
(711, 'yes'),
(712, 'yes'),
(713, 'yes'),
(714, 'yes'),
(715, 'yes'),
(716, 'yes'),
(717, 'yes'),
(718, 'yes'),
(719, 'yes'),
(720, 'yes'),
(721, 'yes'),
(722, 'yes'),
(723, 'yes'),
(724, 'yes'),
(725, 'yes'),
(726, 'yes'),
(727, 'yes'),
(728, 'yes'),
(729, 'yes'),
(730, 'yes'),
(731, 'yes'),
(732, 'yes'),
(733, 'yes'),
(734, 'yes'),
(735, 'yes'),
(736, 'yes'),
(737, 'yes'),
(738, 'yes'),
(739, 'yes'),
(740, 'yes'),
(741, 'yes'),
(742, 'yes'),
(743, 'yes'),
(744, 'yes'),
(745, 'yes'),
(746, 'yes'),
(747, 'yes'),
(748, 'yes'),
(749, 'yes'),
(750, 'yes'),
(751, 'yes'),
(752, 'yes'),
(753, 'yes'),
(754, 'yes'),
(755, 'yes'),
(756, 'yes'),
(757, 'yes'),
(758, 'yes'),
(759, 'yes'),
(760, 'yes'),
(761, 'yes'),
(762, 'yes'),
(763, 'yes'),
(764, 'yes'),
(765, 'yes'),
(766, 'yes'),
(767, 'yes'),
(768, 'yes'),
(769, 'yes'),
(770, 'yes'),
(771, 'yes'),
(772, 'yes'),
(773, 'yes'),
(774, 'yes'),
(775, 'yes'),
(776, 'yes'),
(777, 'yes'),
(778, 'yes'),
(779, 'yes'),
(780, 'yes'),
(781, 'yes'),
(782, 'yes'),
(783, 'yes'),
(784, 'yes'),
(785, 'yes'),
(786, 'yes'),
(787, 'yes'),
(788, 'yes'),
(789, 'yes'),
(790, 'yes'),
(791, 'yes'),
(792, 'yes'),
(793, 'yes'),
(794, 'yes'),
(795, 'yes'),
(796, 'yes'),
(797, 'yes'),
(798, 'yes'),
(799, 'yes'),
(800, 'yes'),
(801, 'yes'),
(802, 'yes'),
(803, 'yes'),
(804, 'yes'),
(805, 'yes'),
(806, 'yes'),
(807, 'yes'),
(808, 'yes'),
(809, 'yes'),
(810, 'yes'),
(811, 'yes'),
(812, 'yes'),
(813, 'yes'),
(814, 'yes'),
(815, 'yes'),
(816, 'yes'),
(817, 'yes'),
(818, 'yes'),
(819, 'yes'),
(820, 'yes'),
(821, 'yes'),
(822, 'yes'),
(823, 'yes'),
(824, 'yes'),
(825, 'yes'),
(826, 'yes'),
(827, 'yes'),
(828, 'yes'),
(829, 'yes'),
(830, 'yes'),
(831, 'yes'),
(832, 'yes'),
(833, 'yes'),
(834, 'yes'),
(835, 'yes'),
(836, 'yes'),
(837, 'yes'),
(838, 'yes'),
(839, 'yes'),
(840, 'yes'),
(841, 'yes'),
(842, 'yes'),
(843, 'yes'),
(844, 'yes'),
(845, 'yes'),
(846, 'yes'),
(847, 'yes'),
(848, 'yes'),
(849, 'yes'),
(850, 'yes'),
(851, 'yes'),
(852, 'yes'),
(853, 'yes'),
(854, 'yes'),
(855, 'yes'),
(856, 'yes'),
(857, 'yes'),
(858, 'yes'),
(859, 'yes'),
(860, 'yes'),
(861, 'yes'),
(862, 'yes'),
(863, 'yes'),
(864, 'yes'),
(865, 'yes'),
(866, 'yes'),
(867, 'yes'),
(868, 'yes'),
(869, 'yes'),
(870, 'yes'),
(871, 'yes'),
(872, 'yes'),
(873, 'yes'),
(874, 'yes'),
(875, 'yes'),
(876, 'yes'),
(877, 'yes'),
(878, 'yes'),
(879, 'yes'),
(880, 'yes'),
(881, 'yes'),
(882, 'yes'),
(883, 'yes'),
(884, 'yes'),
(885, 'yes'),
(886, 'yes'),
(887, 'yes'),
(888, 'yes'),
(889, 'yes'),
(890, 'yes'),
(891, 'yes'),
(892, 'yes'),
(893, 'yes'),
(894, 'yes'),
(895, 'yes'),
(896, 'yes'),
(897, 'yes'),
(898, 'yes'),
(899, 'yes'),
(900, 'yes'),
(901, 'yes'),
(902, 'yes'),
(903, 'yes'),
(904, 'yes'),
(905, 'yes'),
(906, 'yes'),
(907, 'yes'),
(908, 'yes'),
(909, 'yes'),
(910, 'yes'),
(911, 'yes'),
(912, 'yes'),
(913, 'yes'),
(914, 'yes'),
(915, 'yes'),
(916, 'yes'),
(917, 'yes'),
(918, 'yes'),
(919, 'yes'),
(920, 'yes'),
(921, 'yes'),
(922, 'yes'),
(923, 'yes'),
(924, 'yes'),
(925, 'yes'),
(926, 'yes'),
(927, 'yes'),
(928, 'yes'),
(929, 'yes'),
(930, 'yes'),
(931, 'yes'),
(932, 'yes'),
(933, 'yes'),
(934, 'yes'),
(935, 'yes'),
(936, 'yes'),
(937, 'yes'),
(938, 'yes'),
(939, 'yes'),
(940, 'yes'),
(941, 'yes'),
(942, 'yes'),
(943, 'yes'),
(944, 'yes'),
(945, 'yes'),
(946, 'yes'),
(947, 'yes'),
(948, 'yes'),
(949, 'yes'),
(950, 'yes'),
(951, 'yes'),
(952, 'yes'),
(953, 'yes'),
(954, 'yes'),
(955, 'yes'),
(956, 'yes'),
(957, 'yes'),
(958, 'yes'),
(959, 'yes'),
(960, 'yes'),
(961, 'yes'),
(962, 'yes'),
(963, 'yes'),
(964, 'yes'),
(965, 'yes'),
(966, 'yes'),
(967, 'yes'),
(968, 'yes'),
(969, 'yes'),
(970, 'yes'),
(971, 'yes'),
(972, 'yes'),
(973, 'yes'),
(974, 'yes'),
(975, 'yes'),
(976, 'yes'),
(977, 'yes'),
(978, 'yes'),
(979, 'yes'),
(980, 'yes'),
(981, 'yes'),
(982, 'yes'),
(983, 'yes'),
(984, 'yes'),
(985, 'yes'),
(986, 'yes'),
(987, 'yes'),
(988, 'yes'),
(989, 'yes'),
(990, 'yes'),
(991, 'yes'),
(992, 'yes'),
(993, 'yes'),
(994, 'yes'),
(995, 'yes'),
(996, 'yes'),
(997, 'yes'),
(998, 'yes'),
(999, 'yes'),
(1000, 'yes'),
(1001, 'yes'),
(1002, 'yes'),
(1003, 'yes'),
(1004, 'yes'),
(1005, 'yes'),
(1006, 'yes'),
(1007, 'yes'),
(1008, 'yes'),
(1009, 'yes'),
(1010, 'yes'),
(1011, 'yes'),
(1012, 'yes'),
(1013, 'yes'),
(1014, 'yes'),
(1015, 'yes'),
(1016, 'yes'),
(1017, 'yes'),
(1018, 'yes'),
(1019, 'yes'),
(1020, 'yes'),
(1021, 'yes'),
(1022, 'yes'),
(1023, 'yes'),
(1024, 'yes'),
(1025, 'yes'),
(1026, 'yes'),
(1027, 'yes'),
(1028, 'yes'),
(1029, 'yes'),
(1030, 'yes'),
(1031, 'yes'),
(1032, 'yes'),
(1033, 'yes'),
(1034, 'yes'),
(1035, 'yes'),
(1036, 'yes'),
(1037, 'yes'),
(1038, 'yes'),
(1039, 'yes'),
(1040, 'yes'),
(1041, 'yes'),
(1042, 'yes'),
(1043, 'yes'),
(1044, 'yes'),
(1045, 'yes'),
(1046, 'yes'),
(1047, 'yes'),
(1048, 'yes'),
(1049, 'yes'),
(1050, 'yes'),
(1051, 'yes'),
(1052, 'yes'),
(1053, 'yes'),
(1054, 'yes');

-- --------------------------------------------------------

--
-- Table structure for table `author_paper`
--

CREATE TABLE IF NOT EXISTS `author_paper` (
  `authors_id` int(10) unsigned NOT NULL,
  `paper_id` int(10) unsigned NOT NULL,
  PRIMARY KEY (`authors_id`,`paper_id`),
  KEY `fk_authors_has_paper_paper1` (`paper_id`)
) ENGINE=InnoDB DEFAULT CHARSET=latin1;

--
-- Dumping data for table `author_paper`
--

INSERT INTO `author_paper` (`authors_id`, `paper_id`) VALUES
(179, 1),
(186, 2),
(253, 2),
(158, 3),
(232, 3),
(200, 4),
(265, 4),
(187, 5),
(193, 5),
(254, 5),
(159, 6),
(160, 7),
(234, 7),
(183, 8),
(250, 8),
(305, 8),
(161, 9),
(235, 9),
(294, 9),
(205, 10),
(271, 10),
(314, 10),
(216, 11),
(177, 12),
(184, 13),
(251, 13),
(322, 13),
(184, 14),
(251, 14),
(184, 16),
(230, 16),
(292, 16),
(206, 17),
(272, 17),
(189, 18),
(207, 19),
(178, 20),
(192, 20),
(304, 20),
(160, 21),
(236, 21),
(179, 22),
(201, 23),
(266, 23),
(190, 24),
(256, 24),
(160, 25),
(217, 25),
(319, 25),
(224, 26),
(284, 26),
(320, 26),
(208, 27),
(14, 28),
(162, 28),
(191, 30),
(257, 30),
(308, 30),
(225, 31),
(288, 31),
(218, 32),
(707, 32),
(163, 33),
(238, 33),
(295, 33),
(202, 34),
(267, 34),
(219, 36),
(284, 36),
(165, 37),
(240, 38),
(643, 38),
(166, 39),
(166, 40),
(15, 41),
(222, 41),
(192, 42),
(258, 42),
(187, 43),
(193, 43),
(259, 43),
(209, 44),
(275, 44),
(315, 44),
(210, 45),
(276, 45),
(315, 45),
(185, 46),
(252, 46),
(306, 46),
(167, 47),
(168, 47),
(296, 47),
(327, 47),
(167, 48),
(168, 48),
(296, 48),
(327, 48),
(194, 49),
(260, 49),
(309, 49),
(330, 49),
(202, 50),
(268, 50),
(313, 50),
(203, 51),
(267, 51),
(269, 51),
(211, 52),
(273, 52),
(277, 52),
(282, 52),
(316, 52),
(324, 52),
(226, 54),
(289, 54),
(321, 54),
(231, 55),
(495, 55),
(169, 56),
(241, 56),
(268, 56),
(642, 57),
(196, 58),
(261, 58),
(310, 58),
(331, 58),
(170, 59),
(196, 59),
(242, 59),
(297, 59),
(16, 60),
(198, 60),
(227, 60),
(171, 61),
(226, 61),
(237, 61),
(298, 61),
(328, 61),
(223, 62),
(287, 62),
(172, 63),
(243, 63),
(299, 63),
(220, 64),
(285, 64),
(173, 66),
(196, 66),
(244, 66),
(300, 66),
(213, 67),
(279, 67),
(318, 67),
(326, 67),
(214, 68),
(280, 68),
(180, 69),
(247, 69),
(174, 70),
(192, 70),
(301, 70),
(162, 71),
(181, 71),
(248, 71),
(204, 72),
(270, 72),
(228, 73),
(291, 73),
(197, 74),
(262, 74),
(175, 75),
(233, 75),
(293, 75),
(323, 75),
(175, 76),
(245, 76),
(302, 76),
(329, 76),
(221, 77),
(286, 77),
(182, 79),
(249, 79),
(201, 80),
(266, 80),
(204, 81),
(229, 81),
(198, 82),
(263, 82),
(311, 82),
(176, 84),
(246, 84),
(303, 84),
(199, 85),
(264, 85),
(199, 86),
(264, 86),
(641, 87),
(885, 87),
(204, 88),
(270, 88),
(199, 89),
(640, 89),
(228, 90),
(291, 90),
(639, 91),
(17, 93),
(638, 93),
(637, 94),
(884, 94),
(636, 95),
(883, 95),
(635, 96),
(830, 96),
(634, 97),
(882, 97),
(1004, 97),
(633, 98),
(632, 99),
(881, 99),
(1003, 99),
(631, 100),
(880, 100),
(630, 101),
(879, 101),
(629, 102),
(878, 102),
(231, 103),
(495, 103),
(877, 103),
(628, 104),
(876, 104),
(1002, 104),
(627, 106),
(875, 106),
(1001, 106),
(622, 107),
(715, 107),
(1000, 107),
(626, 108),
(874, 108),
(999, 108),
(625, 109),
(873, 109),
(998, 109),
(624, 110),
(872, 110),
(623, 111),
(871, 111),
(997, 111),
(622, 112),
(870, 112),
(540, 113),
(621, 113),
(996, 113),
(620, 114),
(869, 114),
(995, 114),
(581, 115),
(619, 115),
(581, 116),
(618, 116),
(581, 117),
(617, 117),
(616, 118),
(868, 118),
(615, 119),
(867, 119),
(614, 120),
(613, 121),
(180, 122),
(722, 122),
(994, 122),
(612, 123),
(866, 123),
(611, 124),
(865, 124),
(284, 127),
(610, 127),
(609, 128),
(863, 128),
(608, 129),
(862, 129),
(992, 129),
(1042, 129),
(312, 130),
(406, 130),
(18, 131),
(607, 131),
(821, 131),
(606, 132),
(862, 132),
(992, 132),
(1042, 132),
(605, 133),
(861, 133),
(982, 133),
(604, 134),
(603, 135),
(19, 136),
(602, 136),
(821, 136),
(600, 137),
(601, 137),
(991, 137),
(1041, 137),
(600, 138),
(601, 138),
(990, 138),
(1040, 138),
(599, 139),
(860, 139),
(598, 140),
(859, 140),
(989, 140),
(597, 141),
(596, 142),
(595, 143),
(435, 144),
(446, 145),
(594, 146),
(858, 146),
(593, 147),
(592, 148),
(857, 148),
(988, 148),
(1039, 148),
(541, 149),
(856, 149),
(987, 149),
(1038, 149),
(581, 150),
(591, 150),
(590, 151),
(289, 152),
(589, 152),
(588, 153),
(855, 153),
(986, 153),
(20, 154),
(587, 154),
(854, 154),
(330, 155),
(853, 155),
(984, 155),
(1037, 155),
(382, 156),
(852, 156),
(983, 156),
(1036, 156),
(1053, 156),
(586, 157),
(851, 157),
(982, 157),
(585, 158),
(584, 159),
(835, 159),
(583, 160),
(850, 160),
(981, 160),
(582, 161),
(849, 161),
(581, 162),
(848, 162),
(580, 163),
(847, 163),
(579, 164),
(846, 164),
(980, 164),
(578, 165),
(845, 165),
(979, 165),
(577, 166),
(576, 167),
(844, 167),
(575, 168),
(574, 169),
(573, 170),
(417, 171),
(843, 171),
(978, 171),
(491, 172),
(572, 172),
(571, 173),
(842, 173),
(570, 174),
(841, 174),
(569, 175),
(840, 175),
(977, 175),
(402, 176),
(568, 176),
(567, 177),
(802, 177),
(566, 178),
(839, 178),
(565, 179),
(838, 179),
(976, 179),
(228, 180),
(291, 180),
(564, 181),
(837, 181),
(975, 181),
(563, 182),
(630, 182),
(562, 183),
(836, 183),
(974, 183),
(561, 184),
(584, 184),
(835, 184),
(192, 185),
(560, 185),
(559, 186),
(558, 187),
(834, 187),
(973, 187),
(557, 188),
(833, 188),
(556, 189),
(832, 189),
(972, 189),
(1035, 189),
(555, 190),
(831, 190),
(554, 191),
(269, 193),
(552, 193),
(269, 194),
(552, 194),
(523, 195),
(553, 195),
(800, 195),
(269, 196),
(552, 196),
(21, 197),
(551, 197),
(829, 197),
(550, 198),
(581, 198),
(549, 199),
(828, 199),
(970, 199),
(548, 200),
(547, 201),
(827, 201),
(546, 202),
(826, 202),
(427, 203),
(825, 203),
(545, 204),
(824, 204),
(969, 204),
(544, 205),
(823, 205),
(543, 206),
(822, 206),
(968, 206),
(1034, 206),
(542, 209),
(821, 209),
(541, 210),
(820, 210),
(967, 210),
(426, 212),
(540, 212),
(621, 212),
(539, 213),
(819, 213),
(164, 214),
(239, 214),
(966, 214),
(538, 215),
(818, 215),
(965, 215),
(537, 216),
(817, 216),
(536, 217),
(816, 217),
(408, 218),
(700, 218),
(907, 218),
(330, 219),
(815, 219),
(535, 220),
(488, 221),
(488, 222),
(534, 223),
(814, 223),
(964, 223),
(1033, 223),
(533, 224),
(813, 224),
(936, 224),
(532, 225),
(812, 225),
(963, 225),
(1032, 225),
(531, 226),
(811, 226),
(962, 226),
(964, 226),
(1031, 226),
(1052, 226),
(530, 227),
(523, 228),
(553, 228),
(800, 228),
(529, 229),
(810, 229),
(961, 229),
(528, 230),
(809, 230),
(523, 231),
(553, 231),
(800, 231),
(22, 232),
(527, 232),
(960, 232),
(448, 233),
(807, 233),
(959, 233),
(1030, 233),
(1051, 233),
(448, 234),
(806, 234),
(958, 234),
(448, 235),
(805, 235),
(957, 235),
(1029, 235),
(1050, 235),
(1054, 235),
(448, 236),
(804, 236),
(956, 236),
(1028, 236),
(1049, 236),
(526, 237),
(803, 237),
(525, 238),
(567, 238),
(802, 238),
(524, 239),
(801, 239),
(523, 240),
(553, 240),
(800, 240),
(523, 241),
(553, 241),
(800, 241),
(522, 242),
(799, 242),
(521, 243),
(798, 243),
(520, 244),
(797, 244),
(23, 246),
(519, 246),
(518, 247),
(795, 247),
(517, 248),
(794, 248),
(24, 249),
(516, 249),
(514, 251),
(792, 251),
(955, 251),
(515, 252),
(514, 254),
(792, 254),
(954, 254),
(513, 255),
(791, 255),
(953, 255),
(231, 256),
(495, 256),
(512, 257),
(790, 257),
(952, 257),
(1027, 257),
(511, 259),
(789, 259),
(457, 260),
(788, 260),
(951, 260),
(1026, 260),
(1048, 260),
(25, 261),
(26, 261),
(27, 261),
(509, 262),
(786, 262),
(949, 262),
(508, 264),
(785, 264),
(507, 265),
(784, 265),
(28, 266),
(506, 266),
(783, 266),
(948, 266),
(505, 267),
(782, 267),
(947, 267),
(504, 268),
(781, 268),
(946, 268),
(417, 269),
(733, 269),
(945, 269),
(503, 270),
(780, 270),
(502, 271),
(779, 271),
(385, 272),
(501, 272),
(500, 273),
(778, 273),
(500, 274),
(777, 274),
(499, 275),
(776, 275),
(944, 275),
(497, 276),
(775, 276),
(497, 277),
(774, 277),
(497, 278),
(773, 278),
(385, 279),
(498, 279),
(943, 279),
(1024, 279),
(497, 280),
(772, 280),
(497, 281),
(771, 281),
(411, 282),
(496, 282),
(770, 282),
(231, 283),
(495, 283),
(877, 283),
(231, 284),
(495, 284),
(494, 285),
(769, 285),
(942, 285),
(1023, 285),
(1047, 285),
(494, 286),
(769, 286),
(942, 286),
(1023, 286),
(306, 287),
(494, 287),
(769, 287),
(942, 287),
(1023, 287),
(493, 288),
(768, 288),
(941, 288),
(492, 289),
(491, 290),
(572, 290),
(490, 291),
(767, 291),
(940, 291),
(488, 293),
(487, 294),
(765, 294),
(939, 294),
(486, 295),
(479, 296),
(764, 296),
(938, 296),
(485, 297),
(763, 297),
(484, 298),
(762, 298),
(483, 299),
(29, 300),
(482, 300),
(761, 300),
(481, 301),
(760, 301),
(937, 301),
(480, 302),
(204, 303),
(270, 303),
(479, 304),
(759, 304),
(764, 304),
(478, 305),
(758, 305),
(158, 307),
(757, 307),
(477, 308),
(756, 308),
(445, 309),
(729, 309),
(476, 310),
(755, 310),
(433, 313),
(475, 314),
(474, 315),
(533, 315),
(936, 315),
(1022, 315),
(473, 316),
(753, 316),
(935, 316),
(472, 317),
(752, 317),
(934, 317),
(1021, 317),
(1046, 317),
(471, 318),
(751, 318),
(470, 319),
(457, 320),
(457, 321),
(162, 322),
(469, 322),
(468, 323),
(750, 323),
(467, 324),
(749, 324),
(256, 326),
(465, 326),
(932, 326),
(464, 327),
(745, 327),
(746, 327),
(464, 328),
(745, 328),
(463, 329),
(437, 330),
(744, 330),
(931, 330),
(1017, 330),
(1044, 330),
(462, 331),
(461, 332),
(743, 332),
(437, 333),
(742, 333),
(930, 333),
(1020, 333),
(460, 334),
(741, 334),
(459, 335),
(740, 335),
(929, 335),
(458, 336),
(739, 336),
(457, 338),
(456, 339),
(738, 339),
(455, 340),
(737, 340),
(454, 341),
(736, 341),
(928, 341),
(453, 342),
(424, 343),
(452, 343),
(735, 343),
(30, 344),
(451, 344),
(927, 344),
(450, 345),
(733, 345),
(926, 345),
(1019, 345),
(449, 346),
(732, 346),
(448, 347),
(731, 347),
(925, 347),
(1018, 347),
(1045, 347),
(447, 349),
(730, 349),
(446, 350),
(445, 351),
(729, 351),
(923, 351),
(395, 352),
(676, 352),
(690, 352),
(444, 353),
(395, 354),
(676, 354),
(690, 354),
(443, 355),
(728, 355),
(922, 355),
(442, 356),
(727, 356),
(440, 358),
(725, 358),
(889, 358),
(921, 358),
(180, 359),
(439, 359),
(722, 359),
(438, 360),
(437, 361),
(723, 361),
(744, 361),
(1017, 361),
(1044, 361),
(436, 362),
(435, 363),
(204, 364),
(270, 364),
(417, 365),
(722, 365),
(920, 365),
(988, 365),
(434, 366),
(721, 366),
(433, 367),
(432, 368),
(720, 368),
(377, 369),
(431, 369),
(719, 369),
(919, 369),
(1016, 369),
(430, 370),
(718, 370),
(918, 370),
(429, 371),
(717, 371),
(428, 372),
(716, 372),
(417, 373),
(715, 373),
(917, 373),
(212, 374),
(274, 374),
(278, 374),
(317, 374),
(325, 374),
(427, 375),
(714, 375),
(426, 376),
(713, 376),
(916, 376),
(204, 377),
(425, 377),
(204, 378),
(425, 378),
(31, 379),
(424, 379),
(915, 379),
(423, 380),
(712, 380),
(422, 381),
(711, 381),
(914, 381),
(1015, 381),
(421, 382),
(710, 382),
(913, 382),
(1014, 382),
(420, 383),
(419, 384),
(418, 385),
(709, 385),
(912, 385),
(1013, 385),
(417, 386),
(708, 386),
(911, 386),
(1012, 386),
(416, 387),
(707, 387),
(415, 388),
(418, 388),
(706, 388),
(910, 388),
(413, 389),
(414, 390),
(705, 390),
(909, 390),
(413, 391),
(412, 392),
(704, 392),
(411, 393),
(496, 393),
(703, 393),
(410, 394),
(702, 394),
(409, 395),
(701, 395),
(908, 395),
(408, 396),
(700, 396),
(907, 396),
(407, 397),
(699, 397),
(312, 398),
(406, 398),
(405, 399),
(698, 399),
(906, 399),
(401, 400),
(697, 400),
(404, 401),
(673, 401),
(403, 402),
(673, 402),
(401, 404),
(696, 404),
(400, 405),
(695, 405),
(399, 406),
(694, 406),
(352, 407),
(660, 407),
(32, 408),
(398, 408),
(905, 408),
(1011, 408),
(397, 409),
(692, 409),
(904, 409),
(1010, 409),
(162, 410),
(181, 410),
(248, 410),
(396, 411),
(691, 411),
(903, 411),
(395, 412),
(676, 412),
(690, 412),
(33, 413),
(390, 413),
(394, 413),
(392, 415),
(688, 415),
(391, 416),
(687, 416),
(33, 417),
(390, 417),
(394, 417),
(389, 418),
(686, 418),
(388, 419),
(387, 420),
(685, 420),
(901, 420),
(1009, 420),
(386, 421),
(355, 422),
(385, 422),
(900, 422),
(384, 423),
(684, 423),
(383, 424),
(683, 424),
(382, 425),
(381, 426),
(682, 426),
(899, 426),
(380, 427),
(681, 427),
(379, 428),
(680, 428),
(374, 429),
(378, 430),
(377, 431),
(679, 431),
(898, 431),
(1008, 431),
(1043, 431),
(376, 432),
(678, 432),
(34, 433),
(375, 433),
(677, 433),
(897, 433),
(374, 434),
(676, 434),
(373, 435),
(675, 435),
(896, 435),
(372, 436),
(674, 436),
(371, 437),
(673, 437),
(370, 438),
(672, 438),
(369, 440),
(671, 440),
(368, 441),
(670, 441),
(895, 441),
(367, 442),
(669, 442),
(894, 442),
(35, 443),
(343, 443),
(366, 443),
(889, 443),
(365, 444),
(364, 445),
(363, 446),
(668, 446),
(893, 446),
(36, 447),
(362, 447),
(361, 448),
(591, 448),
(358, 449),
(665, 449),
(891, 449),
(360, 450),
(666, 450),
(892, 450),
(1007, 450),
(359, 451),
(358, 452),
(665, 452),
(891, 452),
(358, 453),
(665, 453),
(891, 453),
(357, 454),
(451, 454),
(355, 456),
(663, 456),
(354, 457),
(662, 457),
(890, 457),
(353, 458),
(661, 458),
(351, 460),
(659, 460),
(350, 461),
(427, 461),
(658, 461),
(336, 462),
(349, 462),
(657, 462),
(348, 463),
(656, 463),
(336, 464),
(345, 464),
(347, 464),
(37, 465),
(346, 465),
(655, 465),
(336, 466),
(345, 466),
(347, 466),
(344, 467),
(35, 468),
(343, 468),
(366, 468),
(889, 468),
(39, 469),
(342, 469),
(654, 469),
(888, 469),
(341, 470),
(653, 470),
(340, 471),
(652, 471),
(887, 471),
(339, 472),
(651, 472),
(886, 472),
(336, 473),
(338, 473),
(650, 473),
(337, 474),
(649, 474),
(336, 475),
(648, 475),
(335, 476),
(336, 476),
(647, 476),
(334, 477),
(333, 478),
(336, 478),
(646, 478),
(40, 479),
(332, 479),
(41, 480),
(803, 480),
(42, 482),
(43, 482),
(44, 482),
(352, 483),
(660, 483),
(45, 484),
(46, 484),
(47, 484),
(46, 485),
(48, 485),
(49, 486),
(50, 486),
(179, 486),
(51, 487),
(417, 487),
(715, 487),
(43, 488),
(44, 488),
(52, 488),
(53, 489),
(54, 489),
(55, 489),
(56, 490),
(57, 490),
(58, 490),
(59, 490),
(56, 491),
(57, 491),
(60, 491),
(61, 492),
(62, 492),
(63, 493),
(64, 493),
(65, 493),
(66, 494),
(604, 494),
(197, 495),
(262, 495),
(67, 496),
(68, 496),
(336, 496),
(69, 497),
(823, 497),
(70, 498),
(71, 498),
(72, 499),
(73, 499),
(74, 499),
(75, 500),
(76, 500),
(77, 500),
(72, 501),
(75, 501),
(76, 501),
(75, 502),
(76, 502),
(78, 503),
(79, 503),
(206, 503),
(80, 504),
(81, 504),
(82, 505),
(83, 506),
(84, 507),
(85, 508),
(86, 508),
(87, 508),
(88, 509),
(89, 509),
(90, 509),
(398, 509),
(18, 510),
(91, 510),
(92, 510),
(18, 511),
(91, 511),
(93, 511),
(85, 512),
(86, 512),
(94, 512),
(398, 512),
(85, 513),
(95, 513),
(96, 513),
(398, 513),
(72, 514),
(73, 514),
(74, 514),
(75, 515),
(76, 515),
(97, 515),
(98, 516),
(99, 516),
(100, 517),
(101, 517),
(102, 518),
(819, 518),
(103, 519),
(104, 519),
(105, 519),
(106, 520),
(107, 520),
(108, 520),
(462, 521),
(109, 523),
(110, 523),
(111, 524),
(112, 524),
(75, 525),
(76, 525),
(97, 525),
(113, 525),
(75, 526),
(76, 526),
(114, 526),
(75, 527),
(76, 527),
(97, 527),
(115, 528),
(116, 528),
(117, 529),
(118, 529),
(119, 529),
(120, 530),
(121, 530),
(435, 531),
(590, 531),
(122, 532),
(123, 533),
(417, 533),
(708, 533),
(124, 534),
(125, 534),
(126, 534),
(127, 535),
(128, 535),
(129, 537),
(130, 538),
(131, 538),
(132, 538),
(133, 539),
(134, 540),
(135, 541),
(136, 541),
(137, 541),
(541, 541),
(138, 542),
(139, 542),
(140, 542),
(139, 543),
(140, 543),
(141, 543),
(139, 544),
(140, 544),
(142, 544),
(139, 545),
(141, 545),
(143, 545),
(144, 546),
(145, 546),
(93, 547),
(133, 548),
(72, 549),
(73, 549),
(74, 549),
(72, 550),
(73, 550),
(74, 550),
(75, 551),
(146, 551),
(715, 551),
(147, 552),
(148, 553),
(149, 554),
(150, 555),
(91, 556),
(151, 557),
(152, 557),
(153, 558),
(72, 559),
(154, 559),
(91, 560),
(91, 561),
(104, 562),
(155, 562),
(156, 562),
(157, 563);

-- --------------------------------------------------------

--
-- Table structure for table `chairperson`
--

CREATE TABLE IF NOT EXISTS `chairperson` (
  `id` int(10) unsigned NOT NULL,
  PRIMARY KEY (`id`),
  KEY `fk_chairperson_users` (`id`)
) ENGINE=InnoDB DEFAULT CHARSET=latin1;

--
-- Dumping data for table `chairperson`
--

INSERT INTO `chairperson` (`id`) VALUES
(1),
(2),
(5),
(6),
(9);

-- --------------------------------------------------------

--
-- Table structure for table `entry`
--

CREATE TABLE IF NOT EXISTS `entry` (
  `id` int(10) unsigned NOT NULL,
  PRIMARY KEY (`id`),
  KEY `fk_entry_users` (`id`)
) ENGINE=InnoDB DEFAULT CHARSET=latin1;

--
-- Dumping data for table `entry`
--

INSERT INTO `entry` (`id`) VALUES
(3);

-- --------------------------------------------------------

--
-- Table structure for table `managers`
--

CREATE TABLE IF NOT EXISTS `managers` (
  `id` int(10) unsigned NOT NULL,
  PRIMARY KEY (`id`),
  KEY `fk_manager_users` (`id`)
) ENGINE=InnoDB DEFAULT CHARSET=latin1;

--
-- Dumping data for table `managers`
--

INSERT INTO `managers` (`id`) VALUES
(2),
(6),
(7),
(8),
(9);

-- --------------------------------------------------------

--
-- Table structure for table `paper`
--

CREATE TABLE IF NOT EXISTS `paper` (
  `id` int(10) unsigned NOT NULL AUTO_INCREMENT,
  `title` varchar(500) DEFAULT NULL,
  `type` enum('ltp','stp','pst') DEFAULT NULL,
  `description` text,
  `tracks_id` int(10) unsigned NOT NULL,
  `chairperson_id` int(10) unsigned NOT NULL,
  `crc` tinyint(1) NOT NULL DEFAULT '0',
  `copyright` tinyint(1) NOT NULL DEFAULT '0',
  `pages` int(11) NOT NULL,
  PRIMARY KEY (`id`,`tracks_id`,`chairperson_id`),
  KEY `fk_paper_tracks1` (`tracks_id`)
) ENGINE=InnoDB  DEFAULT CHARSET=latin1 AUTO_INCREMENT=564 ;

--
-- Dumping data for table `paper`
--

INSERT INTO `paper` (`id`, `title`, `type`, `description`, `tracks_id`, `chairperson_id`, `crc`, `copyright`, `pages`) VALUES
(1, 'Template Matching Using Sum and Difference in Pixel Intensities', 'ltp', '                                        ', 1, 0, 1, 1, 0),
(1, 'Template Matching Using Sum and Difference in Pixel Intensities', NULL, NULL, 1, 1, 0, 0, 0),
(2, 'Constructing Minimum Connected Dominating set: Algorithmic Approach', NULL, NULL, 1, 0, 1, 1, 0),
(2, 'Constructing Minimum Connected Dominating set: Algorithmic Approach', NULL, NULL, 1, 1, 0, 0, 0),
(3, 'An Integrated High-Performance Distributed File System Implementation on Existing Local Network', NULL, NULL, 1, 0, 1, 1, 0),
(3, 'An Integrated High-Performance Distributed File System Implementation on Existing Local Network', NULL, NULL, 1, 1, 0, 0, 0),
(4, 'Novel Algorithm for Iriscode Organization and Adaptive Searching for IRIS code Similarity', NULL, NULL, 1, 0, 1, 1, 0),
(4, 'Novel Algorithm for Vlob Iriscode Organization and Adaptive Searching for IRIS code Similarity', NULL, NULL, 1, 1, 0, 0, 0),
(5, 'Dynamic Call Management for Congestion control in Cellular Networks', NULL, NULL, 1, 0, 1, 1, 0),
(5, 'Dynamic Call Management for Congestion control in Cellular Networks', NULL, NULL, 1, 1, 0, 0, 0),
(6, 'On some security issuses in cloud computing environment', NULL, NULL, 1, 0, 1, 1, 0),
(6, 'On some security issuses in cloud computing environment', NULL, NULL, 1, 1, 0, 0, 0),
(7, 'Digital Image Processing Techniques Based on Edge Feature Extraction', NULL, NULL, 1, 0, 1, 1, 0),
(7, 'Digital Image Processing Techniques Based on Edge Feature Extraction', NULL, NULL, 1, 1, 0, 0, 0),
(8, 'Synthetic Biology : Apoptosis and Cancer', NULL, NULL, 1, 0, 1, 1, 0),
(8, 'Synthetic Biology : Apoptosis and Cancer', NULL, NULL, 1, 1, 0, 0, 0),
(9, 'Medical Image Segmentation for Brain Tumor Detection', NULL, NULL, 1, 0, 1, 1, 0),
(9, 'Medical Image Segmentation for Brain Tumor Detection', NULL, NULL, 1, 1, 0, 0, 0),
(10, 'Modeling and Simulation of 2-D GaAs MESFET under Illumination', NULL, NULL, 1, 0, 1, 1, 0),
(10, 'Modeling and Simulation of 2-D GaAs MESFET under Illumination', NULL, NULL, 1, 1, 0, 0, 0),
(11, 'FPGA Based GPS System Design', NULL, NULL, 1, 0, 1, 1, 0),
(11, 'FPGA Based GPS System Design', NULL, NULL, 1, 1, 0, 0, 0),
(12, 'An Efficient Character Recognition System for Combinational Malayalam Handwritten Characters', NULL, NULL, 1, 0, 1, 1, 0),
(12, 'An Efficient Character Recognition System for Combinational Malayalam Handwritten Characters', NULL, NULL, 1, 1, 0, 0, 0),
(13, 'AIRCRAFT TARGET TRACKING', NULL, NULL, 1, 0, 1, 1, 0),
(13, 'AIRCRAFT TARGET TRACKING', NULL, NULL, 1, 1, 0, 0, 0),
(14, 'Nano-technology an Innovations for Non Conventional Energy Sources', NULL, NULL, 1, 0, 1, 1, 0),
(14, 'Nano-technology an Innovations for Non Conventional Energy Sources', NULL, NULL, 1, 1, 0, 0, 0),
(15, 'Reduction of adjacent channel interference using OFDM', NULL, NULL, 1, 0, 1, 1, 0),
(15, 'Reduction of adjacent channel interference using OFDM', NULL, NULL, 1, 1, 0, 0, 0),
(16, 'WAVELETS FOR MOVING VEHICLES DETECTION AND TRACKING IN TRAFFIC MONITORING SYSTEMS', NULL, NULL, 1, 0, 1, 1, 0),
(16, 'WAVELETS FOR MOVING VEHICLES DETECTION AND TRACKING IN TRAFFIC MONITORING SYSTEMS', NULL, NULL, 1, 1, 0, 0, 0),
(17, 'Normal Mode to Axial Mode Conversion of Helical Antenna by Using Cavity', NULL, NULL, 1, 0, 1, 1, 0),
(17, 'Normal Mode to Axial Mode Conversion of Helical Antenna by Using Cavity', NULL, NULL, 1, 1, 0, 0, 0),
(18, 'Statistically Computed Signal Analysis in Antenna Array', NULL, NULL, 1, 0, 1, 1, 0),
(18, 'Statistically Computed Signal Analysis in Antenna Array', NULL, NULL, 1, 1, 0, 0, 0),
(19, 'REVIEW ON IMPULSE RADIATING ANTENNAS', NULL, NULL, 1, 0, 1, 1, 0),
(19, 'HIGH POWER MICROWAVES', NULL, NULL, 1, 1, 0, 0, 0),
(20, 'Probabilistic Approach in Video Based Face Recognition', NULL, NULL, 1, 0, 1, 1, 0),
(20, 'Probabilistic Approach in Video Based Face Recognition', NULL, NULL, 1, 1, 0, 0, 0),
(21, 'Error correction over wireless channels using symmetric cryptography', NULL, NULL, 1, 0, 1, 1, 0),
(21, 'Error correction over wireless channels using symmetric cryptography', NULL, NULL, 1, 1, 0, 0, 0),
(22, 'Consensus based Dynamic Load Balancing for a Network of Heterogeneous Workstations', NULL, NULL, 1, 0, 1, 1, 0),
(22, 'Consensus based Dynamic Load Balancing for a Network of Heterogeneous Workstations', NULL, NULL, 1, 1, 0, 0, 0),
(23, 'Data Mining: A Perspective', NULL, NULL, 1, 0, 1, 1, 0),
(23, 'Data Mining: A Perspective', NULL, NULL, 1, 1, 0, 0, 0),
(24, 'Improved Dynamic Model for Policy Based Access Control', NULL, NULL, 1, 0, 1, 1, 0),
(24, 'Improved Dynamic Model for Policy Based Access Control', NULL, NULL, 1, 1, 0, 0, 0),
(25, 'Online monitoring system of Temperature', NULL, NULL, 1, 0, 1, 1, 0),
(25, 'Online monitoring system of Temperature', NULL, NULL, 1, 1, 0, 0, 0),
(26, 'Neural Network Based Sensor Drift Compensation of Induction Motor', NULL, NULL, 1, 0, 1, 1, 0),
(26, 'Neural Network Based Sensor Drift Compensation of Induction Motor', NULL, NULL, 1, 1, 0, 0, 0),
(27, 'Device Control Using Speech Recognition', NULL, NULL, 1, 0, 1, 1, 0),
(27, 'Device Control Using Speech Recognition', NULL, NULL, 1, 1, 0, 0, 0),
(28, 'Resource Optimization in a LAN Environment Using SMIG-Shared Memory Integrated with Grid', NULL, NULL, 1, 0, 1, 1, 0),
(28, 'Resource Optimization in a LAN Environment Using SMIG-Shared Memory Integrated with Grid', NULL, NULL, 1, 1, 0, 0, 0),
(30, 'Broadband over powerline communication', NULL, NULL, 1, 0, 1, 1, 0),
(30, 'Broadband over powerline communication', NULL, NULL, 1, 1, 0, 0, 0),
(31, 'Dynamic Interplay as a search operation using ‘Natural user interfaces’ and ‘Rich presentation''', 'ltp', '        ', 1, 0, 1, 1, 0),
(31, 'Dynamic Interplay as a search operation using ?Natural user interfaces? and ?Rich presentation''', NULL, NULL, 1, 1, 0, 0, 0),
(32, 'ASSIST - Automated System for Surgical Instrument and Sponge Tracking', NULL, NULL, 1, 1, 0, 0, 0),
(32, 'ASSIST - Automated System for Surgical Instrument and Sponge Tracking', 'ltp', '        ', 17, 0, 1, 1, 0),
(33, 'HawkEye Solutions: A Network Intrusion Detection System', NULL, NULL, 1, 1, 0, 0, 0),
(33, 'HawkEye Solutions: A Network Intrusion Detection System', 'ltp', '        ', 3, 0, 1, 1, 0),
(34, 'Focused Cralwler with revisit policy', NULL, NULL, 1, 1, 0, 0, 0),
(34, 'Focused Cralwler with revisit policy', 'ltp', '        ', 4, 0, 1, 1, 0),
(35, 'Statistical Texture Analysis for Automated Leukemia Detection in Blood Microscopic Images', 'ltp', '        ', 3, 0, 1, 1, 0),
(36, 'SPWM BASED Z-SOURCE INVERTER FOR INDUCTION MOTOR', NULL, NULL, 1, 1, 0, 0, 0),
(36, 'SPWM BASED Z-SOURCE INVERTER FOR INDUCTION MOTOR', 'ltp', '        ', 17, 0, 1, 1, 0),
(37, 'Comparison of Different CBIR Techniques', NULL, NULL, 1, 1, 0, 0, 0),
(37, 'Comparison of Different CBIR Techniques', 'ltp', '        ', 3, 0, 1, 1, 0),
(38, 'Implementation of Incremental Encoder based Position and Velocity Measurement Chip', NULL, NULL, 1, 1, 0, 0, 0),
(38, 'Implementation of Incremental Encoder based Position and Velocity Measurement Chip', 'ltp', '        ', 3, 0, 1, 1, 0),
(39, 'Named Entity Recognition: Case Study', NULL, NULL, 1, 1, 0, 0, 0),
(39, 'Named Entity Recognition: Case Study', 'ltp', '        ', 3, 0, 1, 1, 0),
(40, 'Hidden Markov Model: Case Study', NULL, NULL, 1, 1, 0, 0, 0),
(40, 'Hidden Markov Model: Case Study', 'ltp', '        ', 3, 0, 1, 1, 0),
(41, 'VIVACE (vortex induced vibrations for aquatic clean energy)', NULL, NULL, 1, 1, 0, 0, 0),
(41, 'VIVACE (vortex induced vibrations for aquatic clean energy)', 'ltp', '        ', 14, 0, 1, 1, 0),
(42, 'ID Based Public Key Cryptography for Heterogeneous Wireless Sensor Networks', NULL, NULL, 1, 1, 0, 0, 0),
(42, 'ID Based Public Key Cryptography for Heterogeneous Wireless Sensor Networks', 'ltp', '        ', 2, 0, 1, 1, 0),
(43, 'MODELING LATENCY FOR 3G MOBILE NETWORK', NULL, NULL, 1, 1, 0, 0, 0),
(43, 'MODELING LATENCY FOR 3G MOBILE NETWORK', 'ltp', '        ', 2, 0, 1, 1, 0),
(44, 'ANALYSIS OF BACK GATE AND GATE ALL AROUND CNTFET STRUCTURE', NULL, NULL, 1, 1, 0, 0, 0),
(44, 'ANALYSIS OF BACK GATE AND GATE ALL AROUND CNTFET STRUCTURE', 'ltp', '        ', 6, 0, 1, 1, 0),
(45, 'Enhancement in the performance of CNTFET by the use of high-k dielectric, HfO2', NULL, NULL, 1, 1, 0, 0, 0),
(45, 'Enhancement in the properties of CNTFET by the use of high-k dielectric, HfO2', 'ltp', '        ', 6, 0, 1, 1, 0),
(46, 'APPLICATION OF EXPERT SYSTEM FOR ARRHYTHMIA ANALYSIS', NULL, NULL, 1, 1, 0, 0, 0),
(46, 'APPLICATION OF EXPERT SYSTEM FOR ARRHYTHMIA ANALYSIS', 'ltp', '        ', 5, 0, 1, 1, 0),
(47, 'Mitigating Denial of Service attack using CAPTCHA mechanism', NULL, NULL, 1, 1, 0, 0, 0),
(47, 'Mitigating Denial of Service attack using CAPTCHA mechanism', 'ltp', '        ', 3, 0, 1, 1, 0),
(48, 'Secure Authentication using Dynamic Virtual Keyboard Layout', NULL, NULL, 1, 1, 0, 0, 0),
(48, 'Secure Authentication using Dynamic Virtual Keyboard Layout', 'ltp', '        ', 3, 0, 1, 1, 0),
(49, 'A New data encryption & decryption Algorithm(PSZ proposed):A Comparison with RSA', NULL, NULL, 1, 1, 0, 0, 0),
(49, 'A New data encryption & decryption Algorithm(PSZ proposed):A Comparison with RSA', 'ltp', '        ', 2, 0, 1, 1, 0),
(50, 'Freshness Tuning in Focused Crawler', NULL, NULL, 1, 1, 0, 0, 0),
(50, 'Freshness Tuning in Focused Crawler', 'ltp', '        ', 4, 0, 1, 1, 0),
(51, 'Understanding The Spatial Database Concept By Developing City Map With The Help Of Oracle Spatial', NULL, NULL, 1, 1, 0, 0, 0),
(51, 'Understanding The Spatial Database Concept By Developing City Map With The Help Of Oracle Spatial', 'ltp', '        ', 4, 0, 1, 1, 0),
(52, 'Oxidised Macro Porous Silicon Based thermal isolation in the design of Microheater for MEMS based gas sensors', NULL, NULL, 1, 1, 0, 0, 0),
(52, 'Oxidised Macro Porous Silicon Based thermal isolation in the design of Microheater for MEMS based gas sensors', 'ltp', '        ', 6, 0, 1, 1, 0),
(53, 'An Explicit Approach for Delay Evaluation for On- Chip RC Interconnects using Beta Distribution Function using Three Moments', 'ltp', '        ', 6, 0, 1, 1, 0),
(54, 'A Novel Multialgorithmic Approach for Improving Accuracy of Iris Recognition using Haar, Multiresolution and New Block Sum Method', 'ltp', '        ', 1, 0, 1, 1, 0),
(54, 'A Novel Multialgorithmic Approach for Improving Accuracy of Iris Recognition using Haar, Multiresolution and New Block Sum Method', NULL, NULL, 1, 1, 0, 0, 0),
(55, 'IMPACT OF ERP ON CORPORATE PERFORMANCE', NULL, NULL, 1, 1, 0, 0, 0),
(55, 'IMPACT OF ERP ON CORPORATE PERFORMANCE', 'ltp', '        ', 15, 0, 1, 1, 0),
(56, '?Phishing Email-A Type of Mass Attack used by Fradulents?', NULL, NULL, 1, 1, 0, 0, 0),
(56, '“Phishing Email-A Type of Mass Attack used by Fradulents”', 'ltp', '        ', 3, 0, 1, 1, 0),
(57, 'Performance Analysis of (AIMM-I46) Addressing, Inter-Mobility and Interoperability Management Architecture between IPv4 and IPv6 Networks', NULL, NULL, 1, 1, 0, 0, 0),
(57, 'Performance Analysis of (AIMM-I46) Addressing, Inter-Mobility and Interoperability Management Architecture between IPv4 and IPv6 Networks', 'ltp', '', 2, 0, 1, 1, 0),
(58, 'Congestion Control In Wireless Communication System', NULL, NULL, 1, 0, 1, 1, 0),
(58, 'Congestion Control In Wireless Communication System', NULL, NULL, 1, 1, 0, 0, 0),
(59, 'A Survey : Cloud Computing An Uber Technology', NULL, NULL, 1, 1, 0, 0, 0),
(59, 'A Survey : Cloud Computing An Uber Technology', 'ltp', '        ', 3, 0, 1, 1, 0),
(60, 'optical Wireless Communication System for Atmospheric Turbulence', 'ltp', '        ', 1, 0, 1, 1, 0),
(60, 'optical Wireless Communication System for Atmospheric Turbulence', NULL, NULL, 1, 1, 0, 0, 0),
(61, 'Virtual Mannequin: 3D Parameterized Human Modeling', NULL, NULL, 1, 1, 0, 0, 0),
(61, 'Virtual Mannequin: 3D Parameterized Human Modeling', 'ltp', '                ', 3, 0, 1, 1, 0),
(62, 'Steps to Reduce Global warming ? Power management in LAN by Java LAN Controller', NULL, NULL, 1, 1, 0, 0, 0),
(62, 'Steps to Reduce Global warming – Power management in LAN by Java LAN Controller', 'ltp', '        ', 14, 0, 1, 1, 0),
(63, 'Reconstruction of Lost Image Blocks In Wireless Transmission & Compression Using Structure and Texture Filling-in', NULL, NULL, 1, 1, 0, 0, 0),
(63, 'Reconstruction of Lost Image Blocks In Wireless Transmission & Compression Using Structure and Texture Filling-in', 'ltp', '        ', 3, 0, 1, 1, 0),
(64, 'AN ADAPTIVE CURRENT CONTROLLER FOR REDUCTION OF COMMUTATION TORQUE RIPPLE IN A SENSORLESS BLDC DRIVE', NULL, NULL, 1, 1, 0, 0, 0),
(64, 'AN ADAPTIVE CURRENT CONTROLLER FOR REDUCTION OF COMMUTATION TORQUE RIPPLE IN A SENSORLESS BLDC DRIVE', 'ltp', '        ', 17, 0, 1, 1, 0),
(66, 'Honeypot: A Survey of Technologies, Tools and Deployment', NULL, NULL, 1, 1, 0, 0, 0),
(66, 'Honeypot: A Survey of Technologies, Tools and Deployment', 'ltp', '        ', 3, 0, 1, 1, 0),
(67, 'SUBSTRATE INTEGRATED CIRCUITS - A NEW ERA IN MILLIMETER RANGE CIRCUITS', NULL, NULL, 1, 1, 0, 0, 0),
(67, 'SUBSTRATE INTEGRATED CIRCUITS - A NEW ERA IN MILLIMETER RANGE CIRCUITS', 'ltp', '        ', 6, 0, 1, 1, 0),
(68, 'A Novel OTA and FVF based Second Generation Current Conveyor', NULL, NULL, 1, 1, 0, 0, 0),
(68, 'A Novel OTA and FVF based Second Generation Current Conveyor', 'ltp', '        ', 6, 0, 1, 1, 0),
(69, 'Full DST Sectorization for Feature Vector Generation in Content Based Image Retrieval', 'ltp', '        ', 1, 0, 1, 1, 0),
(69, 'Full DST Sectorization for Feature Vector Generation in Content Based Image Retrieval', NULL, NULL, 1, 1, 0, 0, 0),
(70, 'VIEW BASED APPROACH FOR RECOGNITION OF HUMAN MOVEMENT', 'ltp', '        ', 1, 0, 1, 1, 0),
(70, 'VIEW BASED APPROACH FOR RECOGNITION OF HUMAN MOVEMENT', NULL, NULL, 1, 1, 0, 0, 0),
(71, 'Design of File size and Type of Access Based Replication Algorithm for Data Grid', NULL, NULL, 1, 0, 1, 1, 0),
(71, 'Design of File size and Type of Access Based Replication Algorithm for Data Grid', NULL, NULL, 1, 1, 0, 0, 0),
(72, 'A Survey of Issues of Query Optimization in parallel databases', NULL, NULL, 1, 0, 1, 1, 0),
(72, 'A Survey of Issues of Query Optimization in parallel databases', NULL, NULL, 1, 1, 0, 0, 0),
(73, 'Offline Signature Verification System Based On Discrete Cosine Transform', NULL, NULL, 1, 0, 1, 1, 0),
(73, 'Offline Signature Verification System Based On Discrete Cosine Transform', NULL, NULL, 1, 1, 0, 0, 0),
(74, 'ROBUST SPEECH TRANSFORM FOR CUE-SYMBOL GENERATION', NULL, NULL, 1, 0, 1, 1, 0),
(74, 'ROBUST SPEECH TRANSFORM FOR CUE-SYMBOL GENERATION', NULL, NULL, 1, 1, 0, 0, 0),
(75, 'Multimedia Resource Library Using Video Streaming', NULL, NULL, 1, 0, 1, 1, 0),
(75, 'Multimedia Resource Library Using Video Streaming', NULL, NULL, 1, 1, 0, 0, 0),
(76, 'Speech Activated Navigator with Virtual Interface', NULL, NULL, 1, 0, 1, 1, 0),
(76, 'Speech Activated Navigator with Virtual Interface', NULL, NULL, 1, 1, 0, 0, 0),
(77, 'Study of Variation of Total Harmonic Distortion in Diode Clamped Multilevel Inverter with Modulation Index', NULL, NULL, 1, 0, 1, 1, 0),
(77, 'Study of Variation of Total Harmonic Distortion in Diode Clamped Multilevel Inverter with Modulation Index', NULL, NULL, 1, 1, 0, 0, 0),
(79, 'Performance of IRLS Algorithm in Compressive Sensing', NULL, NULL, 1, 0, 1, 1, 0),
(79, 'Performance of IRLS Algorithm in Compressive Sensing', NULL, NULL, 1, 1, 0, 0, 0),
(80, 'Data Mining: A perspective', NULL, NULL, 1, 0, 1, 1, 0),
(80, 'Data Mining: A perspective', NULL, NULL, 1, 1, 0, 0, 0),
(81, 'A Novel Approach For Research Paper Abstracts Summarization Using Cluster Based Sentence Extraction', NULL, NULL, 1, 0, 1, 1, 0),
(81, 'A Novel Approach For Research Paper Abstracts Summarization Using Cluster Based Sentence Extraction', NULL, NULL, 1, 1, 0, 0, 0),
(82, 'Performance analysis of AWG Demux for Optical network', NULL, NULL, 1, 0, 1, 1, 0),
(82, 'Performance analysis of AWG Demux for Optical network', NULL, NULL, 1, 1, 0, 0, 0),
(83, 'Design of 1 V CMOS VCO followed by Proposed Source Degeneration based CML Flip-Flops for 2.4 GHz Short Range Wireless Applications.', NULL, NULL, 1, 0, 1, 1, 0),
(84, 'Enhancement of Fault Tolerance of Intrusion Detection System using AES and DES based Heart Beat Events', NULL, NULL, 1, 0, 1, 1, 0),
(84, 'Enhancement of Fault Tolerance of Intrusion Detection System using AES and DES based Heart Beat Events', NULL, NULL, 1, 1, 0, 0, 0),
(85, 'IPv6: Issues and Migration Status In India', NULL, NULL, 1, 0, 1, 1, 0),
(85, 'IPv6: Issues and Migration Status In India', NULL, NULL, 1, 1, 0, 0, 0),
(86, 'Geo Secured VPN for Critical National Infrastructure', NULL, NULL, 1, 0, 1, 1, 0),
(86, 'Geo Secured VPN for Critical National Infrastructure', NULL, NULL, 1, 1, 0, 0, 0),
(87, 'A Neural way of Retrieving Historical Image Data using Hopfield Network.', NULL, NULL, 1, 0, 1, 1, 0),
(87, 'A Neural way of Retrieving Historical Image Data using Hopfield Network.', NULL, NULL, 1, 1, 0, 0, 0),
(88, 'Distributed Query Optimization in Oracle', NULL, NULL, 1, 0, 1, 1, 0),
(88, 'Distributed Query Optimization in Oracle', NULL, NULL, 1, 1, 0, 0, 0),
(89, 'Modulation Schemes Effects The Security Issue In WiMAX Physical Layer', NULL, NULL, 1, 0, 1, 1, 0),
(89, 'Modulation Schemes Effects The Security Issue In WiMAX Physical Layer', NULL, NULL, 1, 1, 0, 0, 0),
(90, 'Offline Signature Verification Based On Discrete Cosine Transform', NULL, NULL, 1, 0, 1, 1, 0),
(90, 'Offline Signature Verification Based On Discrete Cosine Transform', NULL, NULL, 1, 1, 0, 0, 0),
(91, 'SNR Improvement with Speech Enhancement Techniques', NULL, NULL, 1, 0, 1, 1, 0),
(91, 'SNR Improvement with Speech Enhancement Techniques', NULL, NULL, 1, 1, 0, 0, 0),
(93, 'On the Information Security Using Fibonacci Series', NULL, NULL, 1, 0, 1, 1, 0),
(93, 'On the Information Security Using Fibonacci Series', NULL, NULL, 1, 1, 0, 0, 0),
(94, 'Materialized View Management in Peer to Peer Environment', NULL, NULL, 1, 0, 1, 1, 0),
(94, 'Materialized View Management in Peer to Peer Environment', NULL, NULL, 1, 1, 0, 0, 0),
(95, 'Comparison of Parallel Genetic Algorithm with Depth First Search Algorithm for Solving Verbal Arithmetic Problems', NULL, NULL, 1, 0, 1, 1, 0),
(95, 'Comparison of Parallel Genetic Algorithm with Depth First Search Algorithm for Solving Verbal Arithmetic Problems', NULL, NULL, 1, 1, 0, 0, 0),
(96, 'Survey of Low Rate DoS attack Detection Mechanisms', NULL, NULL, 1, 0, 1, 1, 0),
(96, 'Survey of Low Rate DoS attack Detection Mechanisms', NULL, NULL, 1, 1, 0, 0, 0),
(97, 'Improvement to Libor Masek Algorithm of Template Matching method for Iris Recognition', NULL, NULL, 1, 0, 1, 1, 0),
(97, 'Improvement to Libor Masek Algorithm of Template Matching method for Iris Recognition', NULL, NULL, 1, 1, 0, 0, 0),
(98, 'Reed Solomon Decoder for Self checking Circuit Optimization', NULL, NULL, 1, 0, 1, 1, 0),
(98, 'Reed Solomon Decoder for Self checking Circuit Optimization', NULL, NULL, 1, 1, 0, 0, 0),
(99, 'Body Parts Detection in Gesture Recognition using Color Information', NULL, NULL, 1, 0, 1, 1, 0),
(99, 'Body Parts Detection in Gesture Recognition using Color Information', NULL, NULL, 1, 1, 0, 0, 0),
(100, '3D Database Modeling', NULL, NULL, 1, 0, 1, 1, 0),
(100, '3D Database Modeling', NULL, NULL, 1, 1, 0, 0, 0),
(101, 'Course Scheduling using Genetic Algorithm .', NULL, NULL, 1, 0, 1, 1, 0),
(101, 'Course Scheduling using Genetic Algorithm .', NULL, NULL, 1, 1, 0, 0, 0),
(102, 'Network Intrusion Detection using Data Mining', NULL, NULL, 1, 0, 1, 1, 0),
(102, 'Network Intrusion Detection using Data Mining', NULL, NULL, 1, 1, 0, 0, 0),
(103, 'E-BUSINESS ADOPTION AND IMPLICATIONS IN THE BANKING INDUSTRY IN INDIA', NULL, NULL, 1, 0, 1, 1, 0),
(103, 'E-BUSINESS ADOPTION AND IMPLICATIONS IN THE BANKING INDUSTRY IN INDIA', NULL, NULL, 1, 1, 0, 0, 0),
(104, 'Low cost Digital Stethoscope for Heart Sounds', NULL, NULL, 1, 0, 1, 1, 0),
(104, 'Low cost Digital Stethoscope for Heart Sounds', NULL, NULL, 1, 1, 0, 0, 0),
(106, 'A Combined Mamdani-Sugeno Fuzzy Approach for Localization in Wireless Sensor Networks', NULL, NULL, 1, 0, 1, 1, 0),
(106, 'A Combined Mamdani-Sugeno Fuzzy Approach for Localization in Wireless Sensor Networks', NULL, NULL, 1, 1, 0, 0, 0),
(107, 'Improved Steganalysis of LSB Matching Steganography Based on Counting Alteration Rate of the Number of Neighbourhood Gray Levels', NULL, NULL, 1, 0, 1, 1, 0),
(107, 'Improved Steganalysis of LSB Matching Steganography Based on Counting Alteration Rate of the Number of Neighbourhood Gray Levels', NULL, NULL, 1, 1, 0, 0, 0),
(108, 'Voice Based Productivity Tracking Application based on ANDROID O.S. 2.1', NULL, NULL, 1, 0, 1, 1, 0),
(108, 'Voice Based Productivity Tracking Application based on ANDROID O.S. 2.1', NULL, NULL, 1, 1, 0, 0, 0),
(109, 'Compact size Dual-Band Loop Array Antenna', NULL, NULL, 1, 0, 1, 1, 0),
(109, 'Compact size Dual-Band Loop Array Antenna', NULL, NULL, 1, 1, 0, 0, 0),
(110, 'MEASURING SIDE EFFECTS OF RULE HIDING', NULL, NULL, 1, 0, 1, 1, 0),
(110, 'MEASURING SIDE EFFECTS OF RULE HIDING', NULL, NULL, 1, 1, 0, 0, 0),
(111, 'Intelligent Network Sniffer: A Data Mining Approach', NULL, NULL, 1, 0, 1, 1, 0),
(111, 'Intelligent Network Sniffer: A Data Mining Approach', NULL, NULL, 1, 1, 0, 0, 0),
(112, 'Automatic Speaker Recognition using circular DFT Sectors', NULL, NULL, 1, 0, 1, 1, 0),
(112, 'Automatic Speaker Recognition using circular DFT Sectors', NULL, NULL, 1, 1, 0, 0, 0),
(113, 'Deblurring of Grayscale Images Using Inverse and Wiener Filter', NULL, NULL, 1, 0, 1, 1, 0),
(113, 'Deblurring of Grayscale Images Using Inverse and Wiener Filter', NULL, NULL, 1, 1, 0, 0, 0),
(114, 'Development of Low Power Solutions in Stacking of Transistors based on variations of Transistor Width (W).', NULL, NULL, 1, 0, 1, 1, 0),
(114, 'Development of Low Power Solutions in Stacking of Transistors based on variations of Transistor Width (W).', NULL, NULL, 1, 1, 0, 0, 0),
(115, 'Data hiding in gray-scale images using pixel value differencing', NULL, NULL, 1, 0, 1, 1, 0),
(115, 'Data hiding in gray-scale images using pixel value differencing', NULL, NULL, 1, 1, 0, 0, 0),
(116, 'Detailed Survey of Cloud Computing Paradigm', NULL, NULL, 1, 0, 1, 1, 0),
(116, 'Detailed Survey of Cloud Computing Paradigm', NULL, NULL, 1, 1, 0, 0, 0),
(117, 'Overview of Visual Analytics', NULL, NULL, 1, 0, 1, 1, 0),
(117, 'Overview of Visual Analytics', NULL, NULL, 1, 1, 0, 0, 0),
(118, 'Texture Based Characterization of Liver Tumor on Computed Tomography Images', NULL, NULL, 1, 0, 1, 1, 0),
(118, 'Texture Based Characterization of Liver Tumor on Computed Tomography Images', NULL, NULL, 1, 1, 0, 0, 0),
(119, 'A General Methodology for Hiding Data in Games', NULL, NULL, 1, 0, 1, 1, 0),
(119, 'A General Methodology for Hiding Data in Games', NULL, NULL, 1, 1, 0, 0, 0),
(120, 'Reduction and Estimation of Hyperspectral Imagery Using Dual tree Wavelet Filter Bank Analysis with an Orthogonal Subspace Projection Approach.', NULL, NULL, 1, 0, 1, 1, 0),
(120, 'Reduction and Estimation of Hyperspectral Imagery Using Dual tree Wavelet Filter Bank Analysis with an Orthogonal Subspace Projection Approach.', NULL, NULL, 1, 1, 0, 0, 0),
(121, 'BIOMEDICAL APPLICATION OF LASERS', NULL, NULL, 1, 0, 1, 1, 0),
(121, 'BIOMEDICAL APPLICATION OF LASERS', NULL, NULL, 1, 1, 0, 0, 0),
(122, 'An Efficient Image Classifier Using Discrete Cosine Transform', NULL, NULL, 1, 0, 1, 1, 0),
(122, 'An Efficient Image Classifier Using Discrete Cosine Transform', NULL, NULL, 1, 1, 0, 0, 0),
(123, 'Face and Facial Feature Detection', NULL, NULL, 1, 0, 1, 1, 0),
(123, 'Face and Facial Feature Detection', NULL, NULL, 1, 1, 0, 0, 0),
(124, 'Receiver Based Capacity Enhanchement with Cross-Layer Design Approach for IEEE 802.11 Ad-hoc Networks', NULL, NULL, 1, 0, 1, 1, 0),
(124, 'Receiver Based Capacity Enhanchement with Cross-Layer Design Approach for IEEE 802.11 Ad-hoc Networks', NULL, NULL, 1, 1, 0, 0, 0),
(125, 'A Polynomial based Image Steganography and Covert Communications in Open Systems Environment for DRM', NULL, NULL, 1, 0, 1, 1, 0),
(127, 'Efficient Methods for FFT Calculations using Prime Factor Algorithm', NULL, NULL, 1, 0, 1, 1, 0),
(127, 'Efficient Methods for FFT Calculations using Prime Factor Algorithm', NULL, NULL, 1, 1, 0, 0, 0),
(128, 'Segmentation of medical Images using modified Level set method', NULL, NULL, 1, 0, 1, 1, 0),
(128, 'Segmentation of medical Images using modified Level set method', NULL, NULL, 1, 1, 0, 0, 0),
(129, 'AUTOMATIC SHOWER BATH SYSTEM(A MICRO-MECHANICAL FLUID SYSTEM)', NULL, NULL, 1, 0, 1, 1, 0),
(129, 'AUTOMATIC SHOWER BATH SYSTEM(A MICRO-MECHANICAL FLUID SYSTEM)', NULL, NULL, 1, 1, 0, 0, 0),
(130, 'Analysis of different technique for detection of SQL injection', NULL, NULL, 1, 0, 1, 1, 0),
(130, 'Analysis of different technique for detection of SQL injection', NULL, NULL, 1, 1, 0, 0, 0),
(131, 'Digital audio steganography using DWT with reduced embedding error and better extraction compared to DCT', NULL, NULL, 1, 0, 1, 1, 0),
(131, 'Digital audio steganography using DWT with reduced embedding error and better extraction compared to DCT', NULL, NULL, 1, 1, 0, 0, 0),
(132, 'MICROELECTRONIC MECHANICAL SYSTEMS(MEMS)', NULL, NULL, 1, 0, 1, 1, 0),
(132, 'MICROELECTRONIC MECHANICAL SYSTEMS(MEMS)', NULL, NULL, 1, 1, 0, 0, 0),
(133, 'Effect of high K dielectric on mobility of graphene FET.', NULL, NULL, 1, 0, 1, 1, 0),
(133, 'Effect of high K dielectric on mobility of graphene FET.', NULL, NULL, 1, 1, 0, 0, 0),
(134, 'Image Compression And its Effect on Iris Recognition.', NULL, NULL, 1, 0, 1, 1, 0),
(134, 'Image Compression And its Effect on Iris Recognition.', NULL, NULL, 1, 1, 0, 0, 0),
(135, 'Adaptive antenna', NULL, NULL, 1, 0, 1, 1, 0),
(135, 'Adaptive antenna: A Review', NULL, NULL, 1, 1, 0, 0, 0),
(136, 'Image Classification based on Textural feature using Artificial Neural Network', NULL, NULL, 1, 0, 1, 1, 0),
(136, 'Image Classification based on Textural feature using Artificial Neural Network', NULL, NULL, 1, 1, 0, 0, 0),
(137, 'Customized response generation to agriculture related queries using AI techniques', NULL, NULL, 1, 0, 1, 1, 0),
(137, 'Customized response generation to agriculture related queries using AI techniques', NULL, NULL, 1, 1, 0, 0, 0),
(138, 'An optimized approach to voice translation on mobile phones', NULL, NULL, 1, 0, 1, 1, 0),
(138, 'An optimized approach to voice translation on mobile phones', NULL, NULL, 1, 1, 0, 0, 0),
(139, 'SPREAD SPECTRUM RADAR USING RAKE RECEIVER', NULL, NULL, 1, 0, 1, 1, 0),
(139, 'SPREAD SPECTRUM RADAR USING RAKE RECEIVER', NULL, NULL, 1, 1, 0, 0, 0),
(140, 'LSB based Image Steganography using Polynomials and Covert Communications in Open Systems Environment for DRM', NULL, NULL, 1, 0, 1, 1, 0),
(140, 'LSB based Image Steganography using Polynomials and Covert Communications in Open Systems Environment for DRM', NULL, NULL, 1, 1, 0, 0, 0),
(141, 'REDUCED HARDWARE OVERHEAD FOR BIST RAMs USING ASTRA', NULL, NULL, 1, 0, 1, 1, 0),
(141, 'REDUCED HARDWARE OVERHEAD FOR BIST RAMs USING ASTRA', NULL, NULL, 1, 1, 0, 0, 0),
(142, 'GRM: A Reliable and Fault Tolerant Data Replication Middleware for Grid Environment', NULL, NULL, 1, 0, 1, 1, 0),
(142, 'GRM: A Reliable and Fault Tolerant Data Replication Middleware for Grid Environment', NULL, NULL, 1, 1, 0, 0, 0),
(143, 'Augmented Reality - Digital Overlays Enhancing Real-Life Events', NULL, NULL, 1, 0, 1, 1, 0),
(143, 'Augmented Reality - Digital Overlays Enhancing Real-Life Events', NULL, NULL, 1, 1, 0, 0, 0),
(144, 'Wireless Tracking System', NULL, NULL, 1, 0, 1, 1, 0),
(144, 'Wireless Tracking System', NULL, NULL, 1, 1, 0, 0, 0),
(145, 'A proactive approach for managing security', NULL, NULL, 1, 0, 1, 1, 0),
(145, 'A proactive approach for managing security', NULL, NULL, 1, 1, 0, 0, 0),
(146, 'ÒOptimization of Digital circuits using FPGAÓ', NULL, NULL, 1, 0, 1, 1, 0),
(146, '?Optimization of Digital circuits using FPGA?', NULL, NULL, 1, 1, 0, 0, 0),
(147, 'ClassroomWiki: A Collaborative Wiki for Institutional Use', NULL, NULL, 1, 0, 1, 1, 0),
(147, 'ClassroomWiki: A Collaborative Wiki for Institutional Use', NULL, NULL, 1, 1, 0, 0, 0),
(148, 'Vector Quantization Using Global Codebook Technique', NULL, NULL, 1, 0, 1, 1, 0),
(148, 'Vector Quantization Using Global Codebook Technique', NULL, NULL, 1, 1, 0, 0, 0),
(149, 'Neural Network Based Empirical Model Development for E-Business (Mobile) Application', NULL, NULL, 1, 0, 1, 1, 0),
(149, 'Neural Network Based Empirical Model Development for E-Business (Mobile) Application', NULL, NULL, 1, 1, 0, 0, 0),
(150, 'Software as a Service: Shifting Businesses to the Cloud', NULL, NULL, 1, 0, 1, 1, 0),
(150, 'Software as a Service: Shifting Businesses to the Cloud', NULL, NULL, 1, 1, 0, 0, 0),
(151, 'Knowledge Management: A solution to improve inter-university collaboration', NULL, NULL, 1, 0, 1, 1, 0),
(151, 'Knowledge Management: A solution to improve inter-university collaboration', NULL, NULL, 1, 1, 0, 0, 0),
(152, 'Heuristics based Automatic Text Summarization of unstructured text', NULL, NULL, 1, 0, 1, 1, 0),
(152, 'Heuristics based Automatic Text Summarization of unstructured text', NULL, NULL, 1, 1, 0, 0, 0),
(153, 'SOA enabled BPM rule engine', NULL, NULL, 1, 0, 1, 1, 0),
(153, 'SOA enabled BPM rule engine', NULL, NULL, 1, 1, 0, 0, 0),
(154, 'OFDM in 4G Network', NULL, NULL, 1, 0, 1, 1, 0),
(154, 'OFDM IN 4G NETWORKS- A COMPARSION WITH MC-CDMA', NULL, NULL, 1, 1, 0, 0, 0),
(155, '3D Drag-n-Drop CAPTCHA', NULL, NULL, 1, 0, 1, 1, 0),
(155, '3D Drag-n-Drop CAPTCHA', NULL, NULL, 1, 1, 0, 0, 0),
(156, 'Intrusion Detection System in Cloud Computing Environment', NULL, NULL, 1, 0, 1, 1, 0),
(156, 'Intrusion Detection System in Cloud Computing Environment', NULL, NULL, 1, 1, 0, 0, 0),
(157, 'High performance Dual gate GNR FET', NULL, NULL, 1, 0, 1, 1, 0),
(157, 'High performance Dual gate GNR FET', NULL, NULL, 1, 1, 0, 0, 0),
(158, 'CP- Orthogonal Frequency Division Multiplexing Vs SC-CP for Indoor Wireless', NULL, NULL, 1, 0, 1, 1, 0),
(158, 'CP- Orthogonal Frequency Division Multiplexing Vs SC-CP for Indoor Wireless', NULL, NULL, 1, 1, 0, 0, 0),
(159, 'Appearance based Video Archival and Retrieval System', NULL, NULL, 1, 0, 1, 1, 0),
(159, 'Appearance based Video Archival and Retrieval System', NULL, NULL, 1, 1, 0, 0, 0),
(160, 'Wireless Charging Using Radio Frequency', NULL, NULL, 1, 0, 1, 1, 0),
(160, 'Wireless Charging Using Radio Frequency', NULL, NULL, 1, 1, 0, 0, 0),
(161, 'Hybrid Cellular Adhoc Network', NULL, NULL, 1, 0, 1, 1, 0),
(161, 'Hybrid Cellular Adhoc Network', NULL, NULL, 1, 1, 0, 0, 0),
(162, 'The Effect of Noise in Automatic Text Classification', NULL, NULL, 1, 0, 1, 1, 0),
(162, 'The Effect of Noise in Automatic Text Classification', NULL, NULL, 1, 1, 0, 0, 0),
(163, 'DEVANAGRI HANDWRITTEN CHARACTER RECOGNITION', NULL, NULL, 1, 0, 1, 1, 0),
(163, 'DEVANAGRI HANDWRITTEN CHARACTER RECOGNITION', NULL, NULL, 1, 1, 0, 0, 0),
(164, 'Design and Development Stacked Patch Antenna for Breast Cancer Detection', NULL, NULL, 1, 0, 1, 1, 0),
(164, 'Design and Development Stacked Patch Antenna for Breast Cancer Detection', NULL, NULL, 1, 1, 0, 0, 0),
(165, 'Comparing the performance of TCP and CBR in tree-based and mesh-based ad-hoc multicast routing protocol', NULL, NULL, 1, 0, 1, 1, 0),
(165, 'Comparing the performance of TCP and CBR in tree-based and mesh-based ad-hoc multicast routing protocol', NULL, NULL, 1, 1, 0, 0, 0),
(166, 'Digital Signature schemes for image', NULL, NULL, 1, 0, 1, 1, 0),
(166, 'Digital Signature schemes for image', NULL, NULL, 1, 1, 0, 0, 0),
(167, 'IPv4 to IPv6 Transition', NULL, NULL, 1, 0, 1, 1, 0),
(167, 'IPv4 to IPv6 Transition', NULL, NULL, 1, 1, 0, 0, 0),
(168, 'Fuzzy Regression as an Additive Tool for Short Term Load Forecasting', NULL, NULL, 1, 0, 1, 1, 0),
(168, 'Fuzzy Regression as an Additive Tool for Short Term Load Forecasting', NULL, NULL, 1, 1, 0, 0, 0),
(169, 'Security Enhancement Analysis in Image Steganography: A Survey', NULL, NULL, 1, 0, 1, 1, 0),
(169, 'Security Enhancement Analysis in Image Steganography: A Survey', NULL, NULL, 1, 1, 0, 0, 0),
(170, 'Developments in OFDM based Cognitive Radio Systems', NULL, NULL, 1, 0, 1, 1, 0),
(170, 'Developments in OFDM based Cognitive Radio Systems', NULL, NULL, 1, 1, 0, 0, 0),
(171, 'Speaker Identification using Row Mean Vector of Spectrogram', NULL, NULL, 1, 0, 1, 1, 0),
(171, 'Speaker Identification using Row Mean Vector of Spectrogram', NULL, NULL, 1, 1, 0, 0, 0),
(172, 'Virtualization: A Way Towards Dynamic IT', NULL, NULL, 1, 0, 1, 1, 0),
(172, 'Virtualization: A Way Towards Dynamic IT', NULL, NULL, 1, 1, 0, 0, 0),
(173, 'A NOVEL APPROACH FOR OPTIMAL NETWORK SELECTION IN HETEROGENEOUS WIRELESS NETWORKS', NULL, NULL, 1, 0, 1, 1, 0),
(173, 'A NOVEL APPROACH FOR OPTIMAL NETWORK SELECTION IN HETEROGENEOUS WIRELESS NETWORKS', NULL, NULL, 1, 1, 0, 0, 0),
(174, 'Detection of Copy-Move Forgery Using Multiresolution Characteristic of Discrete Wavelet Transform', NULL, NULL, 1, 0, 1, 1, 0),
(174, 'Detection of Copy-Move Forgery Using Multiresolution Characteristic of Discrete Wavelet Transform', NULL, NULL, 1, 1, 0, 0, 0),
(175, 'Wire length Estimation using Evolutionary Algorithms', NULL, NULL, 1, 0, 1, 1, 0),
(175, 'Wire length Estimation using Evolutionary Algorithms', NULL, NULL, 1, 1, 0, 0, 0),
(176, 'Development of Predictive Model in Education System: Using Na•ve Bayes Classifier', NULL, NULL, 1, 0, 1, 1, 0),
(176, 'Development of Predictive Model in Education System: Using Na?ve Bayes Classifier', NULL, NULL, 1, 1, 0, 0, 0),
(177, 'Implimentation Of Adaptive Neuro Fuzzy Inference System For Cancer Detection Using TMS320C6711 DSP', NULL, NULL, 1, 0, 1, 1, 0),
(177, 'Implimentation Of Adaptive Neuro Fuzzy Inference System For Cancer Detection Using TMS320C6711 DSP', NULL, NULL, 1, 1, 0, 0, 0),
(178, 'Vehicular Parking Space Discovery with Agent Approach', NULL, NULL, 1, 0, 1, 1, 0),
(178, 'Vehicular Parking Space Discovery with Agent Approach', NULL, NULL, 1, 1, 0, 0, 0),
(179, 'VLSI DESIGN OF ANALOG MULTIPLIER BASED ON NMOS TECHNOLOGY', NULL, NULL, 1, 0, 1, 1, 0),
(179, 'VLSI DESIGN OF ANALOG MULTIPLIER BASED ON NMOS TECHNOLOGY', NULL, NULL, 1, 1, 0, 0, 0),
(180, 'Offline Signature Verification Based On Statistical Features', NULL, NULL, 1, 0, 1, 1, 0),
(180, 'Offline Signature Verification Based On Statistical Features', NULL, NULL, 1, 1, 0, 0, 0),
(181, 'Design for Improved Figure of Merit of LC Oscillator', NULL, NULL, 1, 0, 1, 1, 0),
(181, 'Design for Improved Figure of Merit of LC Oscillator', NULL, NULL, 1, 1, 0, 0, 0),
(182, 'An Overview of Lindenmayer Systems', NULL, NULL, 1, 0, 1, 1, 0),
(182, 'An Overview of Lindenmayer Systems', NULL, NULL, 1, 1, 0, 0, 0),
(183, 'GPS based autonomous ground vehicle', NULL, NULL, 1, 0, 1, 1, 0),
(183, 'GPS based autonomous ground vehicle', NULL, NULL, 1, 1, 0, 0, 0),
(184, 'Dissimilarity Based Feature Selection for Text Classification: A Cluster Based Approach', NULL, NULL, 1, 0, 1, 1, 0),
(184, 'Dissimilarity Based Feature Selection for Text Classification: A Cluster Based Approach', NULL, NULL, 1, 1, 0, 0, 0),
(185, 'Advances in Image Segmentation By The Use of Resampling and Shape Constraints', NULL, NULL, 1, 0, 1, 1, 0),
(185, 'Advances in Image Segmentation By The Use of Resampling and Shape Constraints', NULL, NULL, 1, 1, 0, 0, 0),
(186, 'IMPROVED COLOR to GRAY and BACK', NULL, NULL, 1, 0, 1, 1, 0),
(186, 'IMPROVED COLOR to GRAY and BACK', NULL, NULL, 1, 1, 0, 0, 0),
(187, 'GNG For Financial Market-A Practical Approach', NULL, NULL, 1, 0, 1, 1, 0),
(187, 'GNG For Financial Market-A Practical Approach', NULL, NULL, 1, 1, 0, 0, 0),
(188, 'Points-to Analysis of RMI-based Java Programs', NULL, NULL, 1, 0, 1, 1, 0),
(188, 'Points-to Analysis of RMI-based Java Programs', NULL, NULL, 1, 1, 0, 0, 0),
(189, 'Secured Distributed Multi-Agent Role Based Access Control', NULL, NULL, 1, 0, 1, 1, 0),
(189, 'Secured Distributed Multi-Agent Role Based Access Control', NULL, NULL, 1, 1, 0, 0, 0),
(190, 'Wireless Sensor Network Security Issues; Detection of HELLO flood Attack and Its Countermeasures', NULL, NULL, 1, 0, 1, 1, 0),
(190, 'Wireless Sensor Network Security Issues; Detection of HELLO flood Attack and Its Countermeasures', NULL, NULL, 1, 1, 0, 0, 0),
(191, 'GPS/GPRS Based System for Vehicle Tracking and Traffic Management', NULL, NULL, 1, 0, 1, 1, 0),
(191, 'GPS/GPRS Based System for Vehicle Tracking and Traffic Management', NULL, NULL, 1, 1, 0, 0, 0),
(192, 'Incremental Cluster Detection using a Soft Computing Approach', NULL, NULL, 1, 0, 1, 1, 0),
(193, 'Intelligent database for the SOA using BPEL', NULL, NULL, 1, 0, 1, 1, 0),
(193, 'Database in SOA using BPEL and Choreography', NULL, NULL, 1, 1, 0, 0, 0),
(194, 'Data integration using web services in SOA', NULL, NULL, 1, 0, 1, 1, 0),
(194, 'Data integration using web services in SOA', NULL, NULL, 1, 1, 0, 0, 0),
(195, 'Data Integration Problem of structural and semantic heterogeneity: Data Warehousing Framework models for the optimization of the ETL processes', NULL, NULL, 1, 0, 1, 1, 0),
(195, 'Data Integration Problem of structural and semantic heterogeneity: Data Warehousing Framework models for the optimization of the ETL processes', NULL, NULL, 1, 1, 0, 0, 0),
(196, 'BPEL Process Manager and Rules Integration in Service Oriented Architecture (SOA)', NULL, NULL, 1, 0, 1, 1, 0),
(196, 'BPEL Process Manager and Rules Integration in Service Oriented Architecture (SOA)', NULL, NULL, 1, 1, 0, 0, 0),
(197, 'First In Not Referenced First Out Page Replacement Algorithm', NULL, NULL, 1, 0, 1, 1, 0),
(197, 'First In Not Referenced First Out Page Replacement Algorithm', NULL, NULL, 1, 1, 0, 0, 0),
(198, 'Overview of Smartphone Application Development using Cross Platform framework', NULL, NULL, 1, 0, 1, 1, 0),
(198, 'Overview of Smartphone Application Development using Cross Platform framework', NULL, NULL, 1, 1, 0, 0, 0),
(199, 'Development of a Multilayer Conductor Electromagnetic Shield for Optimum Shielding Performance', NULL, NULL, 1, 0, 1, 1, 0),
(199, 'Development of a Multilayer Conductor Electromagnetic Shield for Optimum Shielding Performance', NULL, NULL, 1, 1, 0, 0, 0),
(200, 'Pattern and Keyword based Opinion Analysis from Opinionated Texts', NULL, NULL, 1, 0, 1, 1, 0),
(200, 'Pattern and Keyword based Opinion Analysis from Opinionated Texts', NULL, NULL, 1, 1, 0, 0, 0),
(201, 'Motion Sensing in Mobile phone', NULL, NULL, 1, 0, 1, 1, 0),
(201, 'Motion Sensing in Mobile phone', NULL, NULL, 1, 1, 0, 0, 0),
(202, 'EFFECT OF PHYSICAL PARAMETERS OF MATERIAL ON BAND STRUCTURE OF PHOTONIC CRYSTAL', NULL, NULL, 1, 0, 1, 1, 0),
(202, 'EFFECT OF PHYSICAL PARAMETERS OF MATERIAL ON BAND STRUCTURE OF PHOTONIC CRYSTAL', NULL, NULL, 1, 1, 0, 0, 0),
(203, 'New & Efficient low overheads algorithm for Mobile Distributed Systems', NULL, NULL, 1, 0, 1, 1, 0),
(203, 'New & Efficient low overheads algorithm for Mobile Distributed Systems', NULL, NULL, 1, 1, 0, 0, 0),
(204, 'High Performance Based Communication Protocol', NULL, NULL, 1, 0, 1, 1, 0),
(204, 'High Performance Based Communication Protocol', NULL, NULL, 1, 1, 0, 0, 0),
(205, 'A Survey of Handwritten Document Pre-processing Techniques and Customizing for Indic Script', NULL, NULL, 1, 0, 1, 1, 0),
(205, 'A Survey of Handwritten Document Pre-processing Techniques and Customizing for Indic Script', NULL, NULL, 1, 1, 0, 0, 0),
(206, 'Fuzzy Inference based Edge Detection System using Sobel and Laplacian of Gaussian Operators', NULL, NULL, 1, 0, 1, 1, 0),
(206, 'Fuzzy Inference based Edge Detection System using Sobel and Laplacian of Gaussian Operators', NULL, NULL, 1, 1, 0, 0, 0),
(209, 'A Novel approach for Fast Face Recognition using Adjacent Pixel and Quantization Histogram Method', NULL, NULL, 1, 0, 1, 1, 0),
(209, 'A Novel approach for Fast Face Recognition using Adjacent Pixel and Quantization Histogram Method', NULL, NULL, 1, 1, 0, 0, 0),
(210, 'E-procurement for increasing business process agility', NULL, NULL, 1, 0, 1, 1, 0),
(210, 'E-procurement for increasing business process agility', NULL, NULL, 1, 1, 0, 0, 0),
(212, 'GABOR FEATURE EXTRACTION FOR GRAY SCALE IMAGE', NULL, NULL, 1, 0, 1, 1, 0),
(212, 'GABOR FEATURE EXTRACTION FOR GRAY SCALE IMAGE', NULL, NULL, 1, 1, 0, 0, 0),
(213, 'A SERVEY ON CLUSTERING IN DATA MINING', NULL, NULL, 1, 0, 1, 1, 0),
(213, 'A SERVEY ON CLUSTERING IN DATA MINING', NULL, NULL, 1, 1, 0, 0, 0),
(214, 'Blood Microscopic Image Segmentation and Automated Leukemia Detection using Statistical Texture Analysis', NULL, NULL, 1, 0, 1, 1, 0),
(214, 'Blood Microscopic Image Segmentation and Automated Leukemia Detection using Statistical Texture Analysis', NULL, NULL, 1, 1, 0, 0, 0),
(215, 'Resistive Analysis of Mixed Carbon Nanotube Bundle Interconnect and its Comparison with Copper Interconnect', NULL, NULL, 1, 0, 1, 1, 0),
(215, 'Resistive Analysis of Mixed Carbon Nanotube Bundle Interconnect and its Comparison with Copper Interconnect', NULL, NULL, 1, 1, 0, 0, 0),
(216, 'Minimizing Job Completion Time in Grid Scheduling with Resource and Timing Constraints Using Genetic Algorithm', NULL, NULL, 1, 0, 1, 1, 0),
(216, 'Minimizing Job Completion Time in Grid Scheduling with Resource and Timing Constraints Using Genetic Algorithm', NULL, NULL, 1, 1, 0, 0, 0),
(217, 'Clustering with Apache Hadoop', NULL, NULL, 1, 0, 1, 1, 0),
(217, 'Clustering with Apache Hadoop', NULL, NULL, 1, 1, 0, 0, 0),
(218, 'Distributed Database Caching for Web Applications and Web Services', NULL, NULL, 1, 0, 1, 1, 0),
(218, 'Distributed Database Caching for Web Applications and Web Services', NULL, NULL, 1, 1, 0, 0, 0),
(219, 'Fingerprint recognition Using Minutiae-based technique', NULL, NULL, 1, 0, 1, 1, 0),
(219, 'Fingerprint recognition Using Minutiae-based technique', NULL, NULL, 1, 1, 0, 0, 0),
(220, 'Mobile Based Remote Control System Using Bluetooth', NULL, NULL, 1, 0, 1, 1, 0),
(220, 'Mobile Based Remote Control System Using Bluetooth', NULL, NULL, 1, 1, 0, 0, 0),
(221, 'Misbehaving nodes Detection through Opinion Based Trust Evaluation Model in MANETs', NULL, NULL, 1, 0, 1, 1, 0),
(221, 'Misbehaving nodes Detection through Opinion Based Trust Evaluation Model in MANETs', NULL, NULL, 1, 1, 0, 0, 0),
(222, 'Cache Maintenance Based Multi Path Trust Routing Protocol for MANETs', NULL, NULL, 1, 0, 1, 1, 0),
(222, 'Cache Maintenance Based Multi Path Trust Routing Protocol for MANETs', NULL, NULL, 1, 1, 0, 0, 0),
(223, 'THERMO ELECTRIC MODULE', NULL, NULL, 1, 0, 1, 1, 0),
(223, 'THERMO ELECTRIC MODULE', NULL, NULL, 1, 1, 0, 0, 0),
(224, 'Novel Asynchronous Adders', NULL, NULL, 1, 0, 1, 1, 0),
(224, 'Novel Asynchronous Adders', NULL, NULL, 1, 1, 0, 0, 0),
(225, 'A Dialogue System for Career Counseling', NULL, NULL, 1, 0, 1, 1, 0),
(225, 'A Dialogue System for Career Counseling', NULL, NULL, 1, 1, 0, 0, 0),
(226, 'THE FUTURE OF COMPUTATIONAL FLUID DYNAMICS ( enhancing the design process)', NULL, NULL, 1, 0, 1, 1, 0),
(226, 'THE FUTURE OF COMPUTATIONAL FLUID DYNAMICS ( enhancing the design process)', NULL, NULL, 1, 1, 0, 0, 0),
(227, 'Network Security Implementation using Onion Routing', NULL, NULL, 1, 0, 1, 1, 0),
(227, 'Network Security Implementation using Onion Routing', NULL, NULL, 1, 1, 0, 0, 0),
(228, 'Agile software Development in an Industrial Context: Weaving Agile Software Development Techniques', NULL, NULL, 1, 0, 1, 1, 0),
(228, 'Agile software Development in an Industrial Context: Weaving Agile Software Development Techniques', NULL, NULL, 1, 1, 0, 0, 0),
(229, 'Quantum Size Effect in nanosize semiconductor materials', NULL, NULL, 1, 0, 1, 1, 0),
(229, 'Quantum Size Effect in nanosize semiconductor materials', NULL, NULL, 1, 1, 0, 0, 0),
(230, 'Mathematical Modelling of Thermoelectric Module using MATLAB for steady state analysis', NULL, NULL, 1, 0, 1, 1, 0),
(230, 'Mathematical Modelling of Thermoelectric Module using MATLAB for steady state analysis', NULL, NULL, 1, 1, 0, 0, 0),
(231, 'Agile Principles as a leadership value System in the Software Development: Are we ready to be unleashed?', NULL, NULL, 1, 0, 1, 1, 0),
(231, 'Agile Principles as a leadership value System in the Software Development: Are we ready to be unleashed?', NULL, NULL, 1, 1, 0, 0, 0),
(232, 'SECURITY AGAINST CROSS SITE SCRIPTING(XSS)ATTACKS', NULL, NULL, 1, 0, 1, 1, 0),
(232, 'SECURITY AGAINST CROSS SITE SCRIPTING(XSS)ATTACKS', NULL, NULL, 1, 1, 0, 0, 0),
(233, 'Advanced Network Based Wireless, Single PMS for Multiple-Patient Monitoring', NULL, NULL, 1, 0, 1, 1, 0),
(233, 'Advanced Network Based Wireless, Single PMS for Multiple-Patient Monitoring', NULL, NULL, 1, 1, 0, 0, 0),
(234, 'Automated Voice based Home Navigation System for the Elderly and the Physically Challenged', NULL, NULL, 1, 0, 1, 1, 0),
(234, 'Automated Voice based Home Navigation System for the Elderly and the Physically Challenged', NULL, NULL, 1, 1, 0, 0, 0),
(235, 'Reconfigurable Cryptographic Processor for Multiple Crypto-Algorithms', NULL, NULL, 1, 0, 1, 1, 0),
(235, 'Reconfigurable Cryptographic Processor for Multiple Crypto-Algorithms', NULL, NULL, 1, 1, 0, 0, 0),
(236, 'A COMPARITIVE STUDY OF LSB AND DCT IMAGE STEGANOGRAPHY TECHNIQUES', NULL, NULL, 1, 0, 1, 1, 0),
(236, 'A COMPARITIVE STUDY OF LSB AND DCT IMAGE STEGANOGRAPHY TECHNIQUES', NULL, NULL, 1, 1, 0, 0, 0),
(237, 'A Compression and super-resolution of Digital Camera Images with a Bayer Pattern Color Filter Array', NULL, NULL, 1, 0, 1, 1, 0),
(237, 'A Compression and super-resolution of Digital Camera Images with a Bayer Pattern Color Filter Array', NULL, NULL, 1, 1, 0, 0, 0),
(238, 'FPGA Prototype of 14 Bit, 20msamples/S, 85 Mw Successive Approximation ADC Suitable For RF Applications', NULL, NULL, 1, 0, 1, 1, 0),
(238, 'FPGA Prototype of 14 Bit, 20msamples/S, 85 Mw Successive Approximation ADC Suitable For RF Applications', NULL, NULL, 1, 1, 0, 0, 0),
(239, 'Soft Output Viterbi Decoder Using Hybrid Register Exchange.', NULL, NULL, 1, 0, 1, 1, 0),
(239, 'Soft Output Viterbi Decoder Using Hybrid Register Exchange.', NULL, NULL, 1, 1, 0, 0, 0),
(240, 'Category wise Software Evaluation: Function-oriented Software Metrics based on the Data, Functional and Control Dimensions', NULL, NULL, 1, 0, 1, 1, 0),
(240, 'Category wise Software Evaluation: Function-oriented Software Metrics based on the Data, Functional and Control Dimensions', NULL, NULL, 1, 1, 0, 0, 0),
(241, 'Feature Point based Estimation: Function Points by Adding Changes to Improve Applicability to Systems with Significant Internal Processing', NULL, NULL, 1, 0, 1, 1, 0),
(241, 'Feature Point based Estimation: Function Points by Adding Changes to Improve Applicability to Systems with Significant Internal Processing', NULL, NULL, 1, 1, 0, 0, 0),
(242, 'Comparison of Information Loss in Transmission in the Proposed Noise Reduction Formula and the Technique that is in use', NULL, NULL, 1, 0, 1, 1, 0),
(242, 'Comparison of Information Loss in Transmission in the Proposed Noise Reduction Formula and the Technique that is in use', NULL, NULL, 1, 1, 0, 0, 0),
(243, 'Investigating the Application of AOP Methodology In Development of Bioinformatics Software Using Eclipse-AJDT Environment', NULL, NULL, 1, 0, 1, 1, 0),
(243, 'Investigating the Application of AOP Methodology In Development of Bioinformatics Software Using Eclipse-AJDT Environment', NULL, NULL, 1, 1, 0, 0, 0),
(244, 'R-R Interval based Paroxysmal Atrial Fibrillation Analysis', NULL, NULL, 1, 0, 1, 1, 0),
(244, 'R-R Interval based Paroxysmal Atrial Fibrillation Analysis', NULL, NULL, 1, 1, 0, 0, 0),
(246, 'SIMPLIFICATION OF EMI FOR OBLIQUE INCIDENCE OF SINGLE SHIELD EM WAVES', NULL, NULL, 1, 0, 1, 1, 0),
(246, 'SIMPLIFICATION OF EMI FOR OBLIQUE INCIDENCE OF SINGLE SHIELD EM WAVES', NULL, NULL, 1, 1, 0, 0, 0),
(247, 'CUMULATIVE DISTRIBUTION OF RAIN ATTENUATION AT KU BAND FREQUENCIES AND ESTIMATION OF RAIN FADE MARGIN BY FADE MITIGATION TECHNIQUES', NULL, NULL, 1, 0, 1, 1, 0),
(247, 'CUMULATIVE DISTRIBUTION OF RAIN ATTENUATION AT KU BAND FREQUENCIES AND ESTIMATION OF RAIN FADE MARGIN BY FADE MITIGATION TECHNIQUES', NULL, NULL, 1, 1, 0, 0, 0),
(248, 'Face Recognition Using TPNMF Algorithm', NULL, NULL, 1, 0, 1, 1, 0),
(248, 'Face Recognition Using TPNMF Algorithm', NULL, NULL, 1, 1, 0, 0, 0),
(249, 'copyright protection for relational databases', NULL, NULL, 1, 0, 1, 1, 0),
(249, 'copyright protection for relational databases', NULL, NULL, 1, 1, 0, 0, 0),
(251, 'Comparison of Unsupervised Arrhythmia Classification Techniques', NULL, NULL, 1, 0, 1, 1, 0),
(251, 'Comparison of Unsupervised Arrhythmia Classification Techniques', NULL, NULL, 1, 1, 0, 0, 0),
(252, 'Routing in Intermittently Connected Mobile Ad Hoc Networks : Overview', NULL, NULL, 1, 0, 1, 1, 0),
(252, 'Routing in Intermittently Connected Mobile Ad Hoc Networks : Overview', NULL, NULL, 1, 1, 0, 0, 0),
(254, 'Comparison of Different Approaches for Removal of Baseline Wander from ECG Signal', NULL, NULL, 1, 0, 1, 1, 0),
(254, 'Comparison of Different Approaches for Removal of Baseline Wander from ECG Signal', NULL, NULL, 1, 1, 0, 0, 0),
(255, 'A Review on Gandhian Engineering', NULL, NULL, 1, 0, 1, 1, 0),
(255, 'A Review on Gandhian Engineering', NULL, NULL, 1, 1, 0, 0, 0),
(256, 'MIS FOR BUSINESS EXCELLENCE', NULL, NULL, 1, 0, 1, 1, 0),
(256, 'MIS FOR BUSINESS EXCELLENCE', NULL, NULL, 1, 1, 0, 0, 0),
(257, 'EXPERIMENTAL INVESTIGATION OF HEAT TRANSFER DISTRIBUTION DUE TO IMPINGING SYNTHETIC JET', NULL, NULL, 1, 0, 1, 1, 0),
(257, 'EXPERIMENTAL INVESTIGATION OF HEAT TRANSFER DISTRIBUTION DUE TO IMPINGING SYNTHETIC JET', NULL, NULL, 1, 1, 0, 0, 0),
(259, 'A Study of Symmetrical Sector Cut Monopole Antenna with Notched Band for Ultra Wideband Wireless Applications', NULL, NULL, 1, 0, 1, 1, 0),
(259, 'A Study of Symmetrical Sector Cut Monopole Antenna with Notched Band for Ultra Wideband Wireless Applications', NULL, NULL, 1, 1, 0, 0, 0),
(260, 'Effect of Superstrates on the Resonant Frequency of a Circularly Polarized Nearly Circular Annular Ring Patch', NULL, NULL, 1, 0, 1, 1, 0),
(260, 'Effect of Superstrates on the Resonant Frequency of a Circularly Polarized Nearly Circular Annular Ring Patch', NULL, NULL, 1, 1, 0, 0, 0),
(261, 'TEMPEST PROTECTION OF IT INFRASTRUCTURE', NULL, NULL, 1, 0, 1, 1, 0),
(261, 'TEMPEST PROTECTION OF IT INFRASTRUCTURE', NULL, NULL, 1, 1, 0, 0, 0),
(262, 'STREAMING SERVER BASED ON RTSP', NULL, NULL, 1, 0, 1, 1, 0),
(262, 'STREAMING SERVER BASED ON RTSP', NULL, NULL, 1, 1, 0, 0, 0),
(263, 'Distributed Load Balancing Schemes over a Video on Demand(VoD) Systems', NULL, NULL, 1, 0, 1, 1, 0);
INSERT INTO `paper` (`id`, `title`, `type`, `description`, `tracks_id`, `chairperson_id`, `crc`, `copyright`, `pages`) VALUES
(264, 'Designing Efficient XML Web Services', NULL, NULL, 1, 0, 1, 1, 0),
(264, 'Designing Efficient XML Web Services', NULL, NULL, 1, 1, 0, 0, 0),
(265, 'Robust Speaker Identification in Babble Noise', NULL, NULL, 1, 0, 1, 1, 0),
(265, 'Robust Speaker Identification in Babble Noise', NULL, NULL, 1, 1, 0, 0, 0),
(266, 'Web Personalization by Assimilating Usage Data and Semantics Expressed In Ontology Terms', NULL, NULL, 1, 0, 1, 1, 0),
(266, 'Web Personalization by Assimilating Usage Data and Semantics Expressed In Ontology Terms', NULL, NULL, 1, 1, 0, 0, 0),
(267, 'ARCHITECTING AND IMPLEMENTING COMPETENCY MANAGEMENT SYSTEMS (CMS) FOR LARGE CORPORATE', NULL, NULL, 1, 0, 1, 1, 0),
(267, 'ARCHITECTING AND IMPLEMENTING COMPETENCY MANAGEMENT SYSTEMS (CMS) FOR LARGE CORPORATE', NULL, NULL, 1, 1, 0, 0, 0),
(268, 'THE MEDICATION OF ALLERGIC RHINITIS USING AN ARTIFICIAL NEURAL NETWORK: A COMPARATIVE STUDY', NULL, NULL, 1, 0, 1, 1, 0),
(268, 'THE MEDICATION OF ALLERGIC RHINITIS USING AN ARTIFICIAL NEURAL NETWORK: A COMPARATIVE STUDY', NULL, NULL, 1, 1, 0, 0, 0),
(269, 'Fingerprint Matching using Sectorized Complex Walsh Plane in Transform Domain', NULL, NULL, 1, 0, 1, 1, 0),
(269, 'Fingerprint Matching using Sectorized Complex Walsh Plane in Transform Domain', NULL, NULL, 1, 1, 0, 0, 0),
(270, 'Advanced Biometrics Applications Ð Face recognition', NULL, NULL, 1, 0, 1, 1, 0),
(270, 'Advanced Biometrics Applications ? Face recognition', NULL, NULL, 1, 1, 0, 0, 0),
(271, 'WEB USAGE MINING: APPLICATIONS AND PATTERN DISCOVERY', NULL, NULL, 1, 0, 1, 1, 0),
(271, 'WEB USAGE MINING: APPLICATIONS AND PATTERN DISCOVERY', NULL, NULL, 1, 1, 0, 0, 0),
(272, 'Pre-processed Depth First Search', NULL, NULL, 1, 0, 1, 1, 0),
(272, 'Pre-processed Depth First Search', NULL, NULL, 1, 1, 0, 0, 0),
(273, 'Implementation Challenges of Spectrum Sensing Techniques for Cognitive Radio', NULL, NULL, 1, 0, 1, 1, 0),
(273, 'Implementation Challenges of Spectrum Sensing Techniques for Cognitive Radio', NULL, NULL, 1, 1, 0, 0, 0),
(274, 'Cooperative WLAN Infrastructure for Enterprise Environment', NULL, NULL, 1, 0, 1, 1, 0),
(274, 'Cooperative WLAN Infrastructure for Enterprise Environment', NULL, NULL, 1, 1, 0, 0, 0),
(275, 'English to Sanskrit Machine Translation', NULL, NULL, 1, 0, 1, 1, 0),
(275, 'English to Sanskrit Machine Translation', NULL, NULL, 1, 1, 0, 0, 0),
(276, 'VLSI Based Industrial Security System', NULL, NULL, 1, 0, 1, 1, 0),
(276, 'VLSI Based Industrial Security System', NULL, NULL, 1, 1, 0, 0, 0),
(277, 'Microcontroller based control of three phase induction motor using PWM technique', NULL, NULL, 1, 0, 1, 1, 0),
(277, 'Microcontroller based control of three phase induction motor using PWM technique', NULL, NULL, 1, 1, 0, 0, 0),
(278, 'Modern SCADA system and its use in Electrical Load dispatch', NULL, NULL, 1, 0, 1, 1, 0),
(278, 'Modern SCADA system and its use in Electrical Load dispatch', NULL, NULL, 1, 1, 0, 0, 0),
(279, 'Speech Recognition System using Euclidean distance', NULL, NULL, 1, 0, 1, 1, 0),
(279, 'Speech Recognition System using Euclidean distance', NULL, NULL, 1, 1, 0, 0, 0),
(280, 'Wireless transmission of electrical power-Overviewof recent research & development', NULL, NULL, 1, 0, 1, 1, 0),
(280, 'Wireless transmission of electrical power-Overviewof recent research & development', NULL, NULL, 1, 1, 0, 0, 0),
(281, 'Determination of Energy Saving in Pumps in Parallel Optimal Operation System at Ravet Pumping Station ,Pune by Using Matlab and Variable Speed Drive.', NULL, NULL, 1, 0, 1, 1, 0),
(281, 'Determination of Energy Saving in Pumps in Parallel Optimal Operation System at Ravet Pumping Station ,Pune by Using Matlab and Variable Speed Drive.', NULL, NULL, 1, 1, 0, 0, 0),
(282, 'A CASE STUDY ON THE DISCRIMINATION OF IDENTICAL TWINS IN INDIA', NULL, NULL, 1, 0, 1, 1, 0),
(282, 'A CASE STUDY ON THE DISCRIMINATION OF IDENTICAL TWINS IN INDIA', NULL, NULL, 1, 1, 0, 0, 0),
(283, 'Disaster Recovery Planning with Virtualization in Banking Industry', NULL, NULL, 1, 0, 1, 1, 0),
(283, 'Disaster Recovery Planning with Virtualization in Banking Industry', NULL, NULL, 1, 1, 0, 0, 0),
(284, 'Cloud Computing and Its Applications', NULL, NULL, 1, 0, 1, 1, 0),
(284, 'Cloud Computing and Its Applications', NULL, NULL, 1, 1, 0, 0, 0),
(285, 'Skin Segmentation Based Face Tracking Independent Of Lighting Conditions', NULL, NULL, 1, 0, 1, 1, 0),
(285, 'Skin Segmentation Based Face Tracking Independent Of Lighting Conditions', NULL, NULL, 1, 1, 0, 0, 0),
(286, 'Real-time Face Recognition System with Dynamic Training and Enhanced Multi-Algorithm Face Recognition', NULL, NULL, 1, 0, 1, 1, 0),
(286, 'Real-time Face Recognition System with Dynamic Training and Enhanced Multi-Algorithm Face Recognition', NULL, NULL, 1, 1, 0, 0, 0),
(287, 'iCrux Ð An Artificially Intelligent Virtual Screen Technology', NULL, NULL, 1, 0, 1, 1, 0),
(287, 'iCrux ? An Artificially Intelligent Virtual Screen Technology', NULL, NULL, 1, 1, 0, 0, 0),
(288, 'Modeling and Controller Design of a Wind Energy Conversion system with Matrix Converter', NULL, NULL, 1, 0, 1, 1, 0),
(288, 'Modeling and Controller Design of a Wind Energy Conversion system with Matrix Converter', NULL, NULL, 1, 1, 0, 0, 0),
(289, 'Touch-less Fingerprint Recognition System', NULL, NULL, 1, 0, 1, 1, 0),
(289, 'Touch-less Fingerprint Recognition System', NULL, NULL, 1, 1, 0, 0, 0),
(290, 'Ubiquitous Information Management System', NULL, NULL, 1, 0, 1, 1, 0),
(290, 'Ubiquitous Information Management System', NULL, NULL, 1, 1, 0, 0, 0),
(291, 'Image Processing for Real Time Traffic Control', NULL, NULL, 1, 0, 1, 1, 0),
(291, 'Image Processing for Real Time Traffic Control', NULL, NULL, 1, 1, 0, 0, 0),
(292, 'The NREE (Non-Repudiation and Element Encryption) layer: Overcoming the SSL ProtocolÕs Vulnerabilities.', NULL, NULL, 1, 0, 1, 1, 0),
(293, 'Trust Enhanced Routing amid Black Hole Attackers', NULL, NULL, 1, 0, 1, 1, 0),
(293, 'Trust Enhanced Routing amid Black Hole Attackers', NULL, NULL, 1, 1, 0, 0, 0),
(294, 'M-Cash Application', NULL, NULL, 1, 0, 1, 1, 0),
(294, 'M-Cash Application', NULL, NULL, 1, 1, 0, 0, 0),
(295, 'Background Detection and Enhancement of Images Using Morphological Transformations', NULL, NULL, 1, 0, 1, 1, 0),
(295, 'Background Detection and Enhancement of Images Using Morphological Transformations', NULL, NULL, 1, 1, 0, 0, 0),
(296, 'simulation of noise cancellation using adaptive filter', NULL, NULL, 1, 0, 1, 1, 0),
(296, 'simulation of noise cancellation using adaptive filter', NULL, NULL, 1, 1, 0, 0, 0),
(297, 'Speech Recognition System', NULL, NULL, 1, 0, 1, 1, 0),
(297, 'Speech Recognition System', NULL, NULL, 1, 1, 0, 0, 0),
(298, 'Rotation Invariant Content Based Image Retrieval', NULL, NULL, 1, 0, 1, 1, 0),
(298, 'Rotation Invariant Content Based Image Retrieval', NULL, NULL, 1, 1, 0, 0, 0),
(299, 'Intelligent Sensor for CO emissions and Temperature Measurement in Power Station Boilers', NULL, NULL, 1, 0, 1, 1, 0),
(299, 'Intelligent Sensor for CO emissions and Temperature Measurement in Power Station Boilers', NULL, NULL, 1, 1, 0, 0, 0),
(300, 'Secure data transmission using steganography based data hiding in TCP/IP', NULL, NULL, 1, 0, 1, 1, 0),
(300, 'Secure data transmission using steganography based data hiding in TCP/IP', NULL, NULL, 1, 1, 0, 0, 0),
(301, 'GREEN Technology for Biodiesel Formation', NULL, NULL, 1, 0, 1, 1, 0),
(301, 'GREEN Technology for Biodiesel Formation', NULL, NULL, 1, 1, 0, 0, 0),
(302, 'Outlier Detection and Visualization of Large Datasets', NULL, NULL, 1, 0, 1, 1, 0),
(302, 'Outlier Detection and Visualization of Large Datasets', NULL, NULL, 1, 1, 0, 0, 0),
(303, 'A Survey of Resource Allocation and Load Balancing in Parallel Query Optimization', NULL, NULL, 1, 0, 1, 1, 0),
(303, 'A Survey of Resource Allocation and Load Balancing in Parallel Query Optimization', NULL, NULL, 1, 1, 0, 0, 0),
(304, 'Imapct of halo implantation on short channel effects', NULL, NULL, 1, 0, 1, 1, 0),
(304, 'Imapct of halo implantation on short channel effects', NULL, NULL, 1, 1, 0, 0, 0),
(305, 'Pitch Estimation using Autocorrelation Method and AMDF', NULL, NULL, 1, 0, 1, 1, 0),
(305, 'Pitch Estimation using Autocorrelation Method and AMDF', NULL, NULL, 1, 1, 0, 0, 0),
(307, 'Configuring Hard Disk Drives on Nodes of a LAN to Improve Capacity and Efficiency of Network Storage', NULL, NULL, 1, 0, 1, 1, 0),
(307, 'Configuring Hard Disk Drives on Nodes of a LAN to Improve Capacity and Efficiency of Network Storage', NULL, NULL, 1, 1, 0, 0, 0),
(308, 'COLOR AND TEXTURE FEATURS FOR CONTENT BASED IMAGE RETRIVAL SYSTEM', NULL, NULL, 1, 0, 1, 1, 0),
(308, 'COLOR AND TEXTURE FEATURS FOR CONTENT BASED IMAGE RETRIVAL SYSTEM', NULL, NULL, 1, 1, 0, 0, 0),
(309, 'Gaussian mixture model based Moving object detection from video sequence', NULL, NULL, 1, 0, 1, 1, 0),
(309, 'Gaussian mixture model based Moving object detection from video sequence', NULL, NULL, 1, 1, 0, 0, 0),
(310, 'MACHINE LEARNING APPROACH FOR OBJECT RECOGNITION', NULL, NULL, 1, 0, 1, 1, 0),
(310, 'MACHINE LEARNING APPROACH FOR OBJECT RECOGNITION', NULL, NULL, 1, 1, 0, 0, 0),
(311, 'Illumination Invariant Moving Object Detection', NULL, NULL, 1, 0, 1, 1, 0),
(312, 'Finding Object categories in Image collections', NULL, NULL, 1, 0, 1, 1, 0),
(313, 'An Analysis on Performance Evaluation of DSR in Various Placement Environments', NULL, NULL, 1, 0, 1, 1, 0),
(313, 'An Analysis on Performance Evaluation of DSR in Various Placement Environments', NULL, NULL, 1, 1, 0, 0, 0),
(314, 'FPGA Based Implementation of Decoding Architectures', NULL, NULL, 1, 0, 1, 1, 0),
(314, 'FPGA Based Implementation of Decoding Architectures', NULL, NULL, 1, 1, 0, 0, 0),
(315, 'FPGA Implementation Of Multiplierless 5/3 Legall Discrete Wavelet Transform Using Lifting Approach', NULL, NULL, 1, 0, 1, 1, 0),
(315, 'FPGA Implementation Of Multiplierless 5/3 Legall Discrete Wavelet Transform Using Lifting Approach', NULL, NULL, 1, 1, 0, 0, 0),
(316, 'First order sigma Delta modulator design using floating gate Integrator', NULL, NULL, 1, 0, 1, 1, 0),
(316, 'First order sigma Delta modulator design using floating gate Integrator', NULL, NULL, 1, 1, 0, 0, 0),
(317, 'Blogging Website', NULL, NULL, 1, 0, 1, 1, 0),
(317, 'Blogging Website', NULL, NULL, 1, 1, 0, 0, 0),
(318, 'KS Ring Theoretic Approach for Matrix Multiplication', NULL, NULL, 1, 0, 1, 1, 0),
(318, 'KS Ring Theoretic Approach for Matrix Multiplication', NULL, NULL, 1, 1, 0, 0, 0),
(319, 'Platonis: A Validation Platform for Protocols and Services', NULL, NULL, 1, 0, 1, 1, 0),
(319, 'Platonis: A Validation Platform for Protocols and Services', NULL, NULL, 1, 1, 0, 0, 0),
(320, 'Design of Hexagonal Multiplexer for Communication System', NULL, NULL, 1, 0, 1, 1, 0),
(320, 'Design of Hexagonal Multiplexer for Communication System', NULL, NULL, 1, 1, 0, 0, 0),
(321, 'Design of A Square Fractal antenna with Flare Angle', NULL, NULL, 1, 0, 1, 1, 0),
(321, 'Design of A Square Fractal antenna with Flare Angle', NULL, NULL, 1, 1, 0, 0, 0),
(322, 'Knowledge Management and Software Testing', NULL, NULL, 1, 0, 1, 1, 0),
(322, 'Knowledge Management and Software Testing', NULL, NULL, 1, 1, 0, 0, 0),
(323, 'FPGA Implementation of Reed-Solomon Codes', NULL, NULL, 1, 0, 1, 1, 0),
(323, 'FPGA Implementation of Reed-Solomon Codes', NULL, NULL, 1, 1, 0, 0, 0),
(324, 'VOLTAGE SAG ANALYSIS WITH DISTRIBUTED GENERATION', NULL, NULL, 1, 0, 1, 1, 0),
(324, 'VOLTAGE SAG ANALYSIS WITH DISTRIBUTED GENERATION', NULL, NULL, 1, 1, 0, 0, 0),
(325, 'Tx-Policy: Transactional Policies for Reliable Web Service Composition', NULL, NULL, 1, 0, 1, 1, 0),
(326, 'AOMDV-APLP: An Enhanced Algorithm with Accessibility and Link Breakage Prediction', NULL, NULL, 1, 0, 1, 1, 0),
(326, 'AOMDV-APLP: An Enhanced Algorithm with Accessibility and Link Breakage Prediction', NULL, NULL, 1, 1, 0, 0, 0),
(327, 'Pattern Identification in Complex Data Using Principal Component Analysis', NULL, NULL, 1, 0, 1, 1, 0),
(327, 'Pattern Identification in Complex Data Using Principal Component Analysis', NULL, NULL, 1, 1, 0, 0, 0),
(328, 'Robotics Applications using Solar Power Storage and Utilization in Military Operations', NULL, NULL, 1, 0, 1, 1, 0),
(328, 'Robotics Applications using Solar Power Storage and Utilization in Military Operations', NULL, NULL, 1, 1, 0, 0, 0),
(329, 'Off-Line Signature Verification Systems: A Survey', NULL, NULL, 1, 0, 1, 1, 0),
(329, 'Off-Line Signature Verification Systems: A Survey', NULL, NULL, 1, 1, 0, 0, 0),
(330, 'A Novel and Optimal Video Replication Technique for Video-on-Demand Systems', NULL, NULL, 1, 0, 1, 1, 0),
(330, 'A Novel and Optimal Video Replication Technique for Video-on-Demand Systems', NULL, NULL, 1, 1, 0, 0, 0),
(331, 'Optimized Carry Look-ahead BCD Adder Using Reversible Logic', NULL, NULL, 1, 0, 1, 1, 0),
(331, 'Optimized Carry Look-ahead BCD Adder Using Reversible Logic', NULL, NULL, 1, 1, 0, 0, 0),
(332, '"Preserving Image Features By Removing Noise Through Diffusion Filtering"', NULL, NULL, 1, 0, 1, 1, 0),
(332, 'Preserving Image Features By Removing Noise Through Diffusion Filtering', NULL, NULL, 1, 1, 0, 0, 0),
(333, 'A Comparative Analysis of Centralized and Distributed Dynamic Load Balancing Algorithms for Cluster Based Video-on-Demand Systems', NULL, NULL, 1, 0, 1, 1, 0),
(333, 'A Comparative Analysis of Centralized and Distributed Dynamic Load Balancing Algorithms for Cluster Based Video-on-Demand Systems', NULL, NULL, 1, 1, 0, 0, 0),
(334, 'Precise Positioning Using GPS for Category-III Aircraft Operations Using Smoothed Pseudorange Measurements', NULL, NULL, 1, 0, 1, 1, 0),
(334, 'Precise Positioning Using GPS for Category-III Aircraft Operations Using Smoothed Pseudorange Measurements', NULL, NULL, 1, 1, 0, 0, 0),
(335, 'Vehicle Status Monitoring via GSM Modem Using PIC Microcontroller', NULL, NULL, 1, 0, 1, 1, 0),
(335, 'Vehicle Status Monitoring via GSM Modem Using PIC Microcontroller', NULL, NULL, 1, 1, 0, 0, 0),
(336, 'Performance Analysis of Accelerated MATLAB operations using GPGPU Technology.', NULL, NULL, 1, 0, 1, 1, 0),
(336, 'Performance Analysis of Accelerated MATLAB operations using GPGPU Technology.', NULL, NULL, 1, 1, 0, 0, 0),
(337, 'Optimization Techniques To Achieve a Low-Power Low-Phase-Noise QVCO for Wireless Applications', NULL, NULL, 1, 0, 1, 1, 0),
(338, 'Coaxially Feed inscribed Square Circular Multiband Antenna for Wireless Communication', NULL, NULL, 1, 0, 1, 1, 0),
(338, 'Coaxially Feed inscribed Square Circular Multiband Antenna for Wireless Communication', NULL, NULL, 1, 1, 0, 0, 0),
(339, 'Low Power Folding and Interpolating ADC using Cascaded Folding Amplifier', NULL, NULL, 1, 0, 1, 1, 0),
(339, 'Low Power Folding and Interpolating ADC using Cascaded Folding Amplifier', NULL, NULL, 1, 1, 0, 0, 0),
(340, 'EPILEPSY DISORDER DETECTION BY EEG SIGNAL DECOMPOSITION USING WAVELET TRANSFORM', NULL, NULL, 1, 0, 1, 1, 0),
(340, 'EPILEPSY DISORDER DETECTION BY EEG SIGNAL DECOMPOSITION USING WAVELET TRANSFORM', NULL, NULL, 1, 1, 0, 0, 0),
(341, 'Predicting Epileptic Seizure from MRI Using Fast Single Shot Proximal Support Vector Machine', NULL, NULL, 1, 0, 1, 1, 0),
(341, 'Predicting Epileptic Seizure from MRI Using Fast Single Shot Proximal Support Vector Machine', NULL, NULL, 1, 1, 0, 0, 0),
(342, 'Implementation Of Round Robin Policy In DNS for Thresholding of Distributed Web Server System', NULL, NULL, 1, 0, 1, 1, 0),
(342, 'Implementation Of Round Robin Policy In DNS for Thresholding of Distributed Web Server System', NULL, NULL, 1, 1, 0, 0, 0),
(343, 'Performance Comparison of Microstrip Patch Antennas for UHF RFID Applications', NULL, NULL, 1, 0, 1, 1, 0),
(343, 'Performance Comparison of Microstrip Patch Antennas for UHF RFID Applications', NULL, NULL, 1, 1, 0, 0, 0),
(344, 'Performance analysis of a Multicarrier CDMA technique for 4G mobile communication systems', NULL, NULL, 1, 0, 1, 1, 0),
(344, 'Performance analysis of a Multicarrier CDMA technique for 4G mobile communication systems', NULL, NULL, 1, 1, 0, 0, 0),
(345, 'Transform Based Face Recognition with Partial and Full Feature Vector using DCT and Walsh Transform', NULL, NULL, 1, 0, 1, 1, 0),
(345, 'Transform Based Face Recognition with Partial and Full Feature Vector using DCT and Walsh Transform', NULL, NULL, 1, 1, 0, 0, 0),
(346, 'Data Mining: Next Generation Challenges and Future Directions', NULL, NULL, 1, 0, 1, 1, 0),
(346, 'Data Mining: Next Generation Challenges and Future Directions', NULL, NULL, 1, 1, 0, 0, 0),
(347, 'Indigenous Mote Design for Wireless Patient Monitoring Station', NULL, NULL, 1, 0, 1, 1, 0),
(347, 'Indigenous Mote Design for Wireless Patient Monitoring Station', NULL, NULL, 1, 1, 0, 0, 0),
(348, 'Object Detection and Segmentation using Local and Global Property', NULL, NULL, 1, 0, 1, 1, 0),
(349, 'Wireless Data Assistance in Real time Environment using DSP processor', NULL, NULL, 1, 0, 1, 1, 0),
(349, 'Wireless Data Assistance in Real time Environment using DSP processor', NULL, NULL, 1, 1, 0, 0, 0),
(350, 'DNA COMPUTING', NULL, NULL, 1, 0, 1, 1, 0),
(350, 'DNA COMPUTING', NULL, NULL, 1, 1, 0, 0, 0),
(351, 'Contour based Object Tracking', NULL, NULL, 1, 0, 1, 1, 0),
(351, 'Contour based Object Tracking', NULL, NULL, 1, 1, 0, 0, 0),
(352, 'Latest Search Engine Optimization Techniques To increase websiteÕs ranking in search results', NULL, NULL, 1, 0, 1, 1, 0),
(352, 'Latest Search Engine Optimization Techniques To increase website?s ranking in search results', NULL, NULL, 1, 1, 0, 0, 0),
(353, 'Bayesian Networks in Probabilistic Relational Data Mining', NULL, NULL, 1, 0, 1, 1, 0),
(353, 'Bayesian Networks in Probabilistic Relational Data Mining', NULL, NULL, 1, 1, 0, 0, 0),
(354, 'Current Trends in E-Learning', NULL, NULL, 1, 0, 1, 1, 0),
(354, 'Current Trends in E-Learning', NULL, NULL, 1, 1, 0, 0, 0),
(355, 'Associative Classification in the Prediction of Tuberculosis', NULL, NULL, 1, 0, 1, 1, 0),
(355, 'Associative Classification in the Prediction of Tuberculosis', NULL, NULL, 1, 1, 0, 0, 0),
(356, 'A New Steganographic Approach using Sudoku', NULL, NULL, 1, 0, 1, 1, 0),
(356, 'A New Steganographic Approach using Sudoku', NULL, NULL, 1, 1, 0, 0, 0),
(357, 'Object Counting in Video Sequences', NULL, NULL, 1, 0, 1, 1, 0),
(358, 'Self Recoverable Block-wise Fragile Watermarking Scheme using Histogram Segmentation', NULL, NULL, 1, 0, 1, 1, 0),
(358, 'Self Recoverable Block-wise Fragile Watermarking Scheme based on Histogram Segmentation', NULL, NULL, 1, 1, 0, 0, 0),
(359, 'A Novel Pixel Based Color Transition Method for 2D Image Morphing', NULL, NULL, 1, 0, 1, 1, 0),
(359, 'A Novel Pixel Based Color Transition Method for 2D Image Morphing', NULL, NULL, 1, 1, 0, 0, 0),
(360, 'FPGA implementation of digital down converter (DDC) with CIC filters for SDR applications', NULL, NULL, 1, 0, 1, 1, 0),
(360, 'FPGA implementation of digital down converter (DDC) with CIC filters for SDR applications', NULL, NULL, 1, 1, 0, 0, 0),
(361, 'A Multithreaded Based Load Balancing Framework for Video-on-Demand Systems', NULL, NULL, 1, 0, 1, 1, 0),
(361, 'A Multithreaded Based Load Balancing Framework for Video-on-Demand Systems', NULL, NULL, 1, 1, 0, 0, 0),
(362, 'On the Design of Embedded Matching Strip in Multilayered Annular Ring Antenna', NULL, NULL, 1, 0, 1, 1, 0),
(362, 'On the Design of Embedded Matching Strip in Multilayered Annular Ring Antenna', NULL, NULL, 1, 1, 0, 0, 0),
(363, 'role of computer in global warming', NULL, NULL, 1, 0, 1, 1, 0),
(363, 'role of computer in global warming', NULL, NULL, 1, 1, 0, 0, 0),
(364, 'A SURVEY OF PRIVATE INFORMATION RETRIEVAL OF RELATIONAL DATABASES', NULL, NULL, 1, 0, 1, 1, 0),
(364, 'A SURVEY OF PRIVATE INFORMATION RETRIEVAL OF RELATIONAL DATABASES', NULL, NULL, 1, 1, 0, 0, 0),
(365, 'Tumor Demarcation of MRI Scan using KMCG Vector Quantization Algorithm', NULL, NULL, 1, 0, 1, 1, 0),
(365, 'Tumor Demarcation of MRI Scan using KMCG Vector Quantization Algorithm', NULL, NULL, 1, 1, 0, 0, 0),
(366, 'Adaptive Neuro Fuzzy Inference System for the optimization of behaviour of fractal antenna', NULL, NULL, 1, 0, 1, 1, 0),
(366, 'Adaptive Neuro Fuzzy Inference System for the optimization of behaviour of fractal antenna', NULL, NULL, 1, 1, 0, 0, 0),
(367, 'An Analysis on Performance Evaluation of Routing Protocol in Mobile Adhoc Network', NULL, NULL, 1, 0, 1, 1, 0),
(367, 'An Analysis on Performance Evaluation of Routing Protocol in Mobile Adhoc Network', NULL, NULL, 1, 1, 0, 0, 0),
(368, 'A Qualitative-Quantitative Comparison of Image Motion Deblurring Algorithms', NULL, NULL, 1, 0, 1, 1, 0),
(368, 'A Qualitative-Quantitative Comparison of Image Motion Deblurring Algorithms', NULL, NULL, 1, 1, 0, 0, 0),
(369, 'Smart Non-conventional Power', NULL, NULL, 1, 0, 1, 1, 0),
(369, 'Smart Non-conventional Power', NULL, NULL, 1, 1, 0, 0, 0),
(370, 'Investigation Of Parameters Of Liquid Crystal Mixtures', NULL, NULL, 1, 0, 1, 1, 0),
(370, 'Investigation Of Parameters Of Liquid Crystal Mixtures', NULL, NULL, 1, 1, 0, 0, 0),
(371, 'Data Warehousing Techniques', NULL, NULL, 1, 0, 1, 1, 0),
(371, 'Data Warehousing Techniques', NULL, NULL, 1, 1, 0, 0, 0),
(372, 'Role of ANN in Secured Wireless Multicast Routing during Dynamic Channel Allocation for user demanded packet optimality', NULL, NULL, 1, 0, 1, 1, 0),
(372, 'Role of ANN in Secured Wireless Multicast Routing during Dynamic Channel Allocation for user demanded packet optimality', NULL, NULL, 1, 1, 0, 0, 0),
(373, 'Escaping Difference Image Histogram Steganalysis', NULL, NULL, 1, 0, 1, 1, 0),
(373, 'Escaping Difference Image Histogram Steganalysis', NULL, NULL, 1, 1, 0, 0, 0),
(374, 'Delay Evaluation for On-Chip RC Interconnects using Beta Distribution Function using Moment Matching Technique', NULL, NULL, 1, 0, 1, 1, 0),
(374, 'Delay Evaluation for On-Chip RC Interconnects using Beta Distribution Function using Moment Matching Technique', NULL, NULL, 1, 1, 0, 0, 0),
(375, 'A Review on Intelligent Methods Used in Medicine and Life Science', NULL, NULL, 1, 0, 1, 1, 0),
(375, 'A Review on Intelligent Methods Used in Medicine and Life Science', NULL, NULL, 1, 1, 0, 0, 0),
(376, 'Cloud Computing and the Windows Azure Platform', NULL, NULL, 1, 0, 1, 1, 0),
(376, 'Cloud Computing : Windows Azure Platform', NULL, NULL, 1, 1, 0, 0, 0),
(377, 'ETHICS OF PRIVACY PRESERVING IN DATA MINING- A SURVEY', NULL, NULL, 1, 0, 1, 1, 0),
(377, 'ETHICS OF PRIVACY PRESERVING IN DATA MINING- A SURVEY', NULL, NULL, 1, 1, 0, 0, 0),
(378, 'An approach to optimize Fuzzy Time-Interval Sequential Patterns using Multi-Objective Genetic Algorithm', NULL, NULL, 1, 0, 1, 1, 0),
(378, 'An approach to optimize Fuzzy Time-Interval Sequential Patterns using Multi-Objective Genetic Algorithm', NULL, NULL, 1, 1, 0, 0, 0),
(379, 'DESIGN OF DUAL BAND ANTENNA FOR WIRELESS COMMUNICATION (ISM BAND)', NULL, NULL, 1, 0, 1, 1, 0),
(379, 'DESIGN OF DUAL BAND ANTENNA FOR WIRELESS COMMUNICATION (ISM BAND)', NULL, NULL, 1, 1, 0, 0, 0),
(380, 'Non - Invasive Detection and Treatment Methods on Tumor Growth in Body System', NULL, NULL, 1, 0, 1, 1, 0),
(380, 'Non - Invasive Detection and Treatment Methods on Tumor Growth in Body System', NULL, NULL, 1, 1, 0, 0, 0),
(381, 'Methodology for Implementation of Heterogeneous Distributed Database System', NULL, NULL, 1, 0, 1, 1, 0),
(381, 'Methodology for Implementation of Heterogeneous Distributed Database System', NULL, NULL, 1, 1, 0, 0, 0),
(382, 'Smart Search Engine Using Artificial Intelligence', NULL, NULL, 1, 0, 1, 1, 0),
(382, 'Smart Search Engine Using Artificial Intelligence', NULL, NULL, 1, 1, 0, 0, 0),
(383, 'An Introduction to Remote Infrastructure Management Services', NULL, NULL, 1, 0, 1, 1, 0),
(383, 'An Introduction to Remote Infrastructure Management Services', NULL, NULL, 1, 1, 0, 0, 0),
(384, 'Speaker Recognition with Statistical Analysis', NULL, NULL, 1, 0, 1, 1, 0),
(384, 'Speaker Recognition with Statistical Analysis', NULL, NULL, 1, 1, 0, 0, 0),
(385, 'External Interrupt Verification for Microprocessor Design', NULL, NULL, 1, 0, 1, 1, 0),
(385, 'External Interrupt Verification for Microprocessor Design', NULL, NULL, 1, 1, 0, 0, 0),
(386, 'IRIS Recognition using Texture Features Extracted from Walshlet Pyramid', NULL, NULL, 1, 0, 1, 1, 0),
(386, 'IRIS Recognition using Texture Features Extracted from Walshlet Pyramid', NULL, NULL, 1, 1, 0, 0, 0),
(387, 'Security Management System for Oilfield Based on Zigbee Wireless Communicatios', NULL, NULL, 1, 0, 1, 1, 0),
(387, 'Security Management System for Oilfield Based on Zigbee Wireless Communicatios', NULL, NULL, 1, 1, 0, 0, 0),
(388, 'The Role of Zigbee Technology in Future Wireless Communication System', NULL, NULL, 1, 0, 1, 1, 0),
(388, 'The Role of Zigbee Technology in Future Wireless Communication System', NULL, NULL, 1, 1, 0, 0, 0),
(389, 'The Cassegrainian Reflector and Feed System Design', NULL, NULL, 1, 0, 1, 1, 0),
(389, 'The Cassegrainian Reflector and Feed System Design', NULL, NULL, 1, 1, 0, 0, 0),
(390, 'Image stitching', NULL, NULL, 1, 0, 1, 1, 0),
(390, 'Image stitching', NULL, NULL, 1, 1, 0, 0, 0),
(391, 'The Cassegrainian Reflector and Feed System Design', NULL, NULL, 1, 0, 1, 1, 0),
(391, 'The Cassegrainian Reflector and Feed System Design', NULL, NULL, 1, 1, 0, 0, 0),
(392, 'Line Follower Robot using Partial Reconfiguration', NULL, NULL, 1, 0, 1, 1, 0),
(392, 'Line Follower Robot using Partial Reconfiguration', NULL, NULL, 1, 1, 0, 0, 0),
(393, 'VLSI APPLICATION IN COMMUNICATION FOR IMPLEMENTATION OF FM RADIO RECEIVER', NULL, NULL, 1, 0, 1, 1, 0),
(393, 'VLSI APPLICATION IN COMMUNICATION FOR IMPLEMENTATION OF FM RADIO RECEIVER', NULL, NULL, 1, 1, 0, 0, 0),
(394, 'Detection and Recognition of Mandatory and Cautionary Road Signals Using Unique Identifiable Features', NULL, NULL, 1, 0, 1, 1, 0),
(394, 'Detection and Recognition of Mandatory and Cautionary Road Signals Using Unique Identifiable Features', NULL, NULL, 1, 1, 0, 0, 0),
(395, 'Review of IP Multimedia Subsystem (IMS)', NULL, NULL, 1, 0, 1, 1, 0),
(395, 'Review of IP Multimedia Subsystem (IMS)', NULL, NULL, 1, 1, 0, 0, 0),
(396, 'Decentralized Content Aware Load Balancing Algorithm for Distributed Computing Environments', NULL, NULL, 1, 0, 1, 1, 0),
(396, 'Decentralized Content Aware Load Balancing Algorithm for Distributed Computing Environments', NULL, NULL, 1, 1, 0, 0, 0),
(397, 'A Hierarchical Framework for Event Detection and Classification in Football Sports Video', NULL, NULL, 1, 0, 1, 1, 0),
(397, 'A Hierarchical Framework for Event Detection and Classification in Football Sports Video', NULL, NULL, 1, 1, 0, 0, 0),
(398, 'Novel 3D password for providing authentication in critical web applications', NULL, NULL, 1, 0, 1, 1, 0),
(398, 'Novel 3D password for providing authentication in critical web applications', NULL, NULL, 1, 1, 0, 0, 0),
(399, 'Campus Connect: Innovative Teacher - Student Data Exchange Centre', NULL, NULL, 1, 0, 1, 1, 0),
(399, 'Campus Connect: Innovative Teacher - Student Data Exchange Centre', NULL, NULL, 1, 1, 0, 0, 0),
(400, 'Design of a new algorithm for WAN Disconnection Emulation and Implementing it in WANem', NULL, NULL, 1, 0, 1, 1, 0),
(400, 'Design of a new algorithm for WAN Disconnection Emulation and Implementing it in WANem', NULL, NULL, 1, 1, 0, 0, 0),
(401, 'AUDIO-VIDEO SYNCHRONIZATION', NULL, NULL, 1, 0, 1, 1, 0),
(401, 'AUDIO-VIDEO SYNCHRONIZATION', NULL, NULL, 1, 1, 0, 0, 0),
(402, 'Efficient Low Bit Rate Video Compression Technique for Mobile Applications', NULL, NULL, 1, 0, 1, 1, 0),
(402, 'Efficient Low Bit Rate Video Compression Technique for Mobile Applications', NULL, NULL, 1, 1, 0, 0, 0),
(403, 'Accuracy comparison of Predictive algorithms of data Mining : Application in Education Sector', NULL, NULL, 1, 0, 1, 1, 0),
(404, 'Key Management in Secure Self Organized Wireless Sensor Network: A New Approach', NULL, NULL, 1, 0, 1, 1, 0),
(404, 'Key Management in Secure Self Organized Wireless Sensor Network: A New Approach', NULL, NULL, 1, 1, 0, 0, 0),
(405, 'A Comparative Study of Signature based Indexes for Efficient Retrieval of Temporal Patterns', NULL, NULL, 1, 0, 1, 1, 0),
(405, 'A Comparative Study of Signature based Indexes for Efficient Retrieval of Temporal Patterns', NULL, NULL, 1, 1, 0, 0, 0),
(406, 'Smart hospital using RFID and ZigBee technology', NULL, NULL, 1, 0, 1, 1, 0),
(406, 'Smart hospital using RFID and ZigBee technology', NULL, NULL, 1, 1, 0, 0, 0),
(407, 'Hypergeometric Distribution based Semantic Searching Technique', NULL, NULL, 1, 0, 1, 1, 0),
(407, 'Hypergeometric Distribution based Semantic Searching Technique', NULL, NULL, 1, 1, 0, 0, 0),
(408, 'Smart Devices by Reducing the Error Rate in Location Finding with GPS', NULL, NULL, 1, 0, 1, 1, 0),
(408, 'Smart Devices by Reducing the Error Rate in Location Finding with GPS', NULL, NULL, 1, 1, 0, 0, 0),
(409, 'Video compression using H.264/MPEG 4 Advanced Video Coding', NULL, NULL, 1, 0, 1, 1, 0),
(409, 'Video compression using H.264/MPEG 4 Advanced Video Coding', NULL, NULL, 1, 1, 0, 0, 0),
(410, 'TST : A Job Scheduling Algorithm in Computational Grid', NULL, NULL, 1, 0, 1, 1, 0),
(410, 'TST : A Job Scheduling Algorithm in Computational Grid', NULL, NULL, 1, 1, 0, 0, 0),
(411, 'A contour based scheme for representing arbitrary shapes in digital images', NULL, NULL, 1, 0, 1, 1, 0),
(411, 'A contour based scheme for representing arbitrary shapes in digital images', NULL, NULL, 1, 1, 0, 0, 0),
(412, 'Interfaces in C#: A plug-and-play Architecture', NULL, NULL, 1, 0, 1, 1, 0),
(412, 'Interfaces in C#: A plug-and-play Architecture', NULL, NULL, 1, 1, 0, 0, 0),
(413, 'TRANSLATION MEMORY FOR INDIAN LANGUAGES: AN AID FOR HUMAN TRANSLATORS', NULL, NULL, 1, 0, 1, 1, 0),
(413, 'TRANSLATION MEMORY FOR INDIAN LANGUAGES: AN AID FOR HUMAN TRANSLATORS', NULL, NULL, 1, 1, 0, 0, 0),
(414, 'PRECISION FARMING AUTOMATION TOOLKIT', NULL, NULL, 1, 0, 1, 1, 0),
(415, 'Math Word Question Generation for Training the Students with Learning Difficulties', NULL, NULL, 1, 0, 1, 1, 0),
(415, 'Math Word Question Generation for Training the Students with Learning Difficulties', NULL, NULL, 1, 1, 0, 0, 0),
(416, 'Performance Analysis of FSR and ZRP Routing Protocols for MANET', NULL, NULL, 1, 0, 1, 1, 0),
(416, 'Performance Analysis of FSR and ZRP Routing Protocols for MANET', NULL, NULL, 1, 1, 0, 0, 0),
(417, 'Ontology Development for Health Care in India', NULL, NULL, 1, 0, 1, 1, 0),
(417, 'Ontology Development for Health Care in India', NULL, NULL, 1, 1, 0, 0, 0),
(418, 'Proactive Performance Testing using SQL Performance Assurance Services (SQL-PASS)', NULL, NULL, 1, 0, 1, 1, 0),
(418, 'Proactive Performance Testing using SQL Performance Assurance Services (SQL-PASS)', NULL, NULL, 1, 1, 0, 0, 0),
(419, 'Resource Management in Wireless Communication using Particle Swarm Optimization', NULL, NULL, 1, 0, 1, 1, 0),
(419, 'Resource Management in Wireless Communication using Particle Swarm Optimization', NULL, NULL, 1, 1, 0, 0, 0),
(420, 'Interior Designing using Virtual Reality', NULL, NULL, 1, 0, 1, 1, 0),
(420, 'Interior Designing using Virtual Reality', NULL, NULL, 1, 1, 0, 0, 0),
(421, 'A Survey of XQuery:An XML Query Language', NULL, NULL, 1, 0, 1, 1, 0),
(421, 'A Survey of XQuery:An XML Query Language', NULL, NULL, 1, 1, 0, 0, 0),
(422, 'Optimization of load balancing algorithm for Green IT', NULL, NULL, 1, 0, 1, 1, 0),
(422, 'Optimization of load balancing algorithm for Green IT', NULL, NULL, 1, 1, 0, 0, 0),
(423, 'Cooperative ARQ Techniques for Wireless Networks', NULL, NULL, 1, 0, 1, 1, 0),
(423, 'Cooperative ARQ Techniques for Wireless Networks', NULL, NULL, 1, 1, 0, 0, 0),
(424, 'Software Defect Prediction using Data Mining for Embedded Software', NULL, NULL, 1, 0, 1, 1, 0),
(424, 'Software Defect Prediction using Data Mining for Embedded Software', NULL, NULL, 1, 1, 0, 0, 0),
(425, 'A Comparative Analysis of Ajax, Struts and Spring', NULL, NULL, 1, 0, 1, 1, 0),
(425, 'A Comparative Analysis of Ajax, Struts and Spring', NULL, NULL, 1, 1, 0, 0, 0),
(426, 'Obtaining Patterns for Identification of Power Quality Disturbances Using Continuous Wavelet Transform', NULL, NULL, 1, 0, 1, 1, 0),
(426, 'Obtaining Patterns for Identification of Power Quality Disturbances Using Continuous Wavelet Transform', NULL, NULL, 1, 1, 0, 0, 0),
(427, 'Software Complexity Analysis at Architectural Level', NULL, NULL, 1, 0, 1, 1, 0),
(427, 'Software Complexity Analysis at Architectural Level', NULL, NULL, 1, 1, 0, 0, 0),
(428, 'Emotion Recognition through Facial Expression Analysis Using Neuro Fuzzy System', NULL, NULL, 1, 0, 1, 1, 0),
(428, 'Emotion Recognition through Facial Expression Analysis Using Neuro Fuzzy System', NULL, NULL, 1, 1, 0, 0, 0),
(429, 'Intelligent EducatorÕs Feedback Through Expression Recognition', NULL, NULL, 1, 0, 1, 1, 0),
(429, 'Intelligent Educator?s Feedback Through Expression Recognition', NULL, NULL, 1, 1, 0, 0, 0),
(430, 'Marker Gene Selection for Sample Classification Using a New MST Based Clustering Algorithm', NULL, NULL, 1, 0, 1, 1, 0),
(430, 'Marker Gene Selection for Sample Classification Using a New MST Based Clustering Algorithm', NULL, NULL, 1, 1, 0, 0, 0),
(431, 'Mathematical modeling of photovoltaic panel & its utilization for Maximum Power Point Tracking using Fuzzy Logic Controller.', NULL, NULL, 1, 0, 1, 1, 0),
(431, 'Mathematical modeling of photovoltaic panel & its utilization for Maximum Power Point Tracking using Fuzzy Logic Controller.', NULL, NULL, 1, 1, 0, 0, 0),
(432, 'dwt dct svd watermarking', NULL, NULL, 1, 0, 1, 1, 0),
(432, 'dwt dct svd watermarking', NULL, NULL, 1, 1, 0, 0, 0),
(433, 'Design and Development of a Novel Mobile Electronic-Nose for Fungi in North-Eastern Region of India', NULL, NULL, 1, 0, 1, 1, 0),
(433, 'Design and Development of a Novel Mobile Electronic-Nose for Fungi in North-Eastern Region of India', NULL, NULL, 1, 1, 0, 0, 0),
(434, 'Promoting Business Decision Making In Networking through Group Decision Support System', NULL, NULL, 1, 0, 1, 1, 0),
(434, 'Promoting Business Decision Making In Networking through Group Decision Support System', NULL, NULL, 1, 1, 0, 0, 0),
(435, 'ACCESSING EMAILS USING SMS', NULL, NULL, 1, 0, 1, 1, 0),
(435, 'ACCESSING EMAILS USING SMS', NULL, NULL, 1, 1, 0, 0, 0),
(436, 'i-Bio software', NULL, NULL, 1, 0, 1, 1, 0),
(436, 'i-Bio software', NULL, NULL, 1, 1, 0, 0, 0),
(437, 'Implementation of AES for Low Bit Rate Video', NULL, NULL, 1, 0, 1, 1, 0),
(437, 'Low Bit Rate Video Processing Algorithm', NULL, NULL, 1, 1, 0, 0, 0),
(438, 'Solar Windows', NULL, NULL, 1, 0, 1, 1, 0),
(438, 'Solar Windows', NULL, NULL, 1, 1, 0, 0, 0),
(440, 'Playfully Teaching Artificial Intelligence by Implementing Games to undergraduates', NULL, NULL, 1, 0, 1, 1, 0),
(440, 'Playfully Teaching Artificial Intelligence by Implementing Games to undergraduates', NULL, NULL, 1, 1, 0, 0, 0),
(441, 'QUALITY MEASUREMNET OF MODULARIZED OBJECT ORIENTED SOFTWARE USING METRICS', NULL, NULL, 1, 0, 1, 1, 0),
(441, 'QUALITY MEASUREMNET OF MODULARIZED OBJECT ORIENTED SOFTWARE USING METRICS', NULL, NULL, 1, 1, 0, 0, 0),
(442, 'Fuzzy Priority Scheduler for WiMAX with Improved QoS', NULL, NULL, 1, 0, 1, 1, 0),
(442, 'Fuzzy Priority Scheduler for WiMAX with Improved QoS', NULL, NULL, 1, 1, 0, 0, 0),
(443, 'DCT-Based Unique Normalized Feature Images using Mahalanobis Distance for Face Recognition', NULL, NULL, 1, 0, 1, 1, 0),
(443, 'DCT-Based Unique Normalized Feature Images using Mahalanobis Distance for Face Recognition', NULL, NULL, 1, 1, 0, 0, 0),
(444, 'Review of Steganographic Techniques', NULL, NULL, 1, 0, 1, 1, 0),
(444, 'Review of Steganographic Techniques', NULL, NULL, 1, 1, 0, 0, 0),
(445, 'Design and Analysis of low speed Permanent Magnet Generator for direct drive wind energy Systems', NULL, NULL, 1, 0, 1, 1, 0),
(445, 'Design and Analysis of low speed Permanent Magnet Generator for direct drive wind energy Systems', NULL, NULL, 1, 1, 0, 0, 0),
(446, 'SOCIETY AUTOMATION AND MANAGEMENT SYSTEM', NULL, NULL, 1, 0, 1, 1, 0),
(446, 'SOCIETY AUTOMATION AND MANAGEMENT SYSTEM', NULL, NULL, 1, 1, 0, 0, 0),
(447, 'NEWS PERSONALIZATION USING ENHANCED TERM Ð DOCUMENT FREQUENCY (ETF-IDF) CLASSIFICATION METHOD', NULL, NULL, 1, 0, 1, 1, 0),
(447, 'NEWS PERSONALIZATION USING ENHANCED TERM ? DOCUMENT FREQUENCY (ETF-IDF) CLASSIFICATION METHOD', NULL, NULL, 1, 1, 0, 0, 0),
(448, 'Lean in Software Development', NULL, NULL, 1, 0, 1, 1, 0),
(448, 'Lean in Software Development', NULL, NULL, 1, 1, 0, 0, 0),
(449, 'ENCRYPTION DECRYPTION ALGORITHM FOR M-COMMERCE', NULL, NULL, 1, 0, 1, 1, 0),
(449, 'ENCRYPTION DECRYPTION ALGORITHM FOR M-COMMERCE', NULL, NULL, 1, 1, 0, 0, 0),
(450, 'Modified Folded Dipole Antenna', NULL, NULL, 1, 0, 1, 1, 0),
(450, 'Modified Folded Dipole Antenna', NULL, NULL, 1, 1, 0, 0, 0),
(451, 'Designing and Implementing A Computer Interactive Network Embedded System For Monitoring and Controlling of Humidity and Temperature For Using in a Green House', NULL, NULL, 1, 0, 1, 1, 0),
(451, 'Designing and Implementing A Computer Interactive Network Embedded System For Monitoring and Controlling of Humidity and Temperature For Using in a Green House', NULL, NULL, 1, 1, 0, 0, 0),
(452, 'ENCRYPTION DECRYPTION ALGORITHM FOR M-COMMERCE', NULL, NULL, 1, 0, 1, 1, 0),
(452, 'ENCRYPTION DECRYPTION ALGORITHM FOR M-COMMERCE', NULL, NULL, 1, 1, 0, 0, 0),
(453, 'QUERY OPTIMIZATION FOR MOBILE COMMERCE', NULL, NULL, 1, 0, 1, 1, 0),
(453, 'QUERY OPTIMIZATION FOR MOBILE COMMERCE', NULL, NULL, 1, 1, 0, 0, 0),
(454, 'A Analytical Model for Potential Distribution of Fully Depleted SOI MESFET Considering Short Channel Effects', NULL, NULL, 1, 0, 1, 1, 0),
(454, 'Analytical Model for Potential Distribution of Fully Depleted SOI MESFET Considering Short Channel Effects', NULL, NULL, 1, 1, 0, 0, 0),
(455, 'Context Aware Recommender System', NULL, NULL, 1, 0, 1, 1, 0),
(456, 'Optimization of Kernel Space and User Space Using NLT', NULL, NULL, 1, 0, 1, 1, 0),
(456, 'Optimization of Kernel Space and User Space Using NLT', NULL, NULL, 1, 1, 0, 0, 0),
(457, 'An Efficient Password Authenticated Key Exchange Protocol for WLAN and WIMAX', NULL, NULL, 1, 0, 1, 1, 0),
(457, 'An Efficient Password Authenticated Key Exchange Protocol for WLAN and WIMAX', NULL, NULL, 1, 1, 0, 0, 0),
(458, 'A Generic Filter Driver for file Classification in Linux', NULL, NULL, 1, 0, 1, 1, 0),
(458, 'A Generic Filter Driver for file Classification in Linux', NULL, NULL, 1, 1, 0, 0, 0),
(459, 'Investigating the Impact of WLAN on Video Streaming Over Bluetooth', NULL, NULL, 1, 0, 1, 1, 0),
(460, 'An Ontology Based Linguistic Infrastructure to Represent Software Risk Identification Knowledge', NULL, NULL, 1, 0, 1, 1, 0),
(460, 'An Ontology Based Linguistic Infrastructure to Represent Software Risk Identification Knowledge', NULL, NULL, 1, 1, 0, 0, 0),
(461, 'IEEE802.16g-An Overview of Architectural and Security Consideration', NULL, NULL, 1, 0, 1, 1, 0),
(461, 'IEEE802.16g-An Overview of Architectural and Security Consideration', NULL, NULL, 1, 1, 0, 0, 0),
(462, 'GPS Locator: An Application for Location Tracking and Sharing using GPS for Java Enabled Handhelds', NULL, NULL, 1, 0, 1, 1, 0),
(462, 'GPS Locator: An Application for Location Tracking and Sharing using GPS for Java Enabled Handhelds', NULL, NULL, 1, 1, 0, 0, 0),
(463, 'DECODING TECHNIQUES OF LDPC CODES', NULL, NULL, 1, 0, 1, 1, 0),
(463, 'DECODING TECHNIQUES OF LDPC CODES', NULL, NULL, 1, 1, 0, 0, 0),
(464, 'Vehicular Communication Network Inter Vehicular Communication of the Near Future', NULL, NULL, 1, 0, 1, 1, 0),
(464, 'Vehicular Communication Network Inter Vehicular Communication of the Near Future', NULL, NULL, 1, 1, 0, 0, 0),
(465, 'Impletation of AES Algorithm on ARM', NULL, NULL, 1, 0, 1, 1, 0),
(465, 'Implementation of AES Algorithm on ARM', NULL, NULL, 1, 1, 0, 0, 0),
(466, 'Mobi-Browser With Remote Video Streaming', NULL, NULL, 1, 0, 1, 1, 0),
(466, 'Mobi-Browser With Remote Video Streaming', NULL, NULL, 1, 1, 0, 0, 0),
(467, 'Wireless Monitoring of Physiological parameters', NULL, NULL, 1, 0, 1, 1, 0),
(467, 'Wireless Monitoring of Physiological parameters', NULL, NULL, 1, 1, 0, 0, 0),
(468, 'SPREAD TRANSFORM BASED SEGMENTED WATERMARKING USING MULTIRESOLUTION WAVELET DECOMPOSITION', NULL, NULL, 1, 0, 1, 1, 0),
(468, 'SPREAD TRANSFORM BASED SEGMENTED WATERMARKING USING MULTIRESOLUTION WAVELET DECOMPOSITION', NULL, NULL, 1, 1, 0, 0, 0),
(469, 'Implementation of Particle Swarm Optimization Based Methodology for Node Placement in Wireless Sensor Networks', NULL, NULL, 1, 0, 1, 1, 0),
(469, 'Implementation of Particle Swarm Optimization Based Methodology for Node Placement in Wireless Sensor Networks', NULL, NULL, 1, 1, 0, 0, 0),
(470, 'Digital Image and Video Watermarking :Algorithms and Evaluations', NULL, NULL, 1, 0, 1, 1, 0),
(470, 'Digital Image and Video Watermarking :Algorithms and Evaluations', NULL, NULL, 1, 1, 0, 0, 0),
(471, 'Knowledge Discovery and Information Retrieval', NULL, NULL, 1, 0, 1, 1, 0),
(471, 'Knowledge Discovery and Information Retrieval', NULL, NULL, 1, 1, 0, 0, 0),
(472, 'Secured Access using fingerprint Detection', NULL, NULL, 1, 0, 1, 1, 0),
(472, 'Secured Access using fingerprint Detection', NULL, NULL, 1, 1, 0, 0, 0),
(473, 'Web Encyclopaedia Application: Implementation through Ajax', NULL, NULL, 1, 0, 1, 1, 0),
(473, 'Web Encyclopaedia Application: Implementation through Ajax', NULL, NULL, 1, 1, 0, 0, 0),
(474, 'Representation and Pre-processing Techniques for Illumination Invariant 3D Face Recognition', NULL, NULL, 1, 0, 1, 1, 0),
(474, 'Representation and Pre-processing Techniques for Illumination Invariant 3D Face Recognition', NULL, NULL, 1, 1, 0, 0, 0),
(475, 'Mobile Sniffer for GSM Mobiles', NULL, NULL, 1, 0, 1, 1, 0),
(475, 'Mobile Sniffer for GSM Mobiles', NULL, NULL, 1, 1, 0, 0, 0),
(476, 'GTalknroid: Chat Client for Android Based Mobile Phones', NULL, NULL, 1, 0, 1, 1, 0),
(476, 'GTalknroid: Chat Client for Android Based Mobile Phones', NULL, NULL, 1, 1, 0, 0, 0),
(477, 'Multi-Resolution Segmentation of High-Resolution Remotely Sensed Imagery using Marker-Controlled Watershed Transform', NULL, NULL, 1, 0, 1, 1, 0),
(477, 'Multi-Resolution Segmentation of High-Resolution Remotely Sensed Imagery using Marker-Controlled Watershed Transform', NULL, NULL, 1, 1, 0, 0, 0),
(478, 'Neo Browser: Java Based Web Browser for Mobile Phones', NULL, NULL, 1, 0, 1, 1, 0),
(478, 'Neo Browser: Java Based Web Browser for Mobile Phones', NULL, NULL, 1, 1, 0, 0, 0),
(479, 'FPGA Implementation & Comparison of Current Trends in Memory Scheduler for DSP Application', NULL, NULL, 1, 0, 1, 1, 0),
(479, 'FPGA Implementation & Comparison of Current Trends in Memory Scheduler for Multimedia Application', NULL, NULL, 1, 1, 0, 0, 0),
(480, 'Content Based Image Retrieval Using Combined Features', NULL, NULL, 1, 1, 0, 0, 0),
(482, 'WiGig: Future of Wireless LANs', NULL, NULL, 1, 1, 0, 0, 0),
(483, 'Microcontroller based H2 Cell Future Car', NULL, NULL, 1, 1, 0, 0, 0),
(484, 'Survey of Low Power Testing Techniques', NULL, NULL, 1, 1, 0, 0, 0),
(485, 'Analysis of Test Data Compression Techniques Emphasizing Statistical Coding Schemes', NULL, NULL, 1, 1, 0, 0, 0),
(486, '2D GAME DEVELOPMENT USING J2ME', NULL, NULL, 1, 1, 0, 0, 0),
(487, 'Speech Recognition using Vector Quantization', NULL, NULL, 1, 1, 0, 0, 0),
(488, 'Solar Tracker', NULL, NULL, 1, 1, 0, 0, 0),
(489, 'MENeT:Monitoring Ethernet Network', NULL, NULL, 1, 1, 0, 0, 0),
(490, 'Interference Free CDMA Technology Based on Eigen Algorithm', NULL, NULL, 1, 1, 0, 0, 0),
(491, 'OFDM System : A new Perspective in High Doppler Spread', NULL, NULL, 1, 1, 0, 0, 0),
(492, 'An Accurate Circuit Idea for Pre-paid Electricity for Portable Devices', NULL, NULL, 1, 1, 0, 0, 0),
(493, 'Bayesian Denoising of SAR Image', NULL, NULL, 1, 1, 0, 0, 0),
(494, 'High Data Rate Communication with Millimeter Wave Fiber-Fed Wireless Access Systems', NULL, NULL, 1, 1, 0, 0, 0),
(495, 'Modified MFCC Windowed Technique for Speaker Word Recognition', NULL, NULL, 1, 1, 0, 0, 0),
(496, 'Deep Web: The Darkness That Lies Beneath', NULL, NULL, 1, 1, 0, 0, 0),
(497, 'Handwritten Digit Recognition using Elastic Matching', NULL, NULL, 1, 1, 0, 0, 0),
(498, 'POWER QUALITY DISTURBANCE ANALYSIS USING WAVELET TRANSFORMS', NULL, NULL, 1, 1, 0, 0, 0),
(499, 'Study of LDPC and Turbo Codes for Distributed Video Coding', NULL, NULL, 1, 1, 0, 0, 0),
(500, 'Keystroke Dynamic Analysis Using Relative Entropy & Timing Sequence Euclidian Distance', NULL, NULL, 1, 1, 0, 0, 0),
(501, 'Performance Problems of VoIP in 802.11 Wireless Mesh Networks & Their Solutions', NULL, NULL, 1, 1, 0, 0, 0),
(502, 'Finger-Knuckle-Print Verification using Kekre?s Wavelet Transform', NULL, NULL, 1, 1, 0, 0, 0),
(503, 'Design of Triple Band Rectangular Microstrip Antenna', NULL, NULL, 1, 1, 0, 0, 0),
(504, 'Extraction of road network from high resolution satellite images using ANN', NULL, NULL, 1, 1, 0, 0, 0),
(505, 'Application of Fuzzy logic in stress Analysis', NULL, NULL, 1, 1, 0, 0, 0),
(506, 'A Novel Triple Error correcting code for Energy Efficient Communication', NULL, NULL, 1, 1, 0, 0, 0),
(507, 'A LabVIEW BASED TIME OF FLIGHT MEASUREMENTS FOR ULTRASONIC PHASED ARRAY SENSORS', NULL, NULL, 1, 1, 0, 0, 0),
(508, 'Field Programmable Gate Array Based USB Device Core', NULL, NULL, 1, 1, 0, 0, 0),
(509, 'Text Localization in Video Data Using Discrete Wavelet Transform', NULL, NULL, 1, 1, 0, 0, 0),
(510, 'MODIFIED SPECK WAVELET CODER', NULL, NULL, 1, 1, 0, 0, 0),
(511, 'EZW, A WAVELET CODER', NULL, NULL, 1, 1, 0, 0, 0),
(512, 'VLSI Architecture for Digital Water Marking in Digital Camera Design', NULL, NULL, 1, 1, 0, 0, 0),
(513, 'Dictionary Based Code Compression for Embedded Systems', NULL, NULL, 1, 1, 0, 0, 0),
(514, 'A Cross-Layer Approach for Performance enhancement of Wireless Networked Control System', NULL, NULL, 1, 1, 0, 0, 0),
(515, 'Palmprint Recognition Using Kekre?s Wavelet?s Energy Entropy Based Feature Vector', NULL, NULL, 1, 1, 0, 0, 0),
(516, 'ZIGBEE- A NEW WIRELESS TECHNOLOGY', NULL, NULL, 1, 1, 0, 0, 0),
(517, 'Computer Integrated Fixture Design System', NULL, NULL, 1, 1, 0, 0, 0),
(518, 'A SERVEY ON CLUSTERING IN DATA MINING', NULL, NULL, 1, 1, 0, 0, 0),
(519, 'A Frame Work for Model Based Designing of Analog circuits using Simulink', NULL, NULL, 1, 1, 0, 0, 0),
(520, 'STUDY OF SURFACE ROUGHNESS AND HARDNESS OF MEDIUM CARBON NICKEL-CHROMIUM BASED ALLOY STEELS UNDER HIGH TEMPERATURE', NULL, NULL, 1, 1, 0, 0, 0),
(521, 'Optimized Carry Look-ahead BCD Adder Using Reversible Logic', NULL, NULL, 1, 1, 0, 0, 0),
(523, 'Processing Speed Analysis of GPS Signal Acquisition Scheme', NULL, NULL, 1, 1, 0, 0, 0),
(524, 'Analysis of Multi-Frequency SIR-C Data over India', NULL, NULL, 1, 1, 0, 0, 0),
(525, 'Face Recognition using Kekre?s Wavelets Energy & Performance Analysis of Feature Vector Variants', NULL, NULL, 1, 1, 0, 0, 0),
(526, 'Performance Comparison of DCT, FFT, WHT & Kekre?s Transform for On-Line Signature Recognition', NULL, NULL, 1, 1, 0, 0, 0),
(527, 'Online Signature Recognition Using Kekre?s Vector Quantization Algorithms KMCG & KFCG', NULL, NULL, 1, 1, 0, 0, 0),
(528, 'Design and Analysis of low speed Permanent Magnet Generator for direct drive wind energy Systems', NULL, NULL, 1, 1, 0, 0, 0),
(529, 'Data Reduction by Identification and Correlation of TCP/IP Attack Attributes for Network Forensics', NULL, NULL, 1, 1, 0, 0, 0),
(530, 'A Genetic ?Algorithm Approach to Cost-Based Multi-QoS Job Scheduling in Cloud Computing Environment', NULL, NULL, 1, 1, 0, 0, 0),
(531, 'The trends in ubiquitous computing', NULL, NULL, 1, 1, 0, 0, 0),
(532, 'IMAGE EMBEDDING IN IMAGE USING COMPLEXITY SEGMENTATION BASED ON DYNAMIC ALLOCATION OF STANDARD DEVIATION', NULL, NULL, 1, 1, 0, 0, 0),
(533, 'Query by Image Texture Pattern content using Haar Transform Matrix and Image Bitmaps', NULL, NULL, 1, 1, 0, 0, 0),
(534, 'Analysis of Scheduling Algorithms in Optical Burst Switching (OBS) using NS2', NULL, NULL, 1, 1, 0, 0, 0),
(535, 'Wireless, Internet Based, Temperature Monitoring System', NULL, NULL, 1, 1, 0, 0, 0),
(537, 'Neural Networks to Estimate Wind Turbine Power Generation at Airports', NULL, NULL, 1, 1, 0, 0, 0),
(538, 'IEEE 802.15.1 simulation and BER analysis under the interference ', NULL, NULL, 1, 1, 0, 0, 0),
(539, 'A Smart Discrete-Wavelet Based Application for Detecting fault by sound analysis in Car Engines', NULL, NULL, 1, 1, 0, 0, 0),
(540, 'Measurement of Inverse Creep In Cotton Yarns', NULL, NULL, 1, 1, 0, 0, 0),
(541, 'Algorithm to access office files on Mobile Phone.', NULL, NULL, 1, 1, 0, 0, 0),
(542, 'Performance Analysis of QPSK and DQPSK modulation techniques with Convolutional coding technique', NULL, NULL, 1, 1, 0, 0, 0),
(543, 'An OFDM based Technique with QPSK and DQPSK Modulation for Next Generation Network', NULL, NULL, 1, 1, 0, 0, 0),
(544, 'Development of Private Cloud for Educational Institution Using Aneka Grid Container', NULL, NULL, 1, 1, 0, 0, 0),
(545, 'Breast Cancer Diagnosis using Back-propagation Algorithm ', NULL, NULL, 1, 1, 0, 0, 0),
(546, 'A QIIIEP Based Domain Specific Hidden Web Crawler ', NULL, NULL, 1, 1, 0, 0, 0),
(547, 'Chaos Based Encryption Technique for Digital Images', NULL, NULL, 1, 1, 0, 0, 0),
(548, 'Perfect Reconstruction Two-Channel Linear Phase Quadrature-Mirror filter (QMF) bank using Kekre?s Transform matrix', NULL, NULL, 1, 1, 0, 0, 0),
(549, 'Comparison between conventional IntraFrame Codec and Wyner Ziv Codec ', NULL, NULL, 1, 1, 0, 0, 0),
(550, 'A Cross-Layer Approach for Wireless Networked Control System with better channel coding scheme', NULL, NULL, 1, 1, 0, 0, 0),
(551, 'INVITED PAPER -Increased Cover Capacity using Advanced Multiple LSB Algorithms', NULL, NULL, 1, 1, 0, 0, 0),
(552, 'Computing Methodologies for Localization Techniques in Wireless Sensor Networks', NULL, NULL, 1, 1, 0, 0, 0),
(553, 'An Intelligent Traffic control for MPEG video over Bluetooth using Fuzzy controllers', NULL, NULL, 1, 1, 0, 0, 0),
(554, 'Content-based and Association-based Image Retrieval Techniques', NULL, NULL, 1, 1, 0, 0, 0),
(555, 'Design of a Tool Using Statistical Approach for Personalization and Usability Improvement', NULL, NULL, 1, 1, 0, 0, 0),
(556, 'COMPARISON OF DIFFERENT WAVELET CODER', NULL, NULL, 1, 1, 0, 0, 0),
(557, 'INVITED PAPER - Effect of Multiple Hops on Network Lifetime and Energy Consumption in a Wireless Sensor Network', NULL, NULL, 1, 1, 0, 0, 0),
(558, 'Evaluation of Machine Translation', NULL, NULL, 1, 1, 0, 0, 0),
(559, 'Performance Comparison of Bit Error Rate for Different Code Rates in Wireless Data Transmission', NULL, NULL, 1, 1, 0, 0, 0),
(560, 'MODIFIED EZW, A WAVELET CODER', NULL, NULL, 1, 1, 0, 0, 0);
INSERT INTO `paper` (`id`, `title`, `type`, `description`, `tracks_id`, `chairperson_id`, `crc`, `copyright`, `pages`) VALUES
(561, 'MODIFIED SPECK WAVELET CODER', NULL, NULL, 1, 1, 0, 0, 0),
(562, 'Simulation based Performance Analysis of PLL at 450MHz ', NULL, NULL, 1, 1, 0, 0, 0),
(563, 'Performance Evaluation and Comparison of different Channel Estimation Techniques', NULL, NULL, 1, 1, 0, 0, 0);

-- --------------------------------------------------------

--
-- Table structure for table `payments`
--

CREATE TABLE IF NOT EXISTS `payments` (
  `id` int(10) unsigned NOT NULL AUTO_INCREMENT,
  `author_id` int(10) unsigned NOT NULL,
  `paper_id` int(10) unsigned NOT NULL,
  `total` int(11) DEFAULT NULL,
  `remaining` int(11) DEFAULT NULL,
  `details` text,
  PRIMARY KEY (`id`,`author_id`,`paper_id`),
  UNIQUE KEY `author_paper_authors_id_UNIQUE` (`author_id`),
  UNIQUE KEY `author_paper_paper_id_UNIQUE` (`paper_id`),
  KEY `fk_payments_author_paper1` (`author_id`,`paper_id`)
) ENGINE=InnoDB DEFAULT CHARSET=latin1 AUTO_INCREMENT=1 ;

--
-- Dumping data for table `payments`
--


-- --------------------------------------------------------

--
-- Table structure for table `settings`
--

CREATE TABLE IF NOT EXISTS `settings` (
  `name` varchar(100) NOT NULL,
  `value` varchar(100) NOT NULL,
  `text` varchar(100) DEFAULT NULL,
  `description` varchar(250) DEFAULT NULL,
  PRIMARY KEY (`name`)
) ENGINE=MyISAM DEFAULT CHARSET=latin1;

--
-- Dumping data for table `settings`
--

INSERT INTO `settings` (`name`, `value`, `text`, `description`) VALUES
('fees_outhouse_conf_early', '4000', 'Fees for UG/PG Students, Faculty for Academic Institutions (early)', 'For Conference'),
('fees_outhouse_conf_work_early', '4500', 'Fees for UG/PG Students, Faculty for Academic Institutions (early)', 'For Conference and Workshop'),
('fees_outhouse_conf_late', '4500', 'Fees for UG/PG Students, Faculty for Academic Institutions (late)', 'For Conference'),
('fees_outhouse_conf_work_late', '5000', 'Fees for UG/PG Students, Faculty for Academic Institutions (late)', 'For Conference and Workshop'),
('fees_company_conf_early', '5000', 'Fees for Company Sponsored Delegates (early)', 'For Conference'),
('fees_company_conf_work_early', '5500', 'Fees for Company Sponsored Delegates (early)', 'For Conference and Workshop'),
('fees_company_conf_late', '5500', 'Fees for Company Sponsored Delegates (late)', 'For Conference'),
('fees_company_conf_work_late', '6000', 'Fees for Company Sponsored Delegates (late)', 'For Conference and Workshop'),
('fees_inhouse_fac_conf_early', '2000', 'Fees for TEG Faculty Members(early)', 'For Conference'),
('fees_inhouse_fac_conf_work_early', '2500', 'Fees for TEG Faculty Members(early)', 'For Conference and Workshop'),
('fees_inhouse_fac_conf_late', '4000', 'Fees for TEG Faculty Members(late)', 'For Conference'),
('fees_inhouse_fac_conf_work_late', '4500', 'Fees for TEG Faculty Members(late)', 'For Conference and Workshop'),
('fees_inhouse_stud_conf_work_early', '1000', 'UG Student Registration for Workshop only (early)', 'for students of Thakur College'),
('fees_inhouse_stud_conf_work_late', '1500', 'UG Student Registration for Workshop only (late)', 'for students of Thakur College'),
('fees_outhouse_stud_conf_work_early', '1250', 'UG Student Registration for Workshop only (early)', 'for students of Other Colleges'),
('fees_outhouse_stud_conf_work_late', '1750', 'UG Student Registration for Workshop only (late)', 'for students of Other Colleges'),
('threshold_date', '15/12/2010', 'Deadline date', '');

-- --------------------------------------------------------

--
-- Table structure for table `tracks`
--

CREATE TABLE IF NOT EXISTS `tracks` (
  `id` int(10) unsigned NOT NULL AUTO_INCREMENT,
  `name` varchar(45) DEFAULT NULL,
  `managers_id` int(10) unsigned NOT NULL,
  PRIMARY KEY (`id`,`managers_id`),
  KEY `fk_tracks_managers1` (`managers_id`)
) ENGINE=InnoDB  DEFAULT CHARSET=latin1 AUTO_INCREMENT=18 ;

--
-- Dumping data for table `tracks`
--

INSERT INTO `tracks` (`id`, `name`, `managers_id`) VALUES
(1, 'Intelligent Systems', 9),
(2, 'Communication Engineering', 8),
(3, 'Advanced Computer Application', 6),
(4, 'Database Engineering', 2),
(5, 'Biomedical, Bio-Informatics & Biotechnology', 9),
(6, 'Electronic, Microwave Devices & Circuits', 6),
(14, 'Green Technology & Environmental Science', 9),
(15, 'Software Engineering', 9),
(16, 'Algorithms', 9),
(17, 'Embedded Systems and Applications ', 9);

-- --------------------------------------------------------

--
-- Table structure for table `users`
--

CREATE TABLE IF NOT EXISTS `users` (
  `id` int(10) unsigned NOT NULL AUTO_INCREMENT,
  `username` varchar(100) DEFAULT NULL,
  `password` varchar(256) DEFAULT NULL,
  `name` varchar(250) DEFAULT NULL,
  `email` varchar(300) NOT NULL,
  `home_institute` tinyint(1) NOT NULL DEFAULT '0',
  `phone` varchar(12) NOT NULL,
  `street` varchar(300) NOT NULL,
  `city` varchar(50) NOT NULL,
  `pincode` varchar(10) NOT NULL,
  `state` varchar(50) NOT NULL,
  `country` varchar(50) NOT NULL,
  `status` enum('active','deactived') NOT NULL,
  PRIMARY KEY (`id`),
  UNIQUE KEY `name_UNIQUE` (`name`),
  UNIQUE KEY `username` (`username`)
) ENGINE=InnoDB  DEFAULT CHARSET=latin1 AUTO_INCREMENT=1055 ;

--
-- Dumping data for table `users`
--

INSERT INTO `users` (`id`, `username`, `password`, `name`, `email`, `home_institute`, `phone`, `street`, `city`, `pincode`, `state`, `country`, `status`) VALUES
(1, 'admin', '2783cc934301698bf1abf85e693f46445f4def40', 'Administrator', '', 0, '', '', '', '', '', '', 'active'),
(2, 'manager', '56e5f73ca475381791b107483a4d578a38c93c18', 'Manager', '', 0, '', '', '', '', '', '', 'active'),
(3, 'entry', '230eb2bdf770ab658a74b7b35f88508ee6844703', 'Entry', '', 0, '', '', '', '', '', '', 'active'),
(4, 'author', '65cb0d6c2e090e6f68305eea9b376b2595174ff0', 'Author', 'dhruvbaldawa@gmail.com', 1, '9323321233', '10/85,Unnat Nagar-1,Goregaon(W)', 'Mumbai', '400062', 'Maharashtra', 'India', 'active'),
(5, 'chairperson', '56625fa95bb4d15cfe294da2df8c28f0d2692619', 'Chairperson', '', 0, '', '', '', '', '', '', 'active'),
(6, 'author1', '65cb0d6c2e090e6f68305eea9b376b2595174ff0', 'Author 1', 'dhruvbaldawa@gmail.com', 0, '9323321233', '10/85,Unnat Nagar-1,Goregaon(W)', 'Mumbai', '400062', 'Maharashtra', 'India', 'active'),
(7, 'author2', '65cb0d6c2e090e6f68305eea9b376b2595174ff0', 'Author 2', 'dhruvbaldawa@gmail.com', 0, '9323321233', '10/85,Unnat Nagar-1,Goregaon(W)', 'Mumbai', '400062', 'Maharashtra', 'India', 'active'),
(8, 'author3', '65cb0d6c2e090e6f68305eea9b376b2595174ff0', 'Author 3', 'dhruvbaldawa@gmail.com', 0, '9323321233', '10/85,Unnat Nagar-1,Goregaon(W)', 'Mumbai', '400062', 'Maharashtra', 'India', 'active'),
(9, 'author4', '65cb0d6c2e090e6f68305eea9b376b2595174ff0', 'Author 4', 'dhruvbaldawa@gmail.com', 0, '9323321233', '10/85,Unnat Nagar-1,Goregaon(W)', 'Mumbai', '400062', 'Maharashtra', 'India', 'active'),
(10, 'author5', '65cb0d6c2e090e6f68305eea9b376b2595174ff0', 'Author 5', 'dhruvbaldawa@gmail.com', 0, '9323321233', '10/85,Unnat Nagar-1,Goregaon(W)', 'Mumbai', '400062', 'Maharashtra', 'India', 'active'),
(11, 'tcet', '29a175de1b4793adedcc5f549498a339f6f95d27', 'Rekha', 'tcet', 1, 'tcettcet', 'tcet', 'tcet', 'tcet', 'tcet', 'tcet', 'active'),
(12, 'asd', '8e9da39067b733e9cd252e6adc93f665b3084b5b', 'zc', '1', 1, '1', '1', '1', '1', '1', '1', 'active'),
(13, 'a', 'eebe457be2d0a33914e98cbf215e72c8a9af6b79', 'a', 'a', 0, 'a', 'a', 'a', 'a', 'a', 'a', 'active'),
(14, NULL, NULL, 'Dr. Sunita Mahajan', '', 0, '', '', '', '', '', '', 'active'),
(15, NULL, NULL, 'Gowtham Muthuraj', '', 0, '', '', '', '', '', '', 'active'),
(16, NULL, NULL, 'Maruthi Limkar', '', 0, '', '', '', '', '', '', 'active'),
(17, NULL, NULL, 'Dr. G L Prajapati', '', 0, '', '', '', '', '', '', 'active'),
(18, NULL, NULL, 'Sudhir Sawarkar', '', 0, '', '', '', '', '', '', 'active'),
(19, NULL, NULL, 'Amol Dhumal', '', 0, '', '', '', '', '', '', 'active'),
(20, NULL, NULL, 'Dhara Shah', '', 0, '', '', '', '', '', '', 'active'),
(21, NULL, NULL, 'Anant Nimkar', '', 0, '', '', '', '', '', '', 'active'),
(22, NULL, NULL, 'Megha Kadam', '', 0, '', '', '', '', '', '', 'active'),
(23, NULL, NULL, 'Jayasree Pappu', '', 0, '', '', '', '', '', '', 'active'),
(24, NULL, NULL, 'Jaydeep Kale', '', 0, '', '', '', '', '', '', 'active'),
(25, NULL, NULL, 'Ch R Phani Kumar', '', 0, '', '', '', '', '', '', 'active'),
(26, NULL, NULL, 'G Aswan Kumar', '', 0, '', '', '', '', '', '', 'active'),
(27, NULL, NULL, 'M A Mehaboob Jani', '', 0, '', '', '', '', '', '', 'active'),
(28, NULL, NULL, 'Anil Agrawal', '', 0, '', '', '', '', '', '', 'active'),
(29, NULL, NULL, 'Mahesh Goudar', '', 0, '', '', '', '', '', '', 'active'),
(30, NULL, NULL, 'Parisa Beham M', '', 0, '', '', '', '', '', '', 'active'),
(31, NULL, NULL, 'Rahul Yadav', '', 0, '', '', '', '', '', '', 'active'),
(32, NULL, NULL, 'Farooq Mohammmed', '', 0, '', '', '', '', '', '', 'active'),
(33, NULL, NULL, 'Shruti Mathur', '', 0, '', '', '', '', '', '', 'active'),
(34, NULL, NULL, 'Jean Kharkongor', '', 0, '', '', '', '', '', '', 'active'),
(35, NULL, NULL, 'Vinay Kumar Srivastava', '', 0, '', '', '', '', '', '', 'active'),
(36, NULL, NULL, 'Balasundaram Sadhu Ramakrishnan', '', 0, '', '', '', '', '', '', 'active'),
(37, NULL, NULL, 'K.V.V.S Murthy', '', 0, '', '', '', '', '', '', 'active'),
(38, NULL, NULL, 'Cavill D''Souza', '', 0, '', '', '', '', '', '', 'active'),
(39, NULL, NULL, 'Dr. Sanjay Gandhe', '', 0, '', '', '', '', '', '', 'active'),
(40, NULL, NULL, 'Arunachalam V', '', 0, '', '', '', '', '', '', 'active'),
(41, NULL, NULL, 'Charusheela Patil', '', 0, '', '', '', '', '', '', 'active'),
(42, NULL, NULL, 'Ameya Khatate', '', 0, '', '', '', '', '', '', 'active'),
(43, NULL, NULL, 'Akash Jain', '', 0, '', '', '', '', '', '', 'active'),
(44, NULL, NULL, 'Leena Jain', '', 0, '', '', '', '', '', '', 'active'),
(45, NULL, NULL, 'Harikrishna Parmar', '', 0, '', '', '', '', '', '', 'active'),
(46, NULL, NULL, 'Usha Mehta', '', 0, '', '', '', '', '', '', 'active'),
(47, NULL, NULL, 'Dr. Niranjan Devashrayee', '', 0, '', '', '', '', '', '', 'active'),
(48, NULL, NULL, 'kinjal bhavsar', '', 0, '', '', '', '', '', '', 'active'),
(49, NULL, NULL, 'sanjay deshmukh', '', 0, '', '', '', '', '', '', 'active'),
(50, NULL, NULL, 'Vrushali Patil', '', 0, '', '', '', '', '', '', 'active'),
(51, NULL, NULL, 'Grishma Sharma', '', 0, '', '', '', '', '', '', 'active'),
(52, NULL, NULL, 'Asim Jain', '', 0, '', '', '', '', '', '', 'active'),
(53, NULL, NULL, 'manoj yadav', '', 0, '', '', '', '', '', '', 'active'),
(54, NULL, NULL, 'swati singh', '', 0, '', '', '', '', '', '', 'active'),
(55, NULL, NULL, 'vikas kaul', '', 0, '', '', '', '', '', '', 'active'),
(56, NULL, NULL, 'Sunita Munde', '', 0, '', '', '', '', '', '', 'active'),
(57, NULL, NULL, 'Vandana Khobragade', '', 0, '', '', '', '', '', '', 'active'),
(58, NULL, NULL, 'Ranjanbala Jain', '', 0, '', '', '', '', '', '', 'active'),
(59, NULL, NULL, 'Vandana Munde', '', 0, '', '', '', '', '', '', 'active'),
(60, NULL, NULL, 'Ranjan Bala Jain', '', 0, '', '', '', '', '', '', 'active'),
(61, NULL, NULL, 'Abdul Salam K K', '', 0, '', '', '', '', '', '', 'active'),
(62, NULL, NULL, 'Jithu Sathyan', '', 0, '', '', '', '', '', '', 'active'),
(63, NULL, NULL, 'Y.Murali Mohan Babu', '', 0, '', '', '', '', '', '', 'active'),
(64, NULL, NULL, 'Dr. M.V. Subramanyam', '', 0, '', '', '', '', '', '', 'active'),
(65, NULL, NULL, 'Dr. M.N. Giri Prasad', '', 0, '', '', '', '', '', '', 'active'),
(66, NULL, NULL, 'Nusrat Ansari', '', 0, '', '', '', '', '', '', 'active'),
(67, NULL, NULL, 'Samar Ahmad', '', 0, '', '', '', '', '', '', 'active'),
(68, NULL, NULL, 'Swati Soni', '', 0, '', '', '', '', '', '', 'active'),
(69, NULL, NULL, 'Vanita Mane', '', 0, '', '', '', '', '', '', 'active'),
(70, NULL, NULL, 'Rajarajeswari R', '', 0, '', '', '', '', '', '', 'active'),
(71, NULL, NULL, 'A.Rathinam Ananthanarayanan', '', 0, '', '', '', '', '', '', 'active'),
(72, NULL, NULL, 'Rajesh Bansode', '', 0, '', '', '', '', '', '', 'active'),
(73, NULL, NULL, 'Sumita Rathi', '', 0, '', '', '', '', '', '', 'active'),
(74, NULL, NULL, 'Shruti Patil', '', 0, '', '', '', '', '', '', 'active'),
(75, NULL, NULL, 'Hemant Kekre', '', 0, '', '', '', '', '', '', 'active'),
(76, NULL, NULL, 'Vinayak Bharadi', '', 0, '', '', '', '', '', '', 'active'),
(77, NULL, NULL, 'Amol Ambardekar', '', 0, '', '', '', '', '', '', 'active'),
(78, NULL, NULL, 'Archana deshpande', '', 0, '', '', '', '', '', '', 'active'),
(79, NULL, NULL, 'Ameya Kadam', '', 0, '', '', '', '', '', '', 'active'),
(80, NULL, NULL, 'T. Rajani Mangala', '', 0, '', '', '', '', '', '', 'active'),
(81, NULL, NULL, 'Dr. S. G. Bhirud', '', 0, '', '', '', '', '', '', 'active'),
(82, NULL, NULL, 'Prof.Yogesh .H.Gulhane', '', 0, '', '', '', '', '', '', 'active'),
(83, NULL, NULL, 'joanne Gomes', '', 0, '', '', '', '', '', '', 'active'),
(84, NULL, NULL, 'Ashwini Naik', '', 0, '', '', '', '', '', '', 'active'),
(85, NULL, NULL, 'Arun Vuyyuru', '', 0, '', '', '', '', '', '', 'active'),
(86, NULL, NULL, 'David Solomon Raju Yellampally', '', 0, '', '', '', '', '', '', 'active'),
(87, NULL, NULL, 'Dr. China Venkateswarlu Sonagiri', '', 0, '', '', '', '', '', '', 'active'),
(88, NULL, NULL, 'RamaSubba Reddy S.', '', 0, '', '', '', '', '', '', 'active'),
(89, NULL, NULL, 'Nagendra G.', '', 0, '', '', '', '', '', '', 'active'),
(90, NULL, NULL, 'Arya Bhanu M', '', 0, '', '', '', '', '', '', 'active'),
(91, NULL, NULL, 'sangeeta mishra', '', 0, '', '', '', '', '', '', 'active'),
(92, NULL, NULL, 'deepak shete', '', 0, '', '', '', '', '', '', 'active'),
(93, NULL, NULL, 'sanjeev ghosh', '', 0, '', '', '', '', '', '', 'active'),
(94, NULL, NULL, 'Chandra Kala Sadhu', '', 0, '', '', '', '', '', '', 'active'),
(95, NULL, NULL, 'Subba Rao Duddu', '', 0, '', '', '', '', '', '', 'active'),
(96, NULL, NULL, 'Murali Mohan K.V', '', 0, '', '', '', '', '', '', 'active'),
(97, NULL, NULL, 'Vikas Singh', '', 0, '', '', '', '', '', '', 'active'),
(98, NULL, NULL, 'Apurva Tare', '', 0, '', '', '', '', '', '', 'active'),
(99, NULL, NULL, 'Nitesh Sharma', '', 0, '', '', '', '', '', '', 'active'),
(100, NULL, NULL, 'Manisha Yadav', '', 0, '', '', '', '', '', '', 'active'),
(101, NULL, NULL, 'Suhas Mohite', '', 0, '', '', '', '', '', '', 'active'),
(102, NULL, NULL, 'Madhuri Dalal', '', 0, '', '', '', '', '', '', 'active'),
(103, NULL, NULL, 'B. K. Mishra', '', 0, '', '', '', '', '', '', 'active'),
(104, NULL, NULL, 'Sandhya Save', '', 0, '', '', '', '', '', '', 'active'),
(105, NULL, NULL, 'Rupali Mane', '', 0, '', '', '', '', '', '', 'active'),
(106, NULL, NULL, 'Shankarayya Ganechari', '', 0, '', '', '', '', '', '', 'active'),
(107, NULL, NULL, 'Dr.Vijaykumar Kabadi', '', 0, '', '', '', '', '', '', 'active'),
(108, NULL, NULL, 'Dr.S.A. Kori', '', 0, '', '', '', '', '', '', 'active'),
(109, NULL, NULL, 'Nithin Krishnan', '', 0, '', '', '', '', '', '', 'active'),
(110, NULL, NULL, 'Vrushali Bhatt', '', 0, '', '', '', '', '', '', 'active'),
(111, NULL, NULL, 'varsha turkar', '', 0, '', '', '', '', '', '', 'active'),
(112, NULL, NULL, 'Y.S. Rao', '', 0, '', '', '', '', '', '', 'active'),
(113, NULL, NULL, 'Prachi Janrao', '', 0, '', '', '', '', '', '', 'active'),
(114, NULL, NULL, 'Smitha Tauro', '', 0, '', '', '', '', '', '', 'active'),
(115, NULL, NULL, 'Manikandan K', '', 0, '', '', '', '', '', '', 'active'),
(116, NULL, NULL, 'Justus Robi B', '', 0, '', '', '', '', '', '', 'active'),
(117, NULL, NULL, 'Emmanuel S. Pilli', '', 0, '', '', '', '', '', '', 'active'),
(118, NULL, NULL, 'Ramesh Joshi', '', 0, '', '', '', '', '', '', 'active'),
(119, NULL, NULL, 'Rajdeep Niyogi', '', 0, '', '', '', '', '', '', 'active'),
(120, NULL, NULL, 'Dipankar Dutta', '', 0, '', '', '', '', '', '', 'active'),
(121, NULL, NULL, 'Ramesh Chandra Joshi', '', 0, '', '', '', '', '', '', 'active'),
(122, NULL, NULL, 'Aradhana Manekar', '', 0, '', '', '', '', '', '', 'active'),
(123, NULL, NULL, 'Varun K. Banura', '', 0, '', '', '', '', '', '', 'active'),
(124, NULL, NULL, 'Manish Umale', '', 0, '', '', '', '', '', '', 'active'),
(125, NULL, NULL, 'Sanjay Naravadkar', '', 0, '', '', '', '', '', '', 'active'),
(126, NULL, NULL, 'Anil Chhangani', '', 0, '', '', '', '', '', '', 'active'),
(127, NULL, NULL, 'Ketki Khante', '', 0, '', '', '', '', '', '', 'active'),
(128, NULL, NULL, 'Chandrashekhar Gode', '', 0, '', '', '', '', '', '', 'active'),
(129, NULL, NULL, 'Shubhi Agarwal', '', 0, '', '', '', '', '', '', 'active'),
(130, NULL, NULL, 'ZAHIR AALAM', '', 0, '', '', '', '', '', '', 'active'),
(131, NULL, NULL, 'BRIJKISHOR MISHRA', '', 0, '', '', '', '', '', '', 'active'),
(132, NULL, NULL, 'MAHESH KOLTE', '', 0, '', '', '', '', '', '', 'active'),
(133, NULL, NULL, 'Bijith Markarkandy', '', 0, '', '', '', '', '', '', 'active'),
(134, NULL, NULL, 'Pratap Patil', '', 0, '', '', '', '', '', '', 'active'),
(135, NULL, NULL, 'Shekhar Shah', '', 0, '', '', '', '', '', '', 'active'),
(136, NULL, NULL, 'Presha Shah', '', 0, '', '', '', '', '', '', 'active'),
(137, NULL, NULL, 'Jigar Rudani', '', 0, '', '', '', '', '', '', 'active'),
(138, NULL, NULL, 'B. K Mishra', '', 0, '', '', '', '', '', '', 'active'),
(139, NULL, NULL, 'S.K Singh', '', 0, '', '', '', '', '', '', 'active'),
(140, NULL, NULL, 'Mahendra Sharma', '', 0, '', '', '', '', '', '', 'active'),
(141, NULL, NULL, 'B.K Mishra', '', 0, '', '', '', '', '', '', 'active'),
(142, NULL, NULL, 'Vikas Jaiswal', '', 0, '', '', '', '', '', '', 'active'),
(143, NULL, NULL, 'Swalwha Bhalla', '', 0, '', '', '', '', '', '', 'active'),
(144, NULL, NULL, 'Dilip Kumar Sharma', '', 0, '', '', '', '', '', '', 'active'),
(145, NULL, NULL, 'A K Sharma', '', 0, '', '', '', '', '', '', 'active'),
(146, NULL, NULL, 'Uttara Athawale', '', 0, '', '', '', '', '', '', 'active'),
(147, NULL, NULL, 'M. Bala Krishna', '', 0, '', '', '', '', '', '', 'active'),
(148, NULL, NULL, 'Prajakta Thakare', '', 0, '', '', '', '', '', '', 'active'),
(149, NULL, NULL, 'Payel Saha', '', 0, '', '', '', '', '', '', 'active'),
(150, NULL, NULL, 'Deepali Vora', '', 0, '', '', '', '', '', '', 'active'),
(151, NULL, NULL, 'Shilpa Lambor', '', 0, '', '', '', '', '', '', 'active'),
(152, NULL, NULL, 'Dr. Sangeeta Joshi', '', 0, '', '', '', '', '', '', 'active'),
(153, NULL, NULL, 'Manisha Sharma', '', 0, '', '', '', '', '', '', 'active'),
(154, NULL, NULL, 'Manjusha Mangrulkar', '', 0, '', '', '', '', '', '', 'active'),
(155, NULL, NULL, 'Brij Mishra', '', 0, '', '', '', '', '', '', 'active'),
(156, NULL, NULL, 'Swapna Patil', '', 0, '', '', '', '', '', '', 'active'),
(157, NULL, NULL, 'Divya Rao', '', 0, '', '', '', '', '', '', 'active'),
(158, NULL, NULL, 'Kishor Honwadkar', '', 0, '', '', '', '', '', '', 'active'),
(159, NULL, NULL, 'Anirban Mitra', '', 0, '', '', '', '', '', '', 'active'),
(160, NULL, NULL, 'David Solomon Raju', '', 0, '', '', '', '', '', '', 'active'),
(161, NULL, NULL, 'Dwarkoba Gaikwad', '', 0, '', '', '', '', '', '', 'active'),
(162, NULL, NULL, 'Seema Shah', '', 0, '', '', '', '', '', '', 'active'),
(163, NULL, NULL, 'Indraneel Mukhopadhyay', '', 0, '', '', '', '', '', '', 'active'),
(164, NULL, NULL, 'Subrajeet Mohapatra', '', 0, '', '', '', '', '', '', 'active'),
(165, NULL, NULL, 'Sonali Bhadoria', '', 0, '', '', '', '', '', '', 'active'),
(166, NULL, NULL, 'Kriti Gupta', '', 0, '', '', '', '', '', '', 'active'),
(167, NULL, NULL, 'Mahendra Mehra', '', 0, '', '', '', '', '', '', 'active'),
(168, NULL, NULL, 'Mayank Agarwal', '', 0, '', '', '', '', '', '', 'active'),
(169, NULL, NULL, 'Shamal Firake', '', 0, '', '', '', '', '', '', 'active'),
(170, NULL, NULL, 'Sneha Patil', '', 0, '', '', '', '', '', '', 'active'),
(171, NULL, NULL, 'Amit Prakash', '', 0, '', '', '', '', '', '', 'active'),
(172, NULL, NULL, 'Tamilkodi Ramachandran', '', 0, '', '', '', '', '', '', 'active'),
(173, NULL, NULL, 'Anita Borkar', '', 0, '', '', '', '', '', '', 'active'),
(174, NULL, NULL, 'Vidya Hulsure', '', 0, '', '', '', '', '', '', 'active'),
(175, NULL, NULL, 'Sanjay Waykar', '', 0, '', '', '', '', '', '', 'active'),
(176, NULL, NULL, 'Perminder Kaur', '', 0, '', '', '', '', '', '', 'active'),
(177, NULL, NULL, 'Abdul Rahiman M', '', 0, '', '', '', '', '', '', 'active'),
(178, NULL, NULL, 'Asha Rawat', '', 0, '', '', '', '', '', '', 'active'),
(179, NULL, NULL, 'Janhavi Baikerikar', '', 0, '', '', '', '', '', '', 'active'),
(180, NULL, NULL, 'H.B. Kekre', '', 0, '', '', '', '', '', '', 'active'),
(181, NULL, NULL, 'Kavita Jain', '', 0, '', '', '', '', '', '', 'active'),
(182, NULL, NULL, 'Madhuparna Chakraborty', '', 0, '', '', '', '', '', '', 'active'),
(183, NULL, NULL, 'Shruti Jain', '', 0, '', '', '', '', '', '', 'active'),
(184, NULL, NULL, 'Mr.Shivanand Konade', '', 0, '', '', '', '', '', '', 'active'),
(185, NULL, NULL, 'Gajanan Dhok', '', 0, '', '', '', '', '', '', 'active'),
(186, NULL, NULL, 'Usha Sharma', '', 0, '', '', '', '', '', '', 'active'),
(187, NULL, NULL, 'Tilottama Dhake', '', 0, '', '', '', '', '', '', 'active'),
(188, NULL, NULL, 'Mr.Arun Kachare', '', 0, '', '', '', '', '', '', 'active'),
(189, NULL, NULL, 'Praveen Malik', '', 0, '', '', '', '', '', '', 'active'),
(190, NULL, NULL, 'Rakhi Muley', '', 0, '', '', '', '', '', '', 'active'),
(191, NULL, NULL, 'Anita Purushotham', '', 0, '', '', '', '', '', '', 'active'),
(192, NULL, NULL, 'Umesh Kulkarni', '', 0, '', '', '', '', '', '', 'active'),
(193, NULL, NULL, 'Sheetal Jagtap', '', 0, '', '', '', '', '', '', 'active'),
(194, NULL, NULL, 'Anil Hingmire', '', 0, '', '', '', '', '', '', 'active'),
(195, NULL, NULL, 'Gnana Jayanthi Joshi', '', 0, '', '', '', '', '', '', 'active'),
(196, NULL, NULL, 'Nandkishor Karlekar', '', 0, '', '', '', '', '', '', 'active'),
(197, NULL, NULL, 'Ibrahim Patel', '', 0, '', '', '', '', '', '', 'active'),
(198, NULL, NULL, 'Jyothi Digge', '', 0, '', '', '', '', '', '', 'active'),
(199, NULL, NULL, 'Suresh Limkar', '', 0, '', '', '', '', '', '', 'active'),
(200, NULL, NULL, 'Pankaj Agarkar', '', 0, '', '', '', '', '', '', 'active'),
(201, NULL, NULL, 'Prachitee Shekhawat', '', 0, '', '', '', '', '', '', 'active'),
(202, NULL, NULL, 'Swati Mali', '', 0, '', '', '', '', '', '', 'active'),
(203, NULL, NULL, 'Smita Dange', '', 0, '', '', '', '', '', '', 'active'),
(204, NULL, NULL, 'Sunita Mahajan', '', 0, '', '', '', '', '', '', 'active'),
(205, NULL, NULL, 'Dr. B. K. Mishra', '', 0, '', '', '', '', '', '', 'active'),
(206, NULL, NULL, 'Vinitkumar Dongre', '', 0, '', '', '', '', '', '', 'active'),
(207, NULL, NULL, 'Tusharika Sinha Banerjee', '', 0, '', '', '', '', '', '', 'active'),
(208, NULL, NULL, 'Ketki Deshmukh', '', 0, '', '', '', '', '', '', 'active'),
(209, NULL, NULL, 'Sonali Nade', '', 0, '', '', '', '', '', '', 'active'),
(210, NULL, NULL, 'Divya Patil', '', 0, '', '', '', '', '', '', 'active'),
(211, NULL, NULL, 'Mondit Mahanta', '', 0, '', '', '', '', '', '', 'active'),
(212, NULL, NULL, 'Rajib Kar', '', 0, '', '', '', '', '', '', 'active'),
(213, NULL, NULL, 'Adil Siddiqui', '', 0, '', '', '', '', '', '', 'active'),
(214, NULL, NULL, 'Amisha Naik', '', 0, '', '', '', '', '', '', 'active'),
(215, NULL, NULL, 'Arivazhagan Perumal', '', 0, '', '', '', '', '', '', 'active'),
(216, NULL, NULL, 'Subha Subramaniam', '', 0, '', '', '', '', '', '', 'active'),
(217, NULL, NULL, 'Suggala Ram Prasad', '', 0, '', '', '', '', '', '', 'active'),
(218, NULL, NULL, 'Nishath Anjum', '', 0, '', '', '', '', '', '', 'active'),
(219, NULL, NULL, 'Ajitha S', '', 0, '', '', '', '', '', '', 'active'),
(220, NULL, NULL, 'Mahesh Babu Basam', '', 0, '', '', '', '', '', '', 'active'),
(221, NULL, NULL, 'Deepthi Janyavula', '', 0, '', '', '', '', '', '', 'active'),
(222, NULL, NULL, 'Kamal Raj', '', 0, '', '', '', '', '', '', 'active'),
(223, NULL, NULL, 'Nilima Zade', '', 0, '', '', '', '', '', '', 'active'),
(224, NULL, NULL, 'uthra R', '', 0, '', '', '', '', '', '', 'active'),
(225, NULL, NULL, 'Yogi Joshi', '', 0, '', '', '', '', '', '', 'active'),
(226, NULL, NULL, 'Ujwalla Gawande', '', 0, '', '', '', '', '', '', 'active'),
(227, NULL, NULL, 'Sonali Jadhav', '', 0, '', '', '', '', '', '', 'active'),
(228, NULL, NULL, 'Pallavi Mhatre', '', 0, '', '', '', '', '', '', 'active'),
(229, NULL, NULL, 'Sunita Patil', '', 0, '', '', '', '', '', '', 'active'),
(230, NULL, NULL, 'Mr.Vilas Moon', '', 0, '', '', '', '', '', '', 'active'),
(231, NULL, NULL, 'Pankaj Mudholkar', '', 0, '', '', '', '', '', '', 'active'),
(232, NULL, NULL, 'Dr. T. R. Sontakke', '', 0, '', '', '', '', '', '', 'active'),
(233, NULL, NULL, 'Arjun Chandran', '', 0, '', '', '', '', '', '', 'active'),
(234, NULL, NULL, 'Krishna Reddy', '', 0, '', '', '', '', '', '', 'active'),
(235, NULL, NULL, 'Prashant Abyhan', '', 0, '', '', '', '', '', '', 'active'),
(236, NULL, NULL, 'Swarna Kumary', '', 0, '', '', '', '', '', '', 'active'),
(237, NULL, NULL, 'Prasanna Kr Reddy', '', 0, '', '', '', '', '', '', 'active'),
(238, NULL, NULL, 'Mohuya Chakraborty', '', 0, '', '', '', '', '', '', 'active'),
(239, NULL, NULL, 'Dipti Patra', '', 0, '', '', '', '', '', '', 'active'),
(240, NULL, NULL, 'Swarna Kumary K', '', 0, '', '', '', '', '', '', 'active'),
(241, NULL, NULL, 'Pravin Soni', '', 0, '', '', '', '', '', '', 'active'),
(242, NULL, NULL, 'Rohini Sonawane', '', 0, '', '', '', '', '', '', 'active'),
(243, NULL, NULL, 'Valli Madhavi', '', 0, '', '', '', '', '', '', 'active'),
(244, NULL, NULL, 'Akshaya Salunke', '', 0, '', '', '', '', '', '', 'active'),
(245, NULL, NULL, 'Swapnil Gamare', '', 0, '', '', '', '', '', '', 'active'),
(246, NULL, NULL, 'Dhavleesh Rattan', '', 0, '', '', '', '', '', '', 'active'),
(247, NULL, NULL, 'Dhirendra Mishra', '', 0, '', '', '', '', '', '', 'active'),
(248, NULL, NULL, 'Varsha Wangikar', '', 0, '', '', '', '', '', '', 'active'),
(249, NULL, NULL, 'Ravinder Nath', '', 0, '', '', '', '', '', '', 'active'),
(250, NULL, NULL, 'Pradeep Naik', '', 0, '', '', '', '', '', '', 'active'),
(251, NULL, NULL, 'Prof.Mrs.Shashi Prabha', '', 0, '', '', '', '', '', '', 'active'),
(252, NULL, NULL, 'S.A Ladhake', '', 0, '', '', '', '', '', '', 'active'),
(253, NULL, NULL, 'G.N. Purohit', '', 0, '', '', '', '', '', '', 'active'),
(254, NULL, NULL, 'R D Patane', '', 0, '', '', '', '', '', '', 'active'),
(255, NULL, NULL, 'Mr.R.D. Patane', '', 0, '', '', '', '', '', '', 'active'),
(256, NULL, NULL, 'Madhumita Chatterjee', '', 0, '', '', '', '', '', '', 'active'),
(257, NULL, NULL, 'Prachi Dhannawat', '', 0, '', '', '', '', '', '', 'active'),
(258, NULL, NULL, 'Shrihari Joshi', '', 0, '', '', '', '', '', '', 'active'),
(259, NULL, NULL, 'Nilkantha Killarikar', '', 0, '', '', '', '', '', '', 'active'),
(260, NULL, NULL, 'Dada Ingle', '', 0, '', '', '', '', '', '', 'active'),
(261, NULL, NULL, 'Piyush Chavan', '', 0, '', '', '', '', '', '', 'active'),
(262, NULL, NULL, 'Dr.Y.Srinivasa Rao', '', 0, '', '', '', '', '', '', 'active'),
(263, NULL, NULL, 'Santosh.K Narayankhedkar', '', 0, '', '', '', '', '', '', 'active'),
(264, NULL, NULL, 'Rakesh Kumar Jha', '', 0, '', '', '', '', '', '', 'active'),
(265, NULL, NULL, 'Sanjay Talbar', '', 0, '', '', '', '', '', '', 'active'),
(266, NULL, NULL, 'Prof. Sheetal S. Dhande', '', 0, '', '', '', '', '', '', 'active'),
(267, NULL, NULL, 'Bandu Meshram', '', 0, '', '', '', '', '', '', 'active'),
(268, NULL, NULL, 'B B Meshram', '', 0, '', '', '', '', '', '', 'active'),
(269, NULL, NULL, 'Vaibhav Chunekar', '', 0, '', '', '', '', '', '', 'active'),
(270, NULL, NULL, 'Vaishali Jadhav', '', 0, '', '', '', '', '', '', 'active'),
(271, NULL, NULL, 'Lochan Jolly', '', 0, '', '', '', '', '', '', 'active'),
(272, NULL, NULL, 'Brij Kishore Mishra', '', 0, '', '', '', '', '', '', 'active'),
(273, NULL, NULL, 'Chorosree Roychoudhury', '', 0, '', '', '', '', '', '', 'active'),
(274, NULL, NULL, 'Dr. A. K. Bhattacharjee', '', 0, '', '', '', '', '', '', 'active'),
(275, NULL, NULL, 'Mayuri Tambekar', '', 0, '', '', '', '', '', '', 'active'),
(276, NULL, NULL, 'Vibha Menon', '', 0, '', '', '', '', '', '', 'active'),
(277, NULL, NULL, 'Papeeya Phukan', '', 0, '', '', '', '', '', '', 'active'),
(278, NULL, NULL, 'Vikas Maheshwari', '', 0, '', '', '', '', '', '', 'active'),
(279, NULL, NULL, 'Meenakshi Sharma', '', 0, '', '', '', '', '', '', 'active'),
(280, NULL, NULL, 'Niranjan Devashrayee', '', 0, '', '', '', '', '', '', 'active'),
(281, NULL, NULL, 'Tarun Kanti Bhattacharyya', '', 0, '', '', '', '', '', '', 'active'),
(282, NULL, NULL, 'Hiranmoy Saha', '', 0, '', '', '', '', '', '', 'active'),
(283, NULL, NULL, 'Biplob Mondal', '', 0, '', '', '', '', '', '', 'active'),
(284, NULL, NULL, 'Kalaiarasi N', '', 0, '', '', '', '', '', '', 'active'),
(285, NULL, NULL, 'Ajitha Sakthees', '', 0, '', '', '', '', '', '', 'active'),
(286, NULL, NULL, 'Saxena Satyendra', '', 0, '', '', '', '', '', '', 'active'),
(287, NULL, NULL, 'Sachin Bojewar', '', 0, '', '', '', '', '', '', 'active'),
(288, NULL, NULL, 'Abhijit Patankar', '', 0, '', '', '', '', '', '', 'active'),
(289, NULL, NULL, 'Mukesh Zaveri', '', 0, '', '', '', '', '', '', 'active'),
(290, NULL, NULL, 'M.B. Limkar', '', 0, '', '', '', '', '', '', 'active'),
(291, NULL, NULL, 'M. Maniroja', '', 0, '', '', '', '', '', '', 'active'),
(292, NULL, NULL, 'Assist.Prof.D.V. Thombre', '', 0, '', '', '', '', '', '', 'active'),
(293, NULL, NULL, 'Dhanesh Narvekar', '', 0, '', '', '', '', '', '', 'active'),
(294, NULL, NULL, 'Prachi Bedekar', '', 0, '', '', '', '', '', '', 'active'),
(295, NULL, NULL, 'Satyajit Chakrabarti', '', 0, '', '', '', '', '', '', 'active'),
(296, NULL, NULL, 'Deven Shah', '', 0, '', '', '', '', '', '', 'active'),
(297, NULL, NULL, 'Dipika Rokade', '', 0, '', '', '', '', '', '', 'active'),
(298, NULL, NULL, 'Alok Bhushan', '', 0, '', '', '', '', '', '', 'active'),
(299, NULL, NULL, 'Jayasudha Koti', '', 0, '', '', '', '', '', '', 'active'),
(300, NULL, NULL, 'Ankita Barabde', '', 0, '', '', '', '', '', '', 'active'),
(301, NULL, NULL, 'Vijay Bhosale', '', 0, '', '', '', '', '', '', 'active'),
(302, NULL, NULL, 'Ajinkya Ghadigaonkar', '', 0, '', '', '', '', '', '', 'active'),
(303, NULL, NULL, 'Amit Kumar Bhardwaj', '', 0, '', '', '', '', '', '', 'active'),
(304, NULL, NULL, 'Vijay Bhosle', '', 0, '', '', '', '', '', '', 'active'),
(305, NULL, NULL, 'Sunil Bhooshan', '', 0, '', '', '', '', '', '', 'active'),
(306, NULL, NULL, 'Rahul Khokale', '', 0, '', '', '', '', '', '', 'active'),
(307, NULL, NULL, 'Mrs.Jyothi Digge', '', 0, '', '', '', '', '', '', 'active'),
(308, NULL, NULL, 'K.T Talele', '', 0, '', '', '', '', '', '', 'active'),
(309, NULL, NULL, 'Rahul Ambekar', '', 0, '', '', '', '', '', '', 'active'),
(310, NULL, NULL, 'Hitesh Kotian', '', 0, '', '', '', '', '', '', 'active'),
(311, NULL, NULL, 'S.V Dudal', '', 0, '', '', '', '', '', '', 'active'),
(312, NULL, NULL, 'Kirtikumar Dupare', '', 0, '', '', '', '', '', '', 'active'),
(313, NULL, NULL, 'Suman Ninoriya', '', 0, '', '', '', '', '', '', 'active'),
(314, NULL, NULL, 'Kalawati Patil', '', 0, '', '', '', '', '', '', 'active'),
(315, NULL, NULL, 'Ashwini Gajarushi', '', 0, '', '', '', '', '', '', 'active'),
(316, NULL, NULL, 'Anupam Nath', '', 0, '', '', '', '', '', '', 'active'),
(317, NULL, NULL, 'Sumit Pathak', '', 0, '', '', '', '', '', '', 'active'),
(318, NULL, NULL, 'Annu Karir', '', 0, '', '', '', '', '', '', 'active'),
(319, NULL, NULL, 'Grandhi Naresh kumar', '', 0, '', '', '', '', '', '', 'active'),
(320, NULL, NULL, 'Rathinam A', '', 0, '', '', '', '', '', '', 'active'),
(321, NULL, NULL, 'Avichal Kapur', '', 0, '', '', '', '', '', '', 'active'),
(322, NULL, NULL, 'Prof.Mrs.Savita Bhosale', '', 0, '', '', '', '', '', '', 'active'),
(323, NULL, NULL, 'Abhijeet Mane', '', 0, '', '', '', '', '', '', 'active'),
(324, NULL, NULL, 'Ankur Bordoloi', '', 0, '', '', '', '', '', '', 'active'),
(325, NULL, NULL, 'Ashis Kumar Mal', '', 0, '', '', '', '', '', '', 'active'),
(326, NULL, NULL, 'Hidayatullah Choudhry', '', 0, '', '', '', '', '', '', 'active'),
(327, NULL, NULL, 'Renuka Pawar', '', 0, '', '', '', '', '', '', 'active'),
(328, NULL, NULL, 'Santosh Kr pandey', '', 0, '', '', '', '', '', '', 'active'),
(329, NULL, NULL, 'Alankar Kambli', '', 0, '', '', '', '', '', '', 'active'),
(330, NULL, NULL, 'Sangita Chaudhari', '', 0, '', '', '', '', '', '', 'active'),
(331, NULL, NULL, 'Vishnupriya Mallela', '', 0, '', '', '', '', '', '', 'active'),
(332, NULL, NULL, 'Amey Kulkarni', '', 0, '', '', '', '', '', '', 'active'),
(333, NULL, NULL, 'Prashant Bhardwaj', '', 0, '', '', '', '', '', '', 'active'),
(334, NULL, NULL, 'Imdad Rizvi', '', 0, '', '', '', '', '', '', 'active'),
(335, NULL, NULL, 'Shashank Gupta', '', 0, '', '', '', '', '', '', 'active'),
(336, NULL, NULL, 'Mohammed Qadeer', '', 0, '', '', '', '', '', '', 'active'),
(337, NULL, NULL, 'Nita Thakare', '', 0, '', '', '', '', '', '', 'active'),
(338, NULL, NULL, 'Shashank Yadav', '', 0, '', '', '', '', '', '', 'active'),
(339, NULL, NULL, 'Ancy Abraham', '', 0, '', '', '', '', '', '', 'active'),
(340, NULL, NULL, 'Ketul Patel', '', 0, '', '', '', '', '', '', 'active'),
(341, NULL, NULL, 'Ms.Prathibha Sudhakaran', '', 0, '', '', '', '', '', '', 'active'),
(342, NULL, NULL, 'Cavill D?souza', '', 0, '', '', '', '', '', '', 'active'),
(343, NULL, NULL, 'Sushila Kamble', '', 0, '', '', '', '', '', '', 'active'),
(344, NULL, NULL, 'Neha Mahajan', '', 0, '', '', '', '', '', '', 'active'),
(345, NULL, NULL, 'Praveen Varshney', '', 0, '', '', '', '', '', '', 'active'),
(346, NULL, NULL, 'Ravichandra Babu.T', '', 0, '', '', '', '', '', '', 'active'),
(347, NULL, NULL, 'Syed Shabih Hasan', '', 0, '', '', '', '', '', '', 'active'),
(348, NULL, NULL, 'Devashree Marotkar', '', 0, '', '', '', '', '', '', 'active'),
(349, NULL, NULL, 'Ankur Chandra', '', 0, '', '', '', '', '', '', 'active'),
(350, NULL, NULL, 'Kavita Bhatt', '', 0, '', '', '', '', '', '', 'active'),
(351, NULL, NULL, 'C.R.Rene Robin', '', 0, '', '', '', '', '', '', 'active'),
(352, NULL, NULL, 'Siddharth Gupta', '', 0, '', '', '', '', '', '', 'active'),
(353, NULL, NULL, 'Pravin Dilpak', '', 0, '', '', '', '', '', '', 'active'),
(354, NULL, NULL, 'Anjani Kumar Rai', '', 0, '', '', '', '', '', '', 'active'),
(355, NULL, NULL, 'Era Johri', '', 0, '', '', '', '', '', '', 'active'),
(356, NULL, NULL, 'Balasundaram S R', '', 0, '', '', '', '', '', '', 'active'),
(357, NULL, NULL, 'M. Parisa Beham', '', 0, '', '', '', '', '', '', 'active'),
(358, NULL, NULL, 'Deepika Chadha', '', 0, '', '', '', '', '', '', 'active'),
(359, NULL, NULL, 'Siddhartha Baruah', '', 0, '', '', '', '', '', '', 'active'),
(360, NULL, NULL, 'Nidhi Sharma', '', 0, '', '', '', '', '', '', 'active'),
(361, NULL, NULL, 'Jay Mehta', '', 0, '', '', '', '', '', '', 'active'),
(362, NULL, NULL, 'Akhilan Subramanian', '', 0, '', '', '', '', '', '', 'active'),
(363, NULL, NULL, 'Jitendra Kumavat', '', 0, '', '', '', '', '', '', 'active'),
(364, NULL, NULL, 'K. Manikandan', '', 0, '', '', '', '', '', '', 'active'),
(365, NULL, NULL, 'Nishtha Verma', '', 0, '', '', '', '', '', '', 'active'),
(366, NULL, NULL, 'Vikas Maheshkar', '', 0, '', '', '', '', '', '', 'active'),
(367, NULL, NULL, 'Prof.David Neels Pon Kumar', '', 0, '', '', '', '', '', '', 'active'),
(368, NULL, NULL, 'Sunil Bangare', '', 0, '', '', '', '', '', '', 'active'),
(369, NULL, NULL, 'Nilesh Uke', '', 0, '', '', '', '', '', '', 'active'),
(370, NULL, NULL, 'Rohan Jhaveri', '', 0, '', '', '', '', '', '', 'active'),
(371, NULL, NULL, 'Sujata Dubal', '', 0, '', '', '', '', '', '', 'active'),
(372, NULL, NULL, 'Neha Gulati', '', 0, '', '', '', '', '', '', 'active'),
(373, NULL, NULL, 'Nimesh Doshi', '', 0, '', '', '', '', '', '', 'active'),
(374, NULL, NULL, 'Aprajita Singh', '', 0, '', '', '', '', '', '', 'active'),
(375, NULL, NULL, 'Subhash Arya', '', 0, '', '', '', '', '', '', 'active'),
(376, NULL, NULL, 'Nitu Bhoir', '', 0, '', '', '', '', '', '', 'active'),
(377, NULL, NULL, 'Suresh Jajoo', '', 0, '', '', '', '', '', '', 'active'),
(378, NULL, NULL, 'Saswati Sarkar', '', 0, '', '', '', '', '', '', 'active'),
(379, NULL, NULL, 'Nilima Kalamkar', '', 0, '', '', '', '', '', '', 'active'),
(380, NULL, NULL, 'Mitrabinda Ray', '', 0, '', '', '', '', '', '', 'active'),
(381, NULL, NULL, 'R Gupta', '', 0, '', '', '', '', '', '', 'active'),
(382, NULL, NULL, 'Sudhir Dhage', '', 0, '', '', '', '', '', '', 'active'),
(383, NULL, NULL, 'Pradeep Singh', '', 0, '', '', '', '', '', '', 'active'),
(384, NULL, NULL, 'Atul Kemkar', '', 0, '', '', '', '', '', '', 'active'),
(385, NULL, NULL, 'Irfan Siddavatam', '', 0, '', '', '', '', '', '', 'active'),
(386, NULL, NULL, 'Tabassum Mujawar', '', 0, '', '', '', '', '', '', 'active'),
(387, NULL, NULL, 'Atul Shukla', '', 0, '', '', '', '', '', '', 'active'),
(388, NULL, NULL, 'Girish Mundada', '', 0, '', '', '', '', '', '', 'active'),
(389, NULL, NULL, 'Dattatraya Tendulkar', '', 0, '', '', '', '', '', '', 'active'),
(390, NULL, NULL, 'Iti Mathur', '', 0, '', '', '', '', '', '', 'active'),
(391, NULL, NULL, 'Parma Nand', '', 0, '', '', '', '', '', '', 'active'),
(392, NULL, NULL, 'Nandhini Kumaresh', '', 0, '', '', '', '', '', '', 'active'),
(393, NULL, NULL, 'Sanjay Bansal', '', 0, '', '', '', '', '', '', 'active'),
(394, NULL, NULL, 'Nisheeth Joshi', '', 0, '', '', '', '', '', '', 'active'),
(395, NULL, NULL, 'Shubhi Lall', '', 0, '', '', '', '', '', '', 'active'),
(396, NULL, NULL, 'Rajesh Kanna B.', '', 0, '', '', '', '', '', '', 'active'),
(397, NULL, NULL, 'G.Sampath Kumar G', '', 0, '', '', '', '', '', '', 'active'),
(398, NULL, NULL, 'Prof. China Venkateswarlu Sonagiri', '', 0, '', '', '', '', '', '', 'active'),
(399, NULL, NULL, 'Neena Jacob', '', 0, '', '', '', '', '', '', 'active'),
(400, NULL, NULL, 'Ritambhra Korpal', '', 0, '', '', '', '', '', '', 'active'),
(401, NULL, NULL, 'Hemanta Kumar Kalita', '', 0, '', '', '', '', '', '', 'active'),
(402, NULL, NULL, 'Monali Mavani', '', 0, '', '', '', '', '', '', 'active'),
(403, NULL, NULL, 'Geeta Hayagreev', '', 0, '', '', '', '', '', '', 'active'),
(404, NULL, NULL, 'Divya Valsan', '', 0, '', '', '', '', '', '', 'active'),
(405, NULL, NULL, 'Anuj Vohra', '', 0, '', '', '', '', '', '', 'active'),
(406, NULL, NULL, 'Anjali Yeole', '', 0, '', '', '', '', '', '', 'active'),
(407, NULL, NULL, 'Beena Khade', '', 0, '', '', '', '', '', '', 'active'),
(408, NULL, NULL, 'Hemant Mehta', '', 0, '', '', '', '', '', '', 'active'),
(409, NULL, NULL, 'Shridhar Burli', '', 0, '', '', '', '', '', '', 'active'),
(410, NULL, NULL, 'Vidyagouri Hemadri', '', 0, '', '', '', '', '', '', 'active'),
(411, NULL, NULL, 'Snehal Bhosale', '', 0, '', '', '', '', '', '', 'active'),
(412, NULL, NULL, 'Atul Sharma', '', 0, '', '', '', '', '', '', 'active'),
(413, NULL, NULL, 'Krunal Patel', '', 0, '', '', '', '', '', '', 'active'),
(414, NULL, NULL, 'Sharon Lobo', '', 0, '', '', '', '', '', '', 'active'),
(415, NULL, NULL, 'Devidas Karale', '', 0, '', '', '', '', '', '', 'active'),
(416, NULL, NULL, 'Mohd Mansoor Ali', '', 0, '', '', '', '', '', '', 'active'),
(417, NULL, NULL, 'Dr.H.B. Kekre', '', 0, '', '', '', '', '', '', 'active'),
(418, NULL, NULL, 'Vikas Rai', '', 0, '', '', '', '', '', '', 'active'),
(419, NULL, NULL, 'Aarti Bakshi', '', 0, '', '', '', '', '', '', 'active'),
(420, NULL, NULL, 'Jigar Modi', '', 0, '', '', '', '', '', '', 'active'),
(421, NULL, NULL, 'Aditya Modi', '', 0, '', '', '', '', '', '', 'active'),
(422, NULL, NULL, 'Harsh Mehta', '', 0, '', '', '', '', '', '', 'active'),
(423, NULL, NULL, 'Kamalakar Desai', '', 0, '', '', '', '', '', '', 'active'),
(424, NULL, NULL, 'Rukhsana Khan', '', 0, '', '', '', '', '', '', 'active'),
(425, NULL, NULL, 'Alpa Reshamwala', '', 0, '', '', '', '', '', '', 'active'),
(426, NULL, NULL, 'Bhushan Nemade', '', 0, '', '', '', '', '', '', 'active'),
(427, NULL, NULL, 'Ajay Khunteta', '', 0, '', '', '', '', '', '', 'active'),
(428, NULL, NULL, 'Bs Pradeep', '', 0, '', '', '', '', '', '', 'active'),
(429, NULL, NULL, 'Kiran Dubey', '', 0, '', '', '', '', '', '', 'active'),
(430, NULL, NULL, 'Dr.Sureshchandra J. Gupta', '', 0, '', '', '', '', '', '', 'active'),
(431, NULL, NULL, 'Arko Basu', '', 0, '', '', '', '', '', '', 'active'),
(432, NULL, NULL, 'Ashwini Deshpande', '', 0, '', '', '', '', '', '', 'active'),
(433, NULL, NULL, 'Patel Rashmika', '', 0, '', '', '', '', '', '', 'active'),
(434, NULL, NULL, 'Malathi Jesudason', '', 0, '', '', '', '', '', '', 'active'),
(435, NULL, NULL, 'Rupali Jadhav', '', 0, '', '', '', '', '', '', 'active'),
(436, NULL, NULL, 'Bhashir Mohammed', '', 0, '', '', '', '', '', '', 'active'),
(437, NULL, NULL, 'Vinay A', '', 0, '', '', '', '', '', '', 'active'),
(438, NULL, NULL, 'Mohammed Ziauddin', '', 0, '', '', '', '', '', '', 'active'),
(439, NULL, NULL, 'Suchitra Patil', '', 0, '', '', '', '', '', '', 'active'),
(440, NULL, NULL, 'Shivendra Shivani', '', 0, '', '', '', '', '', '', 'active'),
(441, NULL, NULL, 'Patel Chirag', '', 0, '', '', '', '', '', '', 'active'),
(442, NULL, NULL, 'Archana Gulati', '', 0, '', '', '', '', '', '', 'active'),
(443, NULL, NULL, 'Asha T', '', 0, '', '', '', '', '', '', 'active'),
(444, NULL, NULL, 'Sudeshna Sen', '', 0, '', '', '', '', '', '', 'active'),
(445, NULL, NULL, 'Chirag Patel', '', 0, '', '', '', '', '', '', 'active'),
(446, NULL, NULL, 'Sreeja S.S', '', 0, '', '', '', '', '', '', 'active'),
(447, NULL, NULL, 'Mrs. Dhara Shah', '', 0, '', '', '', '', '', '', 'active'),
(448, NULL, NULL, 'Rajesh Kannan Megalingam', '', 0, '', '', '', '', '', '', 'active'),
(449, NULL, NULL, 'Dipti Verma', '', 0, '', '', '', '', '', '', 'active'),
(450, NULL, NULL, 'Dr. H. B. Kekre', '', 0, '', '', '', '', '', '', 'active'),
(451, NULL, NULL, 'Gurulakshmi A.B.', '', 0, '', '', '', '', '', '', 'active'),
(452, NULL, NULL, 'Pradeep Mirchandani', '', 0, '', '', '', '', '', '', 'active'),
(453, NULL, NULL, 'Gautam Borkar', '', 0, '', '', '', '', '', '', 'active'),
(454, NULL, NULL, 'Sujitha V', '', 0, '', '', '', '', '', '', 'active'),
(455, NULL, NULL, 'Rohini More', '', 0, '', '', '', '', '', '', 'active'),
(456, NULL, NULL, 'Shruti Oza', '', 0, '', '', '', '', '', '', 'active'),
(457, NULL, NULL, 'Raj Kumar', '', 0, '', '', '', '', '', '', 'active'),
(458, NULL, NULL, 'Satyanarayana Padaganur', '', 0, '', '', '', '', '', '', 'active'),
(459, NULL, NULL, 'Muthukumaran K', '', 0, '', '', '', '', '', '', 'active'),
(460, NULL, NULL, 'Saurav Agarwal', '', 0, '', '', '', '', '', '', 'active'),
(461, NULL, NULL, 'Ashwini Bhugul', '', 0, '', '', '', '', '', '', 'active'),
(462, NULL, NULL, 'Amar Khopade', '', 0, '', '', '', '', '', '', 'active'),
(463, NULL, NULL, 'Srikanta Pal', '', 0, '', '', '', '', '', '', 'active'),
(464, NULL, NULL, 'Varun Gupta', '', 0, '', '', '', '', '', '', 'active'),
(465, NULL, NULL, 'Amruta Chintawar', '', 0, '', '', '', '', '', '', 'active'),
(466, NULL, NULL, 'Arun Adiththan', '', 0, '', '', '', '', '', '', 'active'),
(467, NULL, NULL, 'Jitha Varghese', '', 0, '', '', '', '', '', '', 'active'),
(468, NULL, NULL, 'Ms Mrinmoyee Mukherjee', '', 0, '', '', '', '', '', '', 'active'),
(469, NULL, NULL, 'Aaditya Desai', '', 0, '', '', '', '', '', '', 'active'),
(470, NULL, NULL, 'Chitra Bhole', '', 0, '', '', '', '', '', '', 'active'),
(471, NULL, NULL, 'S Shamshudharwez', '', 0, '', '', '', '', '', '', 'active'),
(472, NULL, NULL, 'Swapnil Kadam', '', 0, '', '', '', '', '', '', 'active'),
(473, NULL, NULL, 'Prachi Palsodkar', '', 0, '', '', '', '', '', '', 'active'),
(474, NULL, NULL, 'Naregalkar Akshay', '', 0, '', '', '', '', '', '', 'active'),
(475, NULL, NULL, 'Aswini Vnl', '', 0, '', '', '', '', '', '', 'active'),
(476, NULL, NULL, 'V N Pawar', '', 0, '', '', '', '', '', '', 'active'),
(477, NULL, NULL, 'Asmita Nirmal', '', 0, '', '', '', '', '', '', 'active'),
(478, NULL, NULL, 'Savitha Upadhya', '', 0, '', '', '', '', '', '', 'active'),
(479, NULL, NULL, 'Abhineet Sarkar', '', 0, '', '', '', '', '', '', 'active'),
(480, NULL, NULL, 'Loshma Gunisetti', '', 0, '', '', '', '', '', '', 'active'),
(481, NULL, NULL, 'Susarla Venkata Ananta Rama Sastry', '', 0, '', '', '', '', '', '', 'active'),
(482, NULL, NULL, 'Rajeshwari Goudar', '', 0, '', '', '', '', '', '', 'active'),
(483, NULL, NULL, 'Sujatha Kesavan', '', 0, '', '', '', '', '', '', 'active'),
(484, NULL, NULL, 'Suryaprasad Potnuru', '', 0, '', '', '', '', '', '', 'active'),
(485, NULL, NULL, 'Mrinmoyee Mukherjee', '', 0, '', '', '', '', '', '', 'active'),
(486, NULL, NULL, 'Rammohan Reddy', '', 0, '', '', '', '', '', '', 'active'),
(487, NULL, NULL, 'Vikram Goyal', '', 0, '', '', '', '', '', '', 'active'),
(488, NULL, NULL, 'Poonam Gera', '', 0, '', '', '', '', '', '', 'active'),
(489, NULL, NULL, 'Narendra Shekokar', '', 0, '', '', '', '', '', '', 'active'),
(490, NULL, NULL, 'Mahesh Darak', '', 0, '', '', '', '', '', '', 'active'),
(491, NULL, NULL, 'Madhulika Bhelotkar', '', 0, '', '', '', '', '', '', 'active'),
(492, NULL, NULL, 'Pooja Gautam', '', 0, '', '', '', '', '', '', 'active'),
(493, NULL, NULL, 'Yerra Sreenivasa Rao', '', 0, '', '', '', '', '', '', 'active'),
(494, NULL, NULL, 'Shashank Prasad', '', 0, '', '', '', '', '', '', 'active'),
(495, NULL, NULL, 'Shirshendu Maitra', '', 0, '', '', '', '', '', '', 'active'),
(496, NULL, NULL, 'Shilpa Shinde', '', 0, '', '', '', '', '', '', 'active'),
(497, NULL, NULL, 'Rajesh Holmukhe', '', 0, '', '', '', '', '', '', 'active'),
(498, NULL, NULL, 'Vignesh Iyer', '', 0, '', '', '', '', '', '', 'active'),
(499, NULL, NULL, 'Promila Bahadur', '', 0, '', '', '', '', '', '', 'active'),
(500, NULL, NULL, 'Ashwini Dalvi', '', 0, '', '', '', '', '', '', 'active'),
(501, NULL, NULL, 'Rushabh Hathi', '', 0, '', '', '', '', '', '', 'active'),
(502, NULL, NULL, 'Anil Rajput', '', 0, '', '', '', '', '', '', 'active'),
(503, NULL, NULL, 'Naveesh Bajpai', '', 0, '', '', '', '', '', '', 'active'),
(504, NULL, NULL, 'Pravin Rahate', '', 0, '', '', '', '', '', '', 'active'),
(505, NULL, NULL, 'Baskar Babujee', '', 0, '', '', '', '', '', '', 'active'),
(506, NULL, NULL, 'Raj Tiwari', '', 0, '', '', '', '', '', '', 'active'),
(507, NULL, NULL, 'Mangesh Deshpande', '', 0, '', '', '', '', '', '', 'active'),
(508, NULL, NULL, 'Girish Tere', '', 0, '', '', '', '', '', '', 'active'),
(509, NULL, NULL, 'Ankit Arora', '', 0, '', '', '', '', '', '', 'active'),
(510, NULL, NULL, 'Ch Phani Kumar', '', 0, '', '', '', '', '', '', 'active'),
(511, NULL, NULL, 'Abhijit Dongaonkar', '', 0, '', '', '', '', '', '', 'active'),
(512, NULL, NULL, 'Vithal Nagathan', '', 0, '', '', '', '', '', '', 'active'),
(513, NULL, NULL, 'Bharatbhushan Kale', '', 0, '', '', '', '', '', '', 'active'),
(514, NULL, NULL, 'Manpreet Kaur Aneja', '', 0, '', '', '', '', '', '', 'active'),
(515, NULL, NULL, 'Subitha Thomas', '', 0, '', '', '', '', '', '', 'active'),
(516, NULL, NULL, 'Nilesh Pardeshi', '', 0, '', '', '', '', '', '', 'active'),
(517, NULL, NULL, 'Aravapalli Kousalya', '', 0, '', '', '', '', '', '', 'active'),
(518, NULL, NULL, 'Kalyana Srinivas Kandala', '', 0, '', '', '', '', '', '', 'active'),
(519, NULL, NULL, 'Brahmananda Reddy Kaswa', '', 0, '', '', '', '', '', '', 'active'),
(520, NULL, NULL, 'Sushma Kadge', '', 0, '', '', '', '', '', '', 'active'),
(521, NULL, NULL, 'Amita Sharma', '', 0, '', '', '', '', '', '', 'active'),
(522, NULL, NULL, 'Debojyoti Majumdar', '', 0, '', '', '', '', '', '', 'active'),
(523, NULL, NULL, 'Suryakant B Patil', '', 0, '', '', '', '', '', '', 'active'),
(524, NULL, NULL, 'Deepali Khatri', '', 0, '', '', '', '', '', '', 'active'),
(525, NULL, NULL, 'Santsoh Patil', '', 0, '', '', '', '', '', '', 'active'),
(526, NULL, NULL, 'Sulbha Yadav', '', 0, '', '', '', '', '', '', 'active'),
(527, NULL, NULL, 'Madhavi Pradhan', '', 0, '', '', '', '', '', '', 'active'),
(528, NULL, NULL, 'Aarti Kane', '', 0, '', '', '', '', '', '', 'active'),
(529, NULL, NULL, 'Ajit Vyavahare', '', 0, '', '', '', '', '', '', 'active'),
(530, NULL, NULL, 'Nilesh Patil', '', 0, '', '', '', '', '', '', 'active'),
(531, NULL, NULL, 'Mallikarjun Savanalli', '', 0, '', '', '', '', '', '', 'active'),
(532, NULL, NULL, 'Hitu Varshney', '', 0, '', '', '', '', '', '', 'active'),
(533, NULL, NULL, 'Harish Boddapati', '', 0, '', '', '', '', '', '', 'active'),
(534, NULL, NULL, 'Ajay Yadav', '', 0, '', '', '', '', '', '', 'active'),
(535, NULL, NULL, 'Geetanjali Kale', '', 0, '', '', '', '', '', '', 'active'),
(536, NULL, NULL, 'Sindhu Nair', '', 0, '', '', '', '', '', '', 'active'),
(537, NULL, NULL, 'Amol Adamuthe', '', 0, '', '', '', '', '', '', 'active'),
(538, NULL, NULL, 'Tafseer Alam', '', 0, '', '', '', '', '', '', 'active'),
(539, NULL, NULL, 'Mrs. Madhuri Dalal', '', 0, '', '', '', '', '', '', 'active'),
(540, NULL, NULL, 'Meenakshi Patil', '', 0, '', '', '', '', '', '', 'active'),
(541, NULL, NULL, 'Dhananjay Kalbande', '', 0, '', '', '', '', '', '', 'active'),
(542, NULL, NULL, 'Kshitija Pol', '', 0, '', '', '', '', '', '', 'active'),
(543, NULL, NULL, 'Jeegar Patel', '', 0, '', '', '', '', '', '', 'active'),
(544, NULL, NULL, 'Varsha Hole', '', 0, '', '', '', '', '', '', 'active'),
(545, NULL, NULL, 'Shahsant Devadiga', '', 0, '', '', '', '', '', '', 'active'),
(546, NULL, NULL, 'Nargis Siddiqui', '', 0, '', '', '', '', '', '', 'active'),
(547, NULL, NULL, 'Utkarsha Pacharaney', '', 0, '', '', '', '', '', '', 'active'),
(548, NULL, NULL, 'Anil Kumar K.M', '', 0, '', '', '', '', '', '', 'active'),
(549, NULL, NULL, 'Dharma Raj Cheruku', '', 0, '', '', '', '', '', '', 'active'),
(550, NULL, NULL, 'Udit Dave', '', 0, '', '', '', '', '', '', 'active'),
(551, NULL, NULL, 'Ashwini Patil', '', 0, '', '', '', '', '', '', 'active'),
(552, NULL, NULL, 'Aarti Karande', '', 0, '', '', '', '', '', '', 'active'),
(553, NULL, NULL, 'Preeti Patil', '', 0, '', '', '', '', '', '', 'active'),
(554, NULL, NULL, 'Karl Baria', '', 0, '', '', '', '', '', '', 'active'),
(555, NULL, NULL, 'Sujata Naduvinamani', '', 0, '', '', '', '', '', '', 'active'),
(556, NULL, NULL, 'Marikkannu P.', '', 0, '', '', '', '', '', '', 'active'),
(557, NULL, NULL, 'Yogesh Pingle', '', 0, '', '', '', '', '', '', 'active'),
(558, NULL, NULL, 'Kavita Gawande', '', 0, '', '', '', '', '', '', 'active'),
(559, NULL, NULL, 'Nilesh Mehta', '', 0, '', '', '', '', '', '', 'active'),
(560, NULL, NULL, 'Dhiraj Bhise', '', 0, '', '', '', '', '', '', 'active'),
(561, NULL, NULL, 'B S Harish', '', 0, '', '', '', '', '', '', 'active'),
(562, NULL, NULL, 'Shubhada Deshpande', '', 0, '', '', '', '', '', '', 'active'),
(563, NULL, NULL, 'Sushama Khanvilkar', '', 0, '', '', '', '', '', '', 'active'),
(564, NULL, NULL, 'Rashmi Gadge', '', 0, '', '', '', '', '', '', 'active'),
(565, NULL, NULL, 'Rashmi Keote', '', 0, '', '', '', '', '', '', 'active'),
(566, NULL, NULL, 'Vanaraj Vaghela', '', 0, '', '', '', '', '', '', 'active'),
(567, NULL, NULL, 'Devesh Nawgaje', '', 0, '', '', '', '', '', '', 'active'),
(568, NULL, NULL, 'Mamta Sharma', '', 0, '', '', '', '', '', '', 'active'),
(569, NULL, NULL, 'Hameem Shanavas', '', 0, '', '', '', '', '', '', 'active'),
(570, NULL, NULL, 'Saiqa Khan', '', 0, '', '', '', '', '', '', 'active'),
(571, NULL, NULL, 'Nisha T', '', 0, '', '', '', '', '', '', 'active'),
(572, NULL, NULL, 'Ulka Pawar', '', 0, '', '', '', '', '', '', 'active'),
(573, NULL, NULL, 'Jemin Shah', '', 0, '', '', '', '', '', '', 'active'),
(574, NULL, NULL, 'Shirish Sabnis', '', 0, '', '', '', '', '', '', 'active'),
(575, NULL, NULL, 'Jyoti Rothe', '', 0, '', '', '', '', '', '', 'active'),
(576, NULL, NULL, 'Shilpa Verma', '', 0, '', '', '', '', '', '', 'active'),
(577, NULL, NULL, 'Kanchan Doke', '', 0, '', '', '', '', '', '', 'active'),
(578, NULL, NULL, 'Vaishali Mandhare', '', 0, '', '', '', '', '', '', 'active'),
(579, NULL, NULL, 'Nachiappan Mahalakshmi', '', 0, '', '', '', '', '', '', 'active'),
(580, NULL, NULL, 'Dinkar Bhombe', '', 0, '', '', '', '', '', '', 'active'),
(581, NULL, NULL, 'Rahul Samant', '', 0, '', '', '', '', '', '', 'active'),
(582, NULL, NULL, 'Sheetal Bukkawar', '', 0, '', '', '', '', '', '', 'active'),
(583, NULL, NULL, 'Prashant Vikram', '', 0, '', '', '', '', '', '', 'active'),
(584, NULL, NULL, 'S Manjunath', '', 0, '', '', '', '', '', '', 'active'),
(585, NULL, NULL, 'Mandar Bivalkar', '', 0, '', '', '', '', '', '', 'active'),
(586, NULL, NULL, 'Neha Bheniye', '', 0, '', '', '', '', '', '', 'active'),
(587, NULL, NULL, 'Baban Rindhe', '', 0, '', '', '', '', '', '', 'active'),
(588, NULL, NULL, 'Dipen Valani', '', 0, '', '', '', '', '', '', 'active'),
(589, NULL, NULL, 'Mita Dalal', '', 0, '', '', '', '', '', '', 'active'),
(590, NULL, NULL, 'Neelam Naik', '', 0, '', '', '', '', '', '', 'active'),
(591, NULL, NULL, 'Abbas Sheik Dawood', '', 0, '', '', '', '', '', '', 'active'),
(592, NULL, NULL, 'Dr. Hemant Kekre', '', 0, '', '', '', '', '', '', 'active'),
(593, NULL, NULL, 'Rupali Sawant', '', 0, '', '', '', '', '', '', 'active'),
(594, NULL, NULL, 'Shruti Singh Roy', '', 0, '', '', '', '', '', '', 'active'),
(595, NULL, NULL, 'Priya Sinha', '', 0, '', '', '', '', '', '', 'active'),
(596, NULL, NULL, 'Siddesh G M', '', 0, '', '', '', '', '', '', 'active'),
(597, NULL, NULL, 'Sreekanth P', '', 0, '', '', '', '', '', '', 'active'),
(598, NULL, NULL, 'Siva Sankar Alam', '', 0, '', '', '', '', '', '', 'active'),
(599, NULL, NULL, 'Prof. Amutha Jayakumar', '', 0, '', '', '', '', '', '', 'active'),
(600, NULL, NULL, 'Kailas Devadkar', '', 0, '', '', '', '', '', '', 'active'),
(601, NULL, NULL, 'Radha Mani', '', 0, '', '', '', '', '', '', 'active'),
(602, NULL, NULL, 'Rashmi Salavi', '', 0, '', '', '', '', '', '', 'active'),
(603, NULL, NULL, 'Ashwini Karande', '', 0, '', '', '', '', '', '', 'active'),
(604, NULL, NULL, 'Anvita Birje', '', 0, '', '', '', '', '', '', 'active'),
(605, NULL, NULL, 'Priyanka Pawar', '', 0, '', '', '', '', '', '', 'active'),
(606, NULL, NULL, 'Venkatesh. Mantur', '', 0, '', '', '', '', '', '', 'active'),
(607, NULL, NULL, 'Seema Nehete', '', 0, '', '', '', '', '', '', 'active'),
(608, NULL, NULL, 'Venkatesh Mantur', '', 0, '', '', '', '', '', '', 'active'),
(609, NULL, NULL, 'Minal Puranik', '', 0, '', '', '', '', '', '', 'active'),
(610, NULL, NULL, 'Rathinam Ananthanaryanan', '', 0, '', '', '', '', '', '', 'active'),
(611, NULL, NULL, 'Satish Ket', '', 0, '', '', '', '', '', '', 'active'),
(612, NULL, NULL, 'Monali Choudhari', '', 0, '', '', '', '', '', '', 'active'),
(613, NULL, NULL, 'Vishal Jain', '', 0, '', '', '', '', '', '', 'active'),
(614, NULL, NULL, 'Shanti Swamy', '', 0, '', '', '', '', '', '', 'active'),
(615, NULL, NULL, 'Devjayant Singh', '', 0, '', '', '', '', '', '', 'active'),
(616, NULL, NULL, 'Lakshmana B', '', 0, '', '', '', '', '', '', 'active'),
(617, NULL, NULL, 'Arjun Chopra', '', 0, '', '', '', '', '', '', 'active'),
(618, NULL, NULL, 'Anuraag Sharma', '', 0, '', '', '', '', '', '', 'active'),
(619, NULL, NULL, 'Shrikant Agrawal', '', 0, '', '', '', '', '', '', 'active'),
(620, NULL, NULL, 'Vaibhav Neema', '', 0, '', '', '', '', '', '', 'active'),
(621, NULL, NULL, 'Purvi Sankhe', '', 0, '', '', '', '', '', '', 'active'),
(622, NULL, NULL, 'Dr. H.B. Kekre', '', 0, '', '', '', '', '', '', 'active'),
(623, NULL, NULL, 'Sopan Talekar', '', 0, '', '', '', '', '', '', 'active'),
(624, NULL, NULL, 'Rahul Jinturkar', '', 0, '', '', '', '', '', '', 'active'),
(625, NULL, NULL, 'Malhar Lakdawala', '', 0, '', '', '', '', '', '', 'active'),
(626, NULL, NULL, 'Tejas Madan', '', 0, '', '', '', '', '', '', 'active'),
(627, NULL, NULL, 'Vinay Kumar', '', 0, '', '', '', '', '', '', 'active'),
(628, NULL, NULL, 'Ashish Harsola', '', 0, '', '', '', '', '', '', 'active'),
(629, NULL, NULL, 'Dadaso Mane', '', 0, '', '', '', '', '', '', 'active'),
(630, NULL, NULL, 'Chhaya Narvekar', '', 0, '', '', '', '', '', '', 'active'),
(631, NULL, NULL, 'Shilp Dixit', '', 0, '', '', '', '', '', '', 'active'),
(632, NULL, NULL, 'Sarita Bopalkar', '', 0, '', '', '', '', '', '', 'active'),
(633, NULL, NULL, 'Mrinai Dhanvijay', '', 0, '', '', '', '', '', '', 'active'),
(634, NULL, NULL, 'Shrinivasrao B. Kulkarni', '', 0, '', '', '', '', '', '', 'active'),
(635, NULL, NULL, 'Rejo Mathew', '', 0, '', '', '', '', '', '', 'active'),
(636, NULL, NULL, 'Manisha Naoghare', '', 0, '', '', '', '', '', '', 'active'),
(637, NULL, NULL, 'Amol Bhagat', '', 0, '', '', '', '', '', '', 'active'),
(638, NULL, NULL, 'Balasaheb Tarle', '', 0, '', '', '', '', '', '', 'active'),
(639, NULL, NULL, 'Deepak Gala', '', 0, '', '', '', '', '', '', 'active'),
(640, NULL, NULL, 'Rakesh Jha', '', 0, '', '', '', '', '', '', 'active'),
(641, NULL, NULL, 'Yogesh Karunakar', '', 0, '', '', '', '', '', '', 'active');
INSERT INTO `users` (`id`, `username`, `password`, `name`, `email`, `home_institute`, `phone`, `street`, `city`, `pincode`, `state`, `country`, `status`) VALUES
(642, NULL, NULL, 'Gnana Jayanthi Joseph', '', 0, '', '', '', '', '', '', 'active'),
(643, NULL, NULL, 'David Solomon Raju Y', '', 0, '', '', '', '', '', '', 'active'),
(644, NULL, NULL, 'Assit Mr.R.D. Patane', '', 0, '', '', '', '', '', '', 'active'),
(645, NULL, NULL, 'Vinod Kumar Joshi', '', 0, '', '', '', '', '', '', 'active'),
(646, NULL, NULL, 'Shailendra Singh', '', 0, '', '', '', '', '', '', 'active'),
(647, NULL, NULL, 'Anoop Singh', '', 0, '', '', '', '', '', '', 'active'),
(648, NULL, NULL, 'Sarfraz Khan', '', 0, '', '', '', '', '', '', 'active'),
(649, NULL, NULL, 'Dr. V. M. Thakare', '', 0, '', '', '', '', '', '', 'active'),
(650, NULL, NULL, 'Dushyant Agarwal', '', 0, '', '', '', '', '', '', 'active'),
(651, NULL, NULL, 'Gaurav Budjade', '', 0, '', '', '', '', '', '', 'active'),
(652, NULL, NULL, 'Ravi Patel', '', 0, '', '', '', '', '', '', 'active'),
(653, NULL, NULL, 'Mrs.Shoba Krishnan', '', 0, '', '', '', '', '', '', 'active'),
(654, NULL, NULL, 'Shreyans Mulkutkar', '', 0, '', '', '', '', '', '', 'active'),
(655, NULL, NULL, 'Sunil G', '', 0, '', '', '', '', '', '', 'active'),
(656, NULL, NULL, 'Nilima Bodhaye', '', 0, '', '', '', '', '', '', 'active'),
(657, NULL, NULL, 'Shashank Jain', '', 0, '', '', '', '', '', '', 'active'),
(658, NULL, NULL, 'Hridyesh Basall', '', 0, '', '', '', '', '', '', 'active'),
(659, NULL, NULL, 'G.V. Uma', '', 0, '', '', '', '', '', '', 'active'),
(660, NULL, NULL, 'Narina Thakur', '', 0, '', '', '', '', '', '', 'active'),
(661, NULL, NULL, 'Pramila Chawan', '', 0, '', '', '', '', '', '', 'active'),
(662, NULL, NULL, 'Vimal Kumar', '', 0, '', '', '', '', '', '', 'active'),
(663, NULL, NULL, 'Sudhir Bagul', '', 0, '', '', '', '', '', '', 'active'),
(664, NULL, NULL, 'Saravanan A', '', 0, '', '', '', '', '', '', 'active'),
(665, NULL, NULL, 'Dr S.S.Mantha', '', 0, '', '', '', '', '', '', 'active'),
(666, NULL, NULL, 'Shruti Shetty', '', 0, '', '', '', '', '', '', 'active'),
(667, NULL, NULL, 'Balasundaram Saddu', '', 0, '', '', '', '', '', '', 'active'),
(668, NULL, NULL, 'Bhavesh Jain', '', 0, '', '', '', '', '', '', 'active'),
(669, NULL, NULL, 'Dr.Murugesan Karuppiah', '', 0, '', '', '', '', '', '', 'active'),
(670, NULL, NULL, 'Akhil Khare', '', 0, '', '', '', '', '', '', 'active'),
(671, NULL, NULL, 'Dr. Ravindra Thool', '', 0, '', '', '', '', '', '', 'active'),
(672, NULL, NULL, 'Shailly Jain', '', 0, '', '', '', '', '', '', 'active'),
(673, NULL, NULL, 'Poorva Waingankar', '', 0, '', '', '', '', '', '', 'active'),
(674, NULL, NULL, 'Chayanika Agarwal', '', 0, '', '', '', '', '', '', 'active'),
(675, NULL, NULL, 'Dilkush Patel', '', 0, '', '', '', '', '', '', 'active'),
(676, NULL, NULL, 'Rashmi Vipat', '', 0, '', '', '', '', '', '', 'active'),
(677, NULL, NULL, 'Anurag Agarawal', '', 0, '', '', '', '', '', '', 'active'),
(678, NULL, NULL, 'Pravin Dere', '', 0, '', '', '', '', '', '', 'active'),
(679, NULL, NULL, 'Abhijeet Nirgude', '', 0, '', '', '', '', '', '', 'active'),
(680, NULL, NULL, 'Mohd.-Sadique Ali', '', 0, '', '', '', '', '', '', 'active'),
(681, NULL, NULL, 'Durga Prasad Mohapatra', '', 0, '', '', '', '', '', '', 'active'),
(682, NULL, NULL, 'Rajesh Kumar', '', 0, '', '', '', '', '', '', 'active'),
(683, NULL, NULL, 'Shirish Verma', '', 0, '', '', '', '', '', '', 'active'),
(684, NULL, NULL, 'Trimbak Sontakke', '', 0, '', '', '', '', '', '', 'active'),
(685, NULL, NULL, 'Rishikant Dubey', '', 0, '', '', '', '', '', '', 'active'),
(686, NULL, NULL, 'Chetan Phalak', '', 0, '', '', '', '', '', '', 'active'),
(687, NULL, NULL, 'Dr. S.C. Sharma', '', 0, '', '', '', '', '', '', 'active'),
(688, NULL, NULL, 'Balasundaram Sadhu Ramakrishanan', '', 0, '', '', '', '', '', '', 'active'),
(689, NULL, NULL, 'Rishabh Goyal', '', 0, '', '', '', '', '', '', 'active'),
(690, NULL, NULL, 'Tanupriya Singh', '', 0, '', '', '', '', '', '', 'active'),
(691, NULL, NULL, 'Aravindan Chandrabose', '', 0, '', '', '', '', '', '', 'active'),
(692, NULL, NULL, 'Dr. S.China Venkateswarlu Sonagiri', '', 0, '', '', '', '', '', '', 'active'),
(693, NULL, NULL, 'Farooq Md.', '', 0, '', '', '', '', '', '', 'active'),
(694, NULL, NULL, 'K.T.V. Reddy', '', 0, '', '', '', '', '', '', 'active'),
(695, NULL, NULL, 'Arpita Gopal', '', 0, '', '', '', '', '', '', 'active'),
(696, NULL, NULL, 'Avijit Kar', '', 0, '', '', '', '', '', '', 'active'),
(697, NULL, NULL, 'Manoj Nambiar', '', 0, '', '', '', '', '', '', 'active'),
(698, NULL, NULL, 'Rajesh Wadhwa', '', 0, '', '', '', '', '', '', 'active'),
(699, NULL, NULL, 'Kalpana Thakre', '', 0, '', '', '', '', '', '', 'active'),
(700, NULL, NULL, 'Priyesh Kanungo', '', 0, '', '', '', '', '', '', 'active'),
(701, NULL, NULL, 'Harsh Shah', '', 0, '', '', '', '', '', '', 'active'),
(702, NULL, NULL, 'Dr. Umakant Kulkarni', '', 0, '', '', '', '', '', '', 'active'),
(703, NULL, NULL, 'Ravindra Patil', '', 0, '', '', '', '', '', '', 'active'),
(704, NULL, NULL, 'Sanjeev Sharma', '', 0, '', '', '', '', '', '', 'active'),
(705, NULL, NULL, 'Anita Fernandes', '', 0, '', '', '', '', '', '', 'active'),
(706, NULL, NULL, 'Dr.Rohin Daruwala', '', 0, '', '', '', '', '', '', 'active'),
(707, NULL, NULL, 'Y.David Solomon Raju', '', 0, '', '', '', '', '', '', 'active'),
(708, NULL, NULL, 'Sudeep D. Thepade', '', 0, '', '', '', '', '', '', 'active'),
(709, NULL, NULL, 'Prof. D.R Mehta', '', 0, '', '', '', '', '', '', 'active'),
(710, NULL, NULL, 'Aishwarya Bhandari', '', 0, '', '', '', '', '', '', 'active'),
(711, NULL, NULL, 'Soham Mody', '', 0, '', '', '', '', '', '', 'active'),
(712, NULL, NULL, 'Manoj Sankhe', '', 0, '', '', '', '', '', '', 'active'),
(713, NULL, NULL, 'Swarna Moorthy', '', 0, '', '', '', '', '', '', 'active'),
(714, NULL, NULL, 'Shiv Raj Soni', '', 0, '', '', '', '', '', '', 'active'),
(715, NULL, NULL, 'Archana Athawale', '', 0, '', '', '', '', '', '', 'active'),
(716, NULL, NULL, 'Soumya S', '', 0, '', '', '', '', '', '', 'active'),
(717, NULL, NULL, 'Devidas Kalwale', '', 0, '', '', '', '', '', '', 'active'),
(718, NULL, NULL, 'Balakrishna .Sreeramulu Rongali', '', 0, '', '', '', '', '', '', 'active'),
(719, NULL, NULL, 'Bharatram N', '', 0, '', '', '', '', '', '', 'active'),
(720, NULL, NULL, 'Suprava Patnaik', '', 0, '', '', '', '', '', '', 'active'),
(721, NULL, NULL, 'Dr.Raj Kumar', '', 0, '', '', '', '', '', '', 'active'),
(722, NULL, NULL, 'Tanuja Sarode', '', 0, '', '', '', '', '', '', 'active'),
(723, NULL, NULL, 'Anitha T N', '', 0, '', '', '', '', '', '', 'active'),
(724, NULL, NULL, 'H.B. Kekre Kekre', '', 0, '', '', '', '', '', '', 'active'),
(725, NULL, NULL, 'Akhilendra Pratap Singh', '', 0, '', '', '', '', '', '', 'active'),
(726, NULL, NULL, 'Alefiya Nalawala', '', 0, '', '', '', '', '', '', 'active'),
(727, NULL, NULL, 'Dr.Sudhir Sawarkar', '', 0, '', '', '', '', '', '', 'active'),
(728, NULL, NULL, 'S Natarajan', '', 0, '', '', '', '', '', '', 'active'),
(729, NULL, NULL, 'Ripal Patel', '', 0, '', '', '', '', '', '', 'active'),
(730, NULL, NULL, 'Prof. Upena Dalal', '', 0, '', '', '', '', '', '', 'active'),
(731, NULL, NULL, 'Vineeth Mohan', '', 0, '', '', '', '', '', '', 'active'),
(732, NULL, NULL, 'Rakesh Nashine', '', 0, '', '', '', '', '', '', 'active'),
(733, NULL, NULL, 'Dr. Tanuja Sarode', '', 0, '', '', '', '', '', '', 'active'),
(734, NULL, NULL, 'Parisa Begam M', '', 0, '', '', '', '', '', '', 'active'),
(735, NULL, NULL, 'Kashmira Deshpande', '', 0, '', '', '', '', '', '', 'active'),
(736, NULL, NULL, 'Sivagami P', '', 0, '', '', '', '', '', '', 'active'),
(737, NULL, NULL, 'Prof Dr. R. S. Kawitkar', '', 0, '', '', '', '', '', '', 'active'),
(738, NULL, NULL, 'Nirnjan Devashrayee', '', 0, '', '', '', '', '', '', 'active'),
(739, NULL, NULL, 'Shrikant Purohit', '', 0, '', '', '', '', '', '', 'active'),
(740, NULL, NULL, 'Antony Joe Christo P', '', 0, '', '', '', '', '', '', 'active'),
(741, NULL, NULL, 'Hari Hablani', '', 0, '', '', '', '', '', '', 'active'),
(742, NULL, NULL, 'Abhijit K G', '', 0, '', '', '', '', '', '', 'active'),
(743, NULL, NULL, 'Vijaya Shandilya', '', 0, '', '', '', '', '', '', 'active'),
(744, NULL, NULL, 'Abhinav Prakash', '', 0, '', '', '', '', '', '', 'active'),
(745, NULL, NULL, 'Gavendra Singh', '', 0, '', '', '', '', '', '', 'active'),
(746, NULL, NULL, 'Dr.Dilbag Singh', '', 0, '', '', '', '', '', '', 'active'),
(747, NULL, NULL, 'Madhumita Chateerjee', '', 0, '', '', '', '', '', '', 'active'),
(748, NULL, NULL, 'Kanchana Rajaram', '', 0, '', '', '', '', '', '', 'active'),
(749, NULL, NULL, 'Venmathi Mahendran', '', 0, '', '', '', '', '', '', 'active'),
(750, NULL, NULL, 'Ms. Sukruti Kaulgud', '', 0, '', '', '', '', '', '', 'active'),
(751, NULL, NULL, 'B Karpagam', '', 0, '', '', '', '', '', '', 'active'),
(752, NULL, NULL, 'Nilesh Chaudhari', '', 0, '', '', '', '', '', '', 'active'),
(753, NULL, NULL, 'Prasanna Palsodkar', '', 0, '', '', '', '', '', '', 'active'),
(754, NULL, NULL, 'Nikunj Patel', '', 0, '', '', '', '', '', '', 'active'),
(755, NULL, NULL, 'S N Talbar', '', 0, '', '', '', '', '', '', 'active'),
(756, NULL, NULL, 'Vb Gaikwad', '', 0, '', '', '', '', '', '', 'active'),
(757, NULL, NULL, 'Tryambak Sontakke', '', 0, '', '', '', '', '', '', 'active'),
(758, NULL, NULL, 'Nilashree Wankhede', '', 0, '', '', '', '', '', '', 'active'),
(759, NULL, NULL, 'Rahul Patil', '', 0, '', '', '', '', '', '', 'active'),
(760, NULL, NULL, 'Ashok Kumar Gupta', '', 0, '', '', '', '', '', '', 'active'),
(761, NULL, NULL, 'Sanjay Wagh', '', 0, '', '', '', '', '', '', 'active'),
(762, NULL, NULL, 'Chandra Sekhar P.N.R.L.', '', 0, '', '', '', '', '', '', 'active'),
(763, NULL, NULL, 'Ms. Suvarna Ketkar', '', 0, '', '', '', '', '', '', 'active'),
(764, NULL, NULL, 'Pramod Mishra', '', 0, '', '', '', '', '', '', 'active'),
(765, NULL, NULL, 'Arpita Nair', '', 0, '', '', '', '', '', '', 'active'),
(766, NULL, NULL, 'Satish R. Deavne', '', 0, '', '', '', '', '', '', 'active'),
(767, NULL, NULL, 'Nirmala Bisht', '', 0, '', '', '', '', '', '', 'active'),
(768, NULL, NULL, 'A Jaya Laxmi', '', 0, '', '', '', '', '', '', 'active'),
(769, NULL, NULL, 'Amit Sawant', '', 0, '', '', '', '', '', '', 'active'),
(770, NULL, NULL, 'Mahesh Kumbhar', '', 0, '', '', '', '', '', '', 'active'),
(771, NULL, NULL, 'Kiran Deshpande!', '', 0, '', '', '', '', '', '', 'active'),
(772, NULL, NULL, 'Sagolsem Kripachariya Singh', '', 0, '', '', '', '', '', '', 'active'),
(773, NULL, NULL, 'Prsannati Kulkarni', '', 0, '', '', '', '', '', '', 'active'),
(774, NULL, NULL, 'Wankhede', '', 0, '', '', '', '', '', '', 'active'),
(775, NULL, NULL, 'Mrs.Jyoti Chaudhari', '', 0, '', '', '', '', '', '', 'active'),
(776, NULL, NULL, 'Ajai Jain', '', 0, '', '', '', '', '', '', 'active'),
(777, NULL, NULL, 'Pamu Kumar Swamy', '', 0, '', '', '', '', '', '', 'active'),
(778, NULL, NULL, 'Pamukumar Swamy', '', 0, '', '', '', '', '', '', 'active'),
(779, NULL, NULL, 'Nidhi Chandel', '', 0, '', '', '', '', '', '', 'active'),
(780, NULL, NULL, 'Dhruv Arora', '', 0, '', '', '', '', '', '', 'active'),
(781, NULL, NULL, 'Avinash Gawande', '', 0, '', '', '', '', '', '', 'active'),
(782, NULL, NULL, 'Sangeetha', '', 0, '', '', '', '', '', '', 'active'),
(783, NULL, NULL, 'Mohd Husain', '', 0, '', '', '', '', '', '', 'active'),
(784, NULL, NULL, 'Raghunath Holambe', '', 0, '', '', '', '', '', '', 'active'),
(785, NULL, NULL, 'Bharat Jadhav', '', 0, '', '', '', '', '', '', 'active'),
(786, NULL, NULL, 'Prateek Deshmukh', '', 0, '', '', '', '', '', '', 'active'),
(787, NULL, NULL, 'Aswan Kumar', '', 0, '', '', '', '', '', '', 'active'),
(788, NULL, NULL, 'Jayashree Shinde', '', 0, '', '', '', '', '', '', 'active'),
(789, NULL, NULL, 'Dr K.T.V. Reddy', '', 0, '', '', '', '', '', '', 'active'),
(790, NULL, NULL, 'Shivraj Vadageri', '', 0, '', '', '', '', '', '', 'active'),
(791, NULL, NULL, 'Kiran Bhole', '', 0, '', '', '', '', '', '', 'active'),
(792, NULL, NULL, 'Birmohan Singh', '', 0, '', '', '', '', '', '', 'active'),
(793, NULL, NULL, 'Archana Rajurkar', '', 0, '', '', '', '', '', '', 'active'),
(794, NULL, NULL, 'Sreenadh Reddy', '', 0, '', '', '', '', '', '', 'active'),
(795, NULL, NULL, 'Venkata Ramana Teppala', '', 0, '', '', '', '', '', '', 'active'),
(796, NULL, NULL, 'Jayasree Pappula', '', 0, '', '', '', '', '', '', 'active'),
(797, NULL, NULL, 'M Panse', '', 0, '', '', '', '', '', '', 'active'),
(798, NULL, NULL, 'S. S. Sarangdevot', '', 0, '', '', '', '', '', '', 'active'),
(799, NULL, NULL, 'Dipesh Malvia', '', 0, '', '', '', '', '', '', 'active'),
(800, NULL, NULL, 'Dr Srikantha Rao', '', 0, '', '', '', '', '', '', 'active'),
(801, NULL, NULL, 'Sanjay Haridas', '', 0, '', '', '', '', '', '', 'active'),
(802, NULL, NULL, 'Rajendra Kanphade', '', 0, '', '', '', '', '', '', 'active'),
(803, NULL, NULL, 'Vipul Dalal', '', 0, '', '', '', '', '', '', 'active'),
(804, NULL, NULL, 'Anoop N G', '', 0, '', '', '', '', '', '', 'active'),
(805, NULL, NULL, 'Iype Joseph', '', 0, '', '', '', '', '', '', 'active'),
(806, NULL, NULL, 'Ramesh Nair', '', 0, '', '', '', '', '', '', 'active'),
(807, NULL, NULL, 'Vineeth Radhakrishnan', '', 0, '', '', '', '', '', '', 'active'),
(808, NULL, NULL, 'Megha Desai', '', 0, '', '', '', '', '', '', 'active'),
(809, NULL, NULL, 'Dr. Vishal Verma', '', 0, '', '', '', '', '', '', 'active'),
(810, NULL, NULL, 'Amit Patil', '', 0, '', '', '', '', '', '', 'active'),
(811, NULL, NULL, 'Shivraj Vadgeri', '', 0, '', '', '', '', '', '', 'active'),
(812, NULL, NULL, 'Gayatri Srivathsan', '', 0, '', '', '', '', '', '', 'active'),
(813, NULL, NULL, 'Akshay Naregalkar', '', 0, '', '', '', '', '', '', 'active'),
(814, NULL, NULL, 'Girish Deshpande', '', 0, '', '', '', '', '', '', 'active'),
(815, NULL, NULL, 'Ajitsingh Rawat', '', 0, '', '', '', '', '', '', 'active'),
(816, NULL, NULL, 'Jalpa Mehta', '', 0, '', '', '', '', '', '', 'active'),
(817, NULL, NULL, 'Rajankumar Bichkar', '', 0, '', '', '', '', '', '', 'active'),
(818, NULL, NULL, 'Rajeevan Chandel', '', 0, '', '', '', '', '', '', 'active'),
(819, NULL, NULL, 'Nareshkumar Harale', '', 0, '', '', '', '', '', '', 'active'),
(820, NULL, NULL, 'G.T. Thampi', '', 0, '', '', '', '', '', '', 'active'),
(821, NULL, NULL, 'Mandar Sohani', '', 0, '', '', '', '', '', '', 'active'),
(822, NULL, NULL, 'Jaydeep Patwardhan', '', 0, '', '', '', '', '', '', 'active'),
(823, NULL, NULL, 'Leena Ragha', '', 0, '', '', '', '', '', '', 'active'),
(824, NULL, NULL, 'Amit Kumar Chandola', '', 0, '', '', '', '', '', '', 'active'),
(825, NULL, NULL, 'Pooja Sharma', '', 0, '', '', '', '', '', '', 'active'),
(826, NULL, NULL, 'Naveeta Kant', '', 0, '', '', '', '', '', '', 'active'),
(827, NULL, NULL, 'K T V Reddy', '', 0, '', '', '', '', '', '', 'active'),
(828, NULL, NULL, 'Hemambaradhara Rao Paidi', '', 0, '', '', '', '', '', '', 'active'),
(829, NULL, NULL, 'Manisha Prakash', '', 0, '', '', '', '', '', '', 'active'),
(830, NULL, NULL, 'Vijay Katkar', '', 0, '', '', '', '', '', '', 'active'),
(831, NULL, NULL, 'Kiran Bendigeri', '', 0, '', '', '', '', '', '', 'active'),
(832, NULL, NULL, 'Adri Jovin', '', 0, '', '', '', '', '', '', 'active'),
(833, NULL, NULL, 'Arjun Jaiswal', '', 0, '', '', '', '', '', '', 'active'),
(834, NULL, NULL, 'Sangita Patil', '', 0, '', '', '', '', '', '', 'active'),
(835, NULL, NULL, 'D S Guru', '', 0, '', '', '', '', '', '', 'active'),
(836, NULL, NULL, 'Venkatesh Moorthy', '', 0, '', '', '', '', '', '', 'active'),
(837, NULL, NULL, 'Ashok Dighe', '', 0, '', '', '', '', '', '', 'active'),
(838, NULL, NULL, 'Minal Keote', '', 0, '', '', '', '', '', '', 'active'),
(839, NULL, NULL, 'Dr.Dharmesh Shah', '', 0, '', '', '', '', '', '', 'active'),
(840, NULL, NULL, 'Dr.Gnanamurthy R.K.', '', 0, '', '', '', '', '', '', 'active'),
(841, NULL, NULL, 'Arun Kulkarni', '', 0, '', '', '', '', '', '', 'active'),
(842, NULL, NULL, 'Retna Gk', '', 0, '', '', '', '', '', '', 'active'),
(843, NULL, NULL, 'Ms Archana Athawale', '', 0, '', '', '', '', '', '', 'active'),
(844, NULL, NULL, 'Kunal Meher', '', 0, '', '', '', '', '', '', 'active'),
(845, NULL, NULL, 'Pratap Vikhe', '', 0, '', '', '', '', '', '', 'active'),
(846, NULL, NULL, 'N.R.Indira', '', 0, '', '', '', '', '', '', 'active'),
(847, NULL, NULL, 'Nagesh Mapari', '', 0, '', '', '', '', '', '', 'active'),
(848, NULL, NULL, 'Srikantha Rao', '', 0, '', '', '', '', '', '', 'active'),
(849, NULL, NULL, 'Neelkant Killarikar', '', 0, '', '', '', '', '', '', 'active'),
(850, NULL, NULL, 'Sujay Shetty', '', 0, '', '', '', '', '', '', 'active'),
(851, NULL, NULL, 'Priyanka Panchal', '', 0, '', '', '', '', '', '', 'active'),
(852, NULL, NULL, 'Rupesh Rawat', '', 0, '', '', '', '', '', '', 'active'),
(853, NULL, NULL, 'Aniruddha Deshpande', '', 0, '', '', '', '', '', '', 'active'),
(854, NULL, NULL, 'Santosh Narayankhedkar', '', 0, '', '', '', '', '', '', 'active'),
(855, NULL, NULL, 'Sayyed Ghazali', '', 0, '', '', '', '', '', '', 'active'),
(856, NULL, NULL, 'Sanjivani Patil', '', 0, '', '', '', '', '', '', 'active'),
(857, NULL, NULL, 'Dr.Tanuja Sarode', '', 0, '', '', '', '', '', '', 'active'),
(858, NULL, NULL, 'Vivek Kapur', '', 0, '', '', '', '', '', '', 'active'),
(859, NULL, NULL, 'Dr.Jayachandra Prasad Talari', '', 0, '', '', '', '', '', '', 'active'),
(860, NULL, NULL, 'Asha Durafe', '', 0, '', '', '', '', '', '', 'active'),
(861, NULL, NULL, 'Vaishali Sahu', '', 0, '', '', '', '', '', '', 'active'),
(862, NULL, NULL, 'Venkatesh Kulkarni', '', 0, '', '', '', '', '', '', 'active'),
(863, NULL, NULL, 'Shobha Krishnan', '', 0, '', '', '', '', '', '', 'active'),
(864, NULL, NULL, 'Dr.Jayachandra Prasad Talati', '', 0, '', '', '', '', '', '', 'active'),
(865, NULL, NULL, 'R. N. Awale', '', 0, '', '', '', '', '', '', 'active'),
(866, NULL, NULL, 'Sharda Devi Mandalapu', '', 0, '', '', '', '', '', '', 'active'),
(867, NULL, NULL, 'Bharat Behl', '', 0, '', '', '', '', '', '', 'active'),
(868, NULL, NULL, 'Megha Arakeri', '', 0, '', '', '', '', '', '', 'active'),
(869, NULL, NULL, 'Shailesh Singh Chouhan', '', 0, '', '', '', '', '', '', 'active'),
(870, NULL, NULL, 'Vaishali Kulkarni', '', 0, '', '', '', '', '', '', 'active'),
(871, NULL, NULL, 'Vaishali Tidake', '', 0, '', '', '', '', '', '', 'active'),
(872, NULL, NULL, 'Seema Kolkur', '', 0, '', '', '', '', '', '', 'active'),
(873, NULL, NULL, 'Kunal Jain', '', 0, '', '', '', '', '', '', 'active'),
(874, NULL, NULL, 'Amit Jadhav', '', 0, '', '', '', '', '', '', 'active'),
(875, NULL, NULL, 'Ashok Kumar', '', 0, '', '', '', '', '', '', 'active'),
(876, NULL, NULL, 'Sushil Thale', '', 0, '', '', '', '', '', '', 'active'),
(877, NULL, NULL, 'Dr. Meera Shanker', '', 0, '', '', '', '', '', '', 'active'),
(878, NULL, NULL, 'Sandip Mane', '', 0, '', '', '', '', '', '', 'active'),
(879, NULL, NULL, 'Sushma Khanvilkar', '', 0, '', '', '', '', '', '', 'active'),
(880, NULL, NULL, 'Mukesh Singh', '', 0, '', '', '', '', '', '', 'active'),
(881, NULL, NULL, 'Poornima Talwai', '', 0, '', '', '', '', '', '', 'active'),
(882, NULL, NULL, 'Dr. Ravindra S. Hegadi', '', 0, '', '', '', '', '', '', 'active'),
(883, NULL, NULL, 'V.M. Deshmukh', '', 0, '', '', '', '', '', '', 'active'),
(884, NULL, NULL, 'Bhaskar Harle', '', 0, '', '', '', '', '', '', 'active'),
(885, NULL, NULL, 'Narayan K', '', 0, '', '', '', '', '', '', 'active'),
(886, NULL, NULL, 'Loveena Stephen', '', 0, '', '', '', '', '', '', 'active'),
(887, NULL, NULL, 'Jigar Patel', '', 0, '', '', '', '', '', '', 'active'),
(888, NULL, NULL, 'Kinn Savla', '', 0, '', '', '', '', '', '', 'active'),
(889, NULL, NULL, 'Suneeta Agarwal', '', 0, '', '', '', '', '', '', 'active'),
(890, NULL, NULL, 'Shivendu Mishra', '', 0, '', '', '', '', '', '', 'active'),
(891, NULL, NULL, 'Dr. A Vinaya Babu', '', 0, '', '', '', '', '', '', 'active'),
(892, NULL, NULL, 'Arpita Sharma', '', 0, '', '', '', '', '', '', 'active'),
(893, NULL, NULL, 'Sachin Jaiswal', '', 0, '', '', '', '', '', '', 'active'),
(894, NULL, NULL, 'Annapoorani G.', '', 0, '', '', '', '', '', '', 'active'),
(895, NULL, NULL, 'Pallavi Bangare', '', 0, '', '', '', '', '', '', 'active'),
(896, NULL, NULL, 'Sandeep Chaware', '', 0, '', '', '', '', '', '', 'active'),
(897, NULL, NULL, 'Dileep Kumar', '', 0, '', '', '', '', '', '', 'active'),
(898, NULL, NULL, 'Abhishek Raut', '', 0, '', '', '', '', '', '', 'active'),
(899, NULL, NULL, 'Manoj Gupta', '', 0, '', '', '', '', '', '', 'active'),
(900, NULL, NULL, 'Deepti Patole', '', 0, '', '', '', '', '', '', 'active'),
(901, NULL, NULL, 'Someswara Siripuram', '', 0, '', '', '', '', '', '', 'active'),
(902, NULL, NULL, 'Aman Jain', '', 0, '', '', '', '', '', '', 'active'),
(903, NULL, NULL, 'Kannan Kirthivasan', '', 0, '', '', '', '', '', '', 'active'),
(904, NULL, NULL, 'Renu Babu M', '', 0, '', '', '', '', '', '', 'active'),
(905, NULL, NULL, 'Somasekhar G', '', 0, '', '', '', '', '', '', 'active'),
(906, NULL, NULL, 'Omprakash Vishwakarma', '', 0, '', '', '', '', '', '', 'active'),
(907, NULL, NULL, 'Manohar Chandwani', '', 0, '', '', '', '', '', '', 'active'),
(908, NULL, NULL, 'Aashirvad Khatanhar', '', 0, '', '', '', '', '', '', 'active'),
(909, NULL, NULL, 'Priyanka Garud', '', 0, '', '', '', '', '', '', 'active'),
(910, NULL, NULL, 'Swapneel Bhandarkar', '', 0, '', '', '', '', '', '', 'active'),
(911, NULL, NULL, 'Juhi Jain', '', 0, '', '', '', '', '', '', 'active'),
(912, NULL, NULL, 'Suraj Kumar Parganiha', '', 0, '', '', '', '', '', '', 'active'),
(913, NULL, NULL, 'Kunal Desai', '', 0, '', '', '', '', '', '', 'active'),
(914, NULL, NULL, 'Dhrumil Joshi', '', 0, '', '', '', '', '', '', 'active'),
(915, NULL, NULL, 'Prashant Sonare', '', 0, '', '', '', '', '', '', 'active'),
(916, NULL, NULL, 'Onkar Kadam', '', 0, '', '', '', '', '', '', 'active'),
(917, NULL, NULL, 'Sheetal Maheshwari', '', 0, '', '', '', '', '', '', 'active'),
(918, NULL, NULL, 'Dr.Vinita Dhulia', '', 0, '', '', '', '', '', '', 'active'),
(919, NULL, NULL, 'Samapika Das', '', 0, '', '', '', '', '', '', 'active'),
(920, NULL, NULL, 'Saylee Gharge', '', 0, '', '', '', '', '', '', 'active'),
(921, NULL, NULL, 'Anoop Kumar Patel', '', 0, '', '', '', '', '', '', 'active'),
(922, NULL, NULL, 'K. N Balasubramanya Murthy', '', 0, '', '', '', '', '', '', 'active'),
(923, NULL, NULL, 'Palak Patel', '', 0, '', '', '', '', '', '', 'active'),
(924, NULL, NULL, 'Jagruti Prajapati', '', 0, '', '', '', '', '', '', 'active'),
(925, NULL, NULL, 'Ajay Mohanan', '', 0, '', '', '', '', '', '', 'active'),
(926, NULL, NULL, 'Prachi Natu', '', 0, '', '', '', '', '', '', 'active'),
(927, NULL, NULL, 'Mahalakshmi N.', '', 0, '', '', '', '', '', '', 'active'),
(928, NULL, NULL, 'Vijaya Ms', '', 0, '', '', '', '', '', '', 'active'),
(929, NULL, NULL, 'Praveen Rajadurai D', '', 0, '', '', '', '', '', '', 'active'),
(930, NULL, NULL, 'Mohammed Saifulla', '', 0, '', '', '', '', '', '', 'active'),
(931, NULL, NULL, 'T N Anitha', '', 0, '', '', '', '', '', '', 'active'),
(932, NULL, NULL, 'Amar Vidhate', '', 0, '', '', '', '', '', '', 'active'),
(933, NULL, NULL, 'Chitra Babu', '', 0, '', '', '', '', '', '', 'active'),
(934, NULL, NULL, 'Aditya Joshi', '', 0, '', '', '', '', '', '', 'active'),
(935, NULL, NULL, 'Pravin Dakhole', '', 0, '', '', '', '', '', '', 'active'),
(936, NULL, NULL, 'Raju Bl Dr', '', 0, '', '', '', '', '', '', 'active'),
(937, NULL, NULL, 'Pala Ramesh', '', 0, '', '', '', '', '', '', 'active'),
(938, NULL, NULL, 'Dipal Modi', '', 0, '', '', '', '', '', '', 'active'),
(939, NULL, NULL, 'Abhay Patil', '', 0, '', '', '', '', '', '', 'active'),
(940, NULL, NULL, 'Nandini Aggarwal', '', 0, '', '', '', '', '', '', 'active'),
(941, NULL, NULL, 'K.M.S.N .Krishna', '', 0, '', '', '', '', '', '', 'active'),
(942, NULL, NULL, 'Rakshith Shettigar', '', 0, '', '', '', '', '', '', 'active'),
(943, NULL, NULL, 'Sachin Warrier', '', 0, '', '', '', '', '', '', 'active'),
(944, NULL, NULL, 'D.S Chauhan', '', 0, '', '', '', '', '', '', 'active'),
(945, NULL, NULL, 'Rekha Vig', '', 0, '', '', '', '', '', '', 'active'),
(946, NULL, NULL, 'Dr Sudhir Sawarkar', '', 0, '', '', '', '', '', '', 'active'),
(947, NULL, NULL, 'Papu Antony Eugene Xavier', '', 0, '', '', '', '', '', '', 'active'),
(948, NULL, NULL, 'Vishal Srivasrava', '', 0, '', '', '', '', '', '', 'active'),
(949, NULL, NULL, 'Santosh Mehta', '', 0, '', '', '', '', '', '', 'active'),
(950, NULL, NULL, 'M.A Mehaboob Jani', '', 0, '', '', '', '', '', '', 'active'),
(951, NULL, NULL, 'Brajkumar Mishra', '', 0, '', '', '', '', '', '', 'active'),
(952, NULL, NULL, 'Abhijeet Vanakudre', '', 0, '', '', '', '', '', '', 'active'),
(953, NULL, NULL, 'Prashant Deshmukh', '', 0, '', '', '', '', '', '', 'active'),
(954, NULL, NULL, 'Seema Rani', '', 0, '', '', '', '', '', '', 'active'),
(955, NULL, NULL, 'Ajat Shatru Arora', '', 0, '', '', '', '', '', '', 'active'),
(956, NULL, NULL, 'Vishnu Vidyan', '', 0, '', '', '', '', '', '', 'active'),
(957, NULL, NULL, 'Gautham Popouri', '', 0, '', '', '', '', '', '', 'active'),
(958, NULL, NULL, 'Sai Manoj Prakhya', '', 0, '', '', '', '', '', '', 'active'),
(959, NULL, NULL, 'Akhil K S', '', 0, '', '', '', '', '', '', 'active'),
(960, NULL, NULL, 'Sonali Nalamwar', '', 0, '', '', '', '', '', '', 'active'),
(961, NULL, NULL, 'Prashant Hadapad', '', 0, '', '', '', '', '', '', 'active'),
(962, NULL, NULL, 'Vithal. Nagathan', '', 0, '', '', '', '', '', '', 'active'),
(963, NULL, NULL, 'Poorvi Garg', '', 0, '', '', '', '', '', '', 'active'),
(964, NULL, NULL, 'Ajit Kumar', '', 0, '', '', '', '', '', '', 'active'),
(965, NULL, NULL, 'Rohit Dhiman', '', 0, '', '', '', '', '', '', 'active'),
(966, NULL, NULL, 'Sushanta Samanta', '', 0, '', '', '', '', '', '', 'active'),
(967, NULL, NULL, 'Nilesh Deotale', '', 0, '', '', '', '', '', '', 'active'),
(968, NULL, NULL, 'Kunal Sankhe', '', 0, '', '', '', '', '', '', 'active'),
(969, NULL, NULL, 'Reshma Gopinathan', '', 0, '', '', '', '', '', '', 'active'),
(970, NULL, NULL, 'Vijaya Saradhi Dommeti', '', 0, '', '', '', '', '', '', 'active'),
(971, NULL, NULL, 'Mamta Ubnare', '', 0, '', '', '', '', '', '', 'active'),
(972, NULL, NULL, 'Purusothaman T', '', 0, '', '', '', '', '', '', 'active'),
(973, NULL, NULL, 'Sarita Amadekar', '', 0, '', '', '', '', '', '', 'active'),
(974, NULL, NULL, 'Kaushal Panchal', '', 0, '', '', '', '', '', '', 'active'),
(975, NULL, NULL, 'Pravin Zode', '', 0, '', '', '', '', '', '', 'active'),
(976, NULL, NULL, 'Ankita Tijare', '', 0, '', '', '', '', '', '', 'active'),
(977, NULL, NULL, 'Stephen Thangaraj', '', 0, '', '', '', '', '', '', 'active'),
(978, NULL, NULL, 'Mrunali Desai', '', 0, '', '', '', '', '', '', 'active'),
(979, NULL, NULL, 'Dr. N.S. Nehe', '', 0, '', '', '', '', '', '', 'active'),
(980, NULL, NULL, 'P.Vasikaran', '', 0, '', '', '', '', '', '', 'active'),
(981, NULL, NULL, 'Sujay Paralikar', '', 0, '', '', '', '', '', '', 'active'),
(982, NULL, NULL, 'Ashvini Gajrushi', '', 0, '', '', '', '', '', '', 'active'),
(983, NULL, NULL, 'Mandar Paingankar', '', 0, '', '', '', '', '', '', 'active'),
(984, NULL, NULL, 'Swapnil Bendale', '', 0, '', '', '', '', '', '', 'active'),
(985, NULL, NULL, 'Sanjay Dudal', '', 0, '', '', '', '', '', '', 'active'),
(986, NULL, NULL, 'Rajeshkumar Chavan', '', 0, '', '', '', '', '', '', 'active'),
(987, NULL, NULL, 'Sneha Nirgudkar', '', 0, '', '', '', '', '', '', 'active'),
(988, NULL, NULL, 'Kavita Raut', '', 0, '', '', '', '', '', '', 'active'),
(989, NULL, NULL, 'Dr. Giriprasad M. N', '', 0, '', '', '', '', '', '', 'active'),
(990, NULL, NULL, 'Shailesh Kotian', '', 0, '', '', '', '', '', '', 'active'),
(991, NULL, NULL, 'Megna Kedia', '', 0, '', '', '', '', '', '', 'active'),
(992, NULL, NULL, 'Vinod Muchchandi', '', 0, '', '', '', '', '', '', 'active'),
(993, NULL, NULL, 'Dr.Giriprasad M.N', '', 0, '', '', '', '', '', '', 'active'),
(994, NULL, NULL, 'Meena Ugale', '', 0, '', '', '', '', '', '', 'active'),
(995, NULL, NULL, 'Sanjiv Tokekar', '', 0, '', '', '', '', '', '', 'active'),
(996, NULL, NULL, 'Mary Margarat Valentine', '', 0, '', '', '', '', '', '', 'active'),
(997, NULL, NULL, 'Preeti Shinde', '', 0, '', '', '', '', '', '', 'active'),
(998, NULL, NULL, 'Hardik Tolia', '', 0, '', '', '', '', '', '', 'active'),
(999, NULL, NULL, 'Arish Metkari', '', 0, '', '', '', '', '', '', 'active'),
(1000, NULL, NULL, 'Sayli Patki', '', 0, '', '', '', '', '', '', 'active'),
(1001, NULL, NULL, 'Surender Soni', '', 0, '', '', '', '', '', '', 'active'),
(1002, NULL, NULL, 'Meena Panse', '', 0, '', '', '', '', '', '', 'active'),
(1003, NULL, NULL, 'Bhavesh Parmar', '', 0, '', '', '', '', '', '', 'active'),
(1004, NULL, NULL, 'Dr. Umakant P. Kulkarni', '', 0, '', '', '', '', '', '', 'active'),
(1005, NULL, NULL, 'Assit.Prof. Mrs.Jyothi Digge', '', 0, '', '', '', '', '', '', 'active'),
(1006, NULL, NULL, 'Vinay Srivastava', '', 0, '', '', '', '', '', '', 'active'),
(1007, NULL, NULL, 'Nikhil Verma', '', 0, '', '', '', '', '', '', 'active'),
(1008, NULL, NULL, 'Rohit Patki', '', 0, '', '', '', '', '', '', 'active'),
(1009, NULL, NULL, 'Suchet Shetty', '', 0, '', '', '', '', '', '', 'active'),
(1010, NULL, NULL, 'G.Nagaraj G', '', 0, '', '', '', '', '', '', 'active'),
(1011, NULL, NULL, 'Hemanth Kumar Kornu', '', 0, '', '', '', '', '', '', 'active'),
(1012, NULL, NULL, 'Naman Agrawal', '', 0, '', '', '', '', '', '', 'active'),
(1013, NULL, NULL, 'Mukhar Upadhyay', '', 0, '', '', '', '', '', '', 'active'),
(1014, NULL, NULL, 'Neepa Shah', '', 0, '', '', '', '', '', '', 'active'),
(1015, NULL, NULL, 'Vinaya Sawant', '', 0, '', '', '', '', '', '', 'active'),
(1016, NULL, NULL, 'Ajitha Prabhu', '', 0, '', '', '', '', '', '', 'active'),
(1017, NULL, NULL, 'Kiran Kumar D S', '', 0, '', '', '', '', '', '', 'active'),
(1018, NULL, NULL, 'Paul Leons', '', 0, '', '', '', '', '', '', 'active'),
(1019, NULL, NULL, 'Shachi Natu', '', 0, '', '', '', '', '', '', 'active'),
(1020, NULL, NULL, 'Jayashree D', '', 0, '', '', '', '', '', '', 'active'),
(1021, NULL, NULL, 'Siddesh Bhogate', '', 0, '', '', '', '', '', '', 'active'),
(1022, NULL, NULL, 'Sujata Dhanorkar', '', 0, '', '', '', '', '', '', 'active'),
(1023, NULL, NULL, 'Shubhra Sinha', '', 0, '', '', '', '', '', '', 'active'),
(1024, NULL, NULL, 'Prashant Pol', '', 0, '', '', '', '', '', '', 'active'),
(1025, NULL, NULL, 'Kuldeep Singh', '', 0, '', '', '', '', '', '', 'active'),
(1026, NULL, NULL, 'Pratap Shinde', '', 0, '', '', '', '', '', '', 'active'),
(1027, NULL, NULL, 'Nagaraj Jeur', '', 0, '', '', '', '', '', '', 'active'),
(1028, NULL, NULL, 'Deepu Narayanan', '', 0, '', '', '', '', '', '', 'active'),
(1029, NULL, NULL, 'Parthasarathy R', '', 0, '', '', '', '', '', '', 'active'),
(1030, NULL, NULL, 'Denny.C. Jacob', '', 0, '', '', '', '', '', '', 'active'),
(1031, NULL, NULL, 'Girish. Deshpande', '', 0, '', '', '', '', '', '', 'active'),
(1032, NULL, NULL, 'Ramya Bhaskaran', '', 0, '', '', '', '', '', '', 'active'),
(1033, NULL, NULL, 'Mllikarjun Savanalli', '', 0, '', '', '', '', '', '', 'active'),
(1034, NULL, NULL, 'Reena Kumbhare', '', 0, '', '', '', '', '', '', 'active'),
(1035, NULL, NULL, 'Baskaran R', '', 0, '', '', '', '', '', '', 'active'),
(1036, NULL, NULL, 'Sanket Padawe', '', 0, '', '', '', '', '', '', 'active'),
(1037, NULL, NULL, 'Ramya Kotian', '', 0, '', '', '', '', '', '', 'active'),
(1038, NULL, NULL, 'Sanket Bhoir', '', 0, '', '', '', '', '', '', 'active'),
(1039, NULL, NULL, 'Rohan Tahiliani', '', 0, '', '', '', '', '', '', 'active'),
(1040, NULL, NULL, 'Ashish Khadpe', '', 0, '', '', '', '', '', '', 'active'),
(1041, NULL, NULL, 'Dhanashree Limaye', '', 0, '', '', '', '', '', '', 'active'),
(1042, NULL, NULL, 'Sunil Nalwade', '', 0, '', '', '', '', '', '', 'active'),
(1043, NULL, NULL, 'Sumit Pore', '', 0, '', '', '', '', '', '', 'active'),
(1044, NULL, NULL, 'Nagabhushan K', '', 0, '', '', '', '', '', '', 'active'),
(1045, NULL, NULL, 'Rizwin Shooja', '', 0, '', '', '', '', '', '', 'active'),
(1046, NULL, NULL, 'Vijayalakshmi Kadroli', '', 0, '', '', '', '', '', '', 'active'),
(1047, NULL, NULL, 'Kiran Bhandari', '', 0, '', '', '', '', '', '', 'active'),
(1048, NULL, NULL, 'Mahadev Uplane', '', 0, '', '', '', '', '', '', 'active'),
(1049, NULL, NULL, 'Karhik S', '', 0, '', '', '', '', '', '', 'active'),
(1050, NULL, NULL, 'Deepu K B', '', 0, '', '', '', '', '', '', 'active'),
(1051, NULL, NULL, 'Deepak Krishnan Unnikrishnan', '', 0, '', '', '', '', '', '', 'active'),
(1052, NULL, NULL, 'Ajay. Yadav', '', 0, '', '', '', '', '', '', 'active'),
(1053, NULL, NULL, 'Abheek Misra', '', 0, '', '', '', '', '', '', 'active'),
(1054, NULL, NULL, 'Mithun Muralidharan', '', 0, '', '', '', '', '', '', 'active');

--
-- Constraints for dumped tables
--

--
-- Constraints for table `admin`
--
ALTER TABLE `admin`
  ADD CONSTRAINT `fk_admin_users` FOREIGN KEY (`id`) REFERENCES `users` (`id`) ON DELETE NO ACTION ON UPDATE NO ACTION;

--
-- Constraints for table `authors`
--
ALTER TABLE `authors`
  ADD CONSTRAINT `fk_admin_users02` FOREIGN KEY (`id`) REFERENCES `users` (`id`) ON DELETE NO ACTION ON UPDATE NO ACTION;

--
-- Constraints for table `author_paper`
--
ALTER TABLE `author_paper`
  ADD CONSTRAINT `fk_authors_has_paper_authors1` FOREIGN KEY (`authors_id`) REFERENCES `authors` (`id`) ON DELETE NO ACTION ON UPDATE NO ACTION,
  ADD CONSTRAINT `fk_authors_has_paper_paper1` FOREIGN KEY (`paper_id`) REFERENCES `paper` (`id`) ON DELETE NO ACTION ON UPDATE NO ACTION;

--
-- Constraints for table `chairperson`
--
ALTER TABLE `chairperson`
  ADD CONSTRAINT `fk_admin_users00` FOREIGN KEY (`id`) REFERENCES `users` (`id`) ON DELETE NO ACTION ON UPDATE NO ACTION;

--
-- Constraints for table `entry`
--
ALTER TABLE `entry`
  ADD CONSTRAINT `fk_admin_users0` FOREIGN KEY (`id`) REFERENCES `users` (`id`) ON DELETE NO ACTION ON UPDATE NO ACTION;

--
-- Constraints for table `managers`
--
ALTER TABLE `managers`
  ADD CONSTRAINT `fk_admin_users01` FOREIGN KEY (`id`) REFERENCES `users` (`id`) ON DELETE NO ACTION ON UPDATE NO ACTION;

--
-- Constraints for table `paper`
--
ALTER TABLE `paper`
  ADD CONSTRAINT `fk_paper_tracks1` FOREIGN KEY (`tracks_id`) REFERENCES `tracks` (`id`) ON DELETE NO ACTION ON UPDATE NO ACTION;

--
-- Constraints for table `payments`
--
ALTER TABLE `payments`
  ADD CONSTRAINT `fk_payments_author_paper1` FOREIGN KEY (`author_id`, `paper_id`) REFERENCES `author_paper` (`authors_id`, `paper_id`) ON DELETE NO ACTION ON UPDATE NO ACTION;

--
-- Constraints for table `tracks`
--
ALTER TABLE `tracks`
  ADD CONSTRAINT `fk_tracks_managers1` FOREIGN KEY (`managers_id`) REFERENCES `managers` (`id`) ON DELETE NO ACTION ON UPDATE NO ACTION;
