-- phpMyAdmin SQL Dump
-- version 3.2.4
-- http://www.phpmyadmin.net
--
-- Host: localhost
-- Generation Time: Jan 04, 2011 at 10:05 PM
-- Server version: 5.1.41
-- PHP Version: 5.3.1

SET SQL_MODE="NO_AUTO_VALUE_ON_ZERO";


/*!40101 SET @OLD_CHARACTER_SET_CLIENT=@@CHARACTER_SET_CLIENT */;
/*!40101 SET @OLD_CHARACTER_SET_RESULTS=@@CHARACTER_SET_RESULTS */;
/*!40101 SET @OLD_COLLATION_CONNECTION=@@COLLATION_CONNECTION */;
/*!40101 SET NAMES utf8 */;

--
-- Database: `icwet`
--

-- --------------------------------------------------------

--
-- Table structure for table `admin`
--

CREATE TABLE IF NOT EXISTS `admin` (
  `id` int(10) unsigned NOT NULL,
  PRIMARY KEY (`id`),
  KEY `fk_admin_users` (`id`)
) ENGINE=InnoDB DEFAULT CHARSET=latin1;

--
-- Dumping data for table `admin`
--

INSERT INTO `admin` (`id`) VALUES
(1);

-- --------------------------------------------------------

--
-- Table structure for table `authors`
--

CREATE TABLE IF NOT EXISTS `authors` (
  `id` int(10) unsigned NOT NULL,
  PRIMARY KEY (`id`),
  KEY `fk_author_users` (`id`)
) ENGINE=InnoDB DEFAULT CHARSET=latin1;

--
-- Dumping data for table `authors`
--

INSERT INTO `authors` (`id`) VALUES
(14),
(15),
(16),
(17),
(18),
(19),
(20),
(21),
(22),
(23),
(24),
(25),
(26),
(27),
(28),
(29),
(30),
(31),
(32),
(33),
(34),
(35),
(36),
(37),
(38),
(39),
(40),
(41),
(42),
(43),
(44),
(45),
(46),
(47),
(48),
(49),
(50),
(51),
(52),
(53),
(54),
(55),
(56),
(57),
(58),
(59),
(60),
(61),
(62),
(63),
(64),
(65),
(66),
(67),
(68),
(69),
(70),
(71),
(72),
(73),
(74),
(75),
(76),
(77),
(78),
(79),
(80),
(81),
(82),
(83),
(84),
(85),
(86),
(87),
(88),
(89),
(90),
(91),
(92),
(93),
(94),
(95),
(96),
(97),
(98),
(99),
(100),
(101),
(102),
(103),
(104),
(105),
(106),
(107),
(108),
(109),
(110),
(111),
(112),
(113),
(114),
(115),
(116),
(117),
(118),
(119),
(120),
(121),
(122),
(123),
(124),
(125),
(126),
(127),
(128),
(129),
(130),
(131),
(132),
(133),
(134),
(135),
(136),
(137),
(138),
(139),
(140),
(141),
(142),
(143),
(144),
(145),
(146),
(147),
(148),
(149),
(150),
(151),
(152),
(153),
(154),
(155),
(156),
(157),
(158),
(159),
(160),
(161),
(162),
(163),
(164),
(165),
(166),
(167),
(168),
(169),
(170),
(171),
(172),
(173),
(174),
(175),
(176),
(177),
(178),
(179),
(180),
(181),
(182),
(183),
(184),
(185),
(186),
(187),
(188),
(189),
(190),
(191),
(192),
(193),
(194),
(195),
(196),
(197),
(198),
(199),
(200),
(201),
(202),
(203),
(204),
(205),
(206),
(207),
(208),
(209),
(210),
(211),
(212),
(213),
(214),
(215),
(216),
(217),
(218),
(219),
(220),
(221),
(222),
(223),
(224),
(225),
(226),
(227),
(228),
(229),
(230),
(231),
(232),
(233),
(234),
(235),
(236),
(237),
(238),
(239),
(240),
(241),
(242),
(243),
(244),
(245),
(246),
(247),
(248),
(249),
(250),
(251),
(252),
(253),
(254),
(255),
(256),
(257),
(258),
(259),
(260),
(261),
(262),
(263),
(264),
(265),
(266),
(267),
(268),
(269),
(270),
(271),
(272),
(273),
(274),
(275),
(276),
(277),
(278),
(279),
(280),
(281),
(282),
(283),
(284),
(285),
(286),
(287),
(288),
(289),
(290),
(291),
(292),
(293),
(294),
(295),
(296),
(297),
(298),
(299),
(300),
(301),
(302),
(303),
(304),
(305),
(306),
(307),
(308),
(309),
(310),
(311),
(312),
(313),
(314),
(315),
(316),
(317),
(318),
(319),
(320),
(321),
(322),
(323),
(324),
(325),
(326),
(327),
(328),
(329),
(330),
(331),
(332),
(333),
(334),
(335),
(336),
(337),
(338),
(339),
(340),
(341),
(342),
(343),
(344),
(345),
(346),
(347),
(348),
(349),
(350),
(351),
(352),
(353),
(354),
(355),
(356),
(357),
(358),
(359),
(360),
(361),
(362),
(363),
(364),
(365),
(366),
(367),
(368),
(369),
(370),
(371),
(372),
(373),
(374),
(375),
(376),
(377),
(378),
(379),
(380),
(381),
(382),
(383),
(384),
(385),
(386),
(387),
(388),
(389),
(390),
(391),
(392),
(393),
(394),
(395),
(396),
(397),
(398),
(399),
(400),
(401),
(402),
(403),
(404),
(405),
(406),
(407),
(408),
(409),
(410),
(411),
(412),
(413),
(414),
(415),
(416),
(417),
(418),
(419),
(420),
(421),
(422),
(423),
(424),
(425),
(426),
(427),
(428),
(429),
(430),
(431),
(432),
(433),
(434),
(435),
(436),
(437),
(438),
(439),
(440),
(441),
(442),
(443),
(444),
(445),
(446),
(447),
(448),
(449),
(450),
(451),
(452),
(453),
(454),
(455),
(456),
(457),
(458),
(459),
(460),
(461),
(462),
(463),
(464),
(465),
(466),
(467),
(468),
(469),
(470),
(471),
(472),
(473),
(474),
(475),
(476),
(477),
(478),
(479),
(480),
(481),
(482),
(483),
(484),
(485),
(486),
(487),
(488),
(489),
(490),
(491),
(492),
(493),
(494),
(495),
(496),
(497),
(498),
(499),
(500),
(501),
(502),
(503),
(504),
(505),
(506),
(507),
(508),
(509),
(510),
(511),
(512),
(513),
(514),
(515),
(516),
(517),
(518),
(519),
(520),
(521),
(522),
(523),
(524),
(525),
(526),
(527),
(528),
(529),
(530),
(531),
(532),
(533),
(534),
(535),
(536),
(537),
(538),
(539),
(540),
(541),
(542),
(543),
(544),
(545),
(546),
(547),
(548),
(549),
(550),
(551),
(552),
(553),
(554),
(555),
(556),
(557),
(558),
(559),
(560),
(561),
(562),
(563),
(564),
(565),
(566),
(567),
(568),
(569),
(570),
(571),
(572),
(573),
(574),
(575),
(576),
(577),
(578),
(579),
(580),
(581),
(582),
(583),
(584),
(585),
(586),
(587),
(588),
(589),
(590),
(591),
(592),
(593),
(594),
(595),
(596),
(597),
(598),
(599),
(600),
(601),
(602),
(603),
(604),
(605),
(606),
(607),
(608),
(609),
(610),
(611),
(612),
(613),
(614),
(615),
(616),
(617),
(618),
(619),
(620),
(621),
(622),
(623),
(624),
(625),
(626),
(627),
(628),
(629),
(630),
(631),
(632),
(633),
(634),
(635),
(636),
(637),
(638),
(639),
(640),
(641),
(642),
(643),
(644),
(645),
(646),
(647),
(648),
(649),
(650),
(651),
(652),
(653),
(654),
(655),
(656),
(657),
(658),
(659),
(660),
(661),
(662),
(663),
(664),
(665),
(666),
(667),
(668),
(669),
(670),
(671),
(672),
(673),
(674),
(675),
(676),
(677),
(678),
(679),
(680),
(681),
(682),
(683),
(684),
(685),
(686),
(687),
(688),
(689),
(690),
(691),
(692),
(693),
(694),
(695),
(696),
(697),
(698),
(699),
(700),
(701),
(702),
(703),
(704),
(705),
(706),
(707),
(708),
(709),
(710),
(711),
(712),
(713),
(714),
(715),
(716),
(717),
(718),
(719),
(720),
(721),
(722),
(723),
(724),
(725),
(726),
(727),
(728),
(729),
(730),
(731),
(732),
(733),
(734),
(735),
(736),
(737),
(738),
(739),
(740),
(741),
(742),
(743),
(744),
(745),
(746),
(747),
(748),
(749),
(750),
(751),
(752),
(753),
(754),
(755),
(756),
(757),
(758),
(759),
(760),
(761),
(762),
(763),
(764),
(765),
(766),
(767),
(768),
(769),
(770),
(771),
(772),
(773),
(774),
(775),
(776),
(777),
(778),
(779),
(780),
(781),
(782),
(783),
(784),
(785),
(786),
(787),
(788),
(789),
(790),
(791),
(792),
(793),
(794),
(795),
(796),
(797),
(798),
(799),
(800),
(801),
(802),
(803),
(804),
(805),
(806),
(807),
(808),
(809),
(810),
(811),
(812),
(813),
(814),
(815),
(816),
(817),
(818),
(819),
(820),
(821),
(822),
(823),
(824),
(825),
(826),
(827),
(828),
(829),
(830),
(831),
(832),
(833),
(834),
(835),
(836),
(837),
(838),
(839),
(840),
(841),
(842),
(843),
(844),
(845),
(846),
(847),
(848),
(849),
(850),
(851),
(852),
(853),
(854),
(855),
(856),
(857),
(858),
(859),
(860),
(861),
(862),
(863),
(864),
(865),
(866),
(867),
(868),
(869),
(870),
(871),
(872),
(873),
(874),
(875),
(876),
(877),
(878),
(879),
(880),
(881),
(882),
(883),
(884),
(885),
(886),
(887),
(888),
(889),
(890),
(891),
(892),
(893),
(894),
(895),
(896),
(897),
(898),
(899),
(900),
(901),
(902),
(903),
(904),
(905),
(906),
(907),
(908),
(909),
(910),
(911);

-- --------------------------------------------------------

--
-- Table structure for table `author_paper`
--

CREATE TABLE IF NOT EXISTS `author_paper` (
  `authors_id` int(10) unsigned NOT NULL,
  `paper_id` int(10) unsigned NOT NULL,
  PRIMARY KEY (`authors_id`,`paper_id`),
  KEY `fk_authors_has_paper_paper1` (`paper_id`)
) ENGINE=InnoDB DEFAULT CHARSET=latin1;

--
-- Dumping data for table `author_paper`
--

INSERT INTO `author_paper` (`authors_id`, `paper_id`) VALUES
(35, 1),
(42, 2),
(109, 2),
(14, 3),
(88, 3),
(56, 4),
(121, 4),
(43, 5),
(49, 5),
(111, 5),
(15, 6),
(16, 7),
(90, 7),
(39, 8),
(106, 8),
(161, 8),
(17, 9),
(91, 9),
(150, 9),
(61, 10),
(127, 10),
(170, 10),
(72, 11),
(33, 12),
(40, 13),
(107, 13),
(178, 13),
(40, 14),
(107, 14),
(178, 14),
(40, 15),
(44, 15),
(110, 15),
(163, 15),
(40, 16),
(86, 16),
(148, 16),
(62, 17),
(128, 17),
(45, 18),
(63, 19),
(34, 20),
(48, 20),
(157, 20),
(16, 21),
(92, 21),
(35, 22),
(57, 23),
(122, 23),
(46, 24),
(112, 24),
(16, 25),
(73, 25),
(175, 25),
(80, 26),
(140, 26),
(176, 26),
(64, 27),
(18, 28),
(47, 30),
(113, 30),
(164, 30),
(81, 31),
(144, 31),
(74, 32),
(19, 33),
(94, 33),
(151, 33),
(58, 34),
(123, 34),
(168, 34),
(20, 35),
(95, 35),
(75, 36),
(140, 36),
(21, 37),
(16, 38),
(96, 38),
(22, 39),
(22, 40),
(78, 41),
(48, 42),
(114, 42),
(43, 43),
(49, 43),
(115, 43),
(65, 44),
(131, 44),
(171, 44),
(66, 45),
(132, 45),
(171, 45),
(41, 46),
(108, 46),
(162, 46),
(23, 47),
(24, 47),
(152, 47),
(183, 47),
(23, 48),
(24, 48),
(152, 48),
(183, 48),
(50, 49),
(116, 49),
(165, 49),
(186, 49),
(58, 50),
(124, 50),
(168, 50),
(169, 50),
(59, 51),
(123, 51),
(125, 51),
(67, 52),
(129, 52),
(133, 52),
(138, 52),
(139, 52),
(172, 52),
(180, 52),
(68, 53),
(130, 53),
(134, 53),
(173, 53),
(181, 53),
(82, 54),
(145, 54),
(177, 54),
(87, 55),
(25, 56),
(97, 56),
(124, 56),
(51, 57),
(26, 59),
(52, 59),
(98, 59),
(153, 59),
(21, 60),
(54, 60),
(146, 60),
(27, 61),
(82, 61),
(93, 61),
(119, 61),
(154, 61),
(79, 62),
(143, 62),
(28, 63),
(99, 63),
(155, 63),
(76, 64),
(141, 64),
(29, 66),
(52, 66),
(100, 66),
(156, 66),
(69, 67),
(135, 67),
(174, 67),
(182, 67),
(70, 68),
(136, 68),
(36, 69),
(103, 69),
(30, 70),
(48, 70),
(157, 70),
(18, 71),
(37, 71),
(104, 71),
(60, 72),
(126, 72),
(84, 73),
(147, 73),
(53, 74),
(118, 74),
(31, 75),
(89, 75),
(144, 75),
(149, 75),
(31, 76),
(101, 76),
(158, 76),
(185, 76),
(77, 77),
(142, 77),
(38, 79),
(105, 79),
(57, 80),
(122, 80),
(60, 81),
(85, 81),
(54, 82),
(119, 82),
(167, 82),
(71, 83),
(137, 83),
(32, 84),
(102, 84),
(159, 84),
(55, 85),
(120, 85);

-- --------------------------------------------------------

--
-- Table structure for table `chairperson`
--

CREATE TABLE IF NOT EXISTS `chairperson` (
  `id` int(10) unsigned NOT NULL,
  PRIMARY KEY (`id`),
  KEY `fk_chairperson_users` (`id`)
) ENGINE=InnoDB DEFAULT CHARSET=latin1;

--
-- Dumping data for table `chairperson`
--

INSERT INTO `chairperson` (`id`) VALUES
(1),
(2),
(5),
(6),
(9);

-- --------------------------------------------------------

--
-- Table structure for table `entry`
--

CREATE TABLE IF NOT EXISTS `entry` (
  `id` int(10) unsigned NOT NULL,
  PRIMARY KEY (`id`),
  KEY `fk_entry_users` (`id`)
) ENGINE=InnoDB DEFAULT CHARSET=latin1;

--
-- Dumping data for table `entry`
--

INSERT INTO `entry` (`id`) VALUES
(3);

-- --------------------------------------------------------

--
-- Table structure for table `managers`
--

CREATE TABLE IF NOT EXISTS `managers` (
  `id` int(10) unsigned NOT NULL,
  PRIMARY KEY (`id`),
  KEY `fk_manager_users` (`id`)
) ENGINE=InnoDB DEFAULT CHARSET=latin1;

--
-- Dumping data for table `managers`
--

INSERT INTO `managers` (`id`) VALUES
(2),
(6),
(7),
(8),
(9);

-- --------------------------------------------------------

--
-- Table structure for table `paper`
--

CREATE TABLE IF NOT EXISTS `paper` (
  `id` int(10) unsigned NOT NULL AUTO_INCREMENT,
  `title` varchar(500) DEFAULT NULL,
  `type` enum('ltp','stp','pst') DEFAULT NULL,
  `description` text,
  `tracks_id` int(10) unsigned NOT NULL,
  `chairperson_id` int(10) unsigned NOT NULL,
  `CRC` enum('no','yes') NOT NULL,
  `copyright` enum('no','yes') NOT NULL,
  `pages` int(11) NOT NULL,
  PRIMARY KEY (`id`,`tracks_id`,`chairperson_id`),
  KEY `fk_paper_tracks1` (`tracks_id`)
) ENGINE=InnoDB  DEFAULT CHARSET=latin1 AUTO_INCREMENT=480 ;

--
-- Dumping data for table `paper`
--

INSERT INTO `paper` (`id`, `title`, `type`, `description`, `tracks_id`, `chairperson_id`, `CRC`, `copyright`, `pages`) VALUES
(1, 'Template Matching Using Sum and Difference in Pixel Intensities', 'ltp', '', 1, 0, 'no', 'no', 0),
(2, 'Constructing Minimum Connected Dominating set: Algorithmic Approach', NULL, NULL, 1, 0, 'no', 'no', 0),
(3, 'An Integrated High-Performance Distributed File System Implementation on Existing Local Network', NULL, NULL, 1, 0, 'no', 'no', 0),
(4, 'Novel Algorithm for Iriscode Organization and Adaptive Searching for IRIS code Similarity', NULL, NULL, 1, 0, 'no', 'no', 0),
(5, 'Dynamic Call Management for Congestion control in Cellular Networks', NULL, NULL, 1, 0, 'no', 'no', 0),
(6, 'On some security issuses in cloud computing environment', NULL, NULL, 1, 0, 'no', 'no', 0),
(7, 'Digital Image Processing Techniques Based on Edge Feature Extraction', NULL, NULL, 1, 0, 'no', 'no', 0),
(8, 'Synthetic Biology : Apoptosis and Cancer', NULL, NULL, 1, 0, 'no', 'no', 0),
(9, 'Medical Image Segmentation for Brain Tumor Detection', NULL, NULL, 1, 0, 'no', 'no', 0),
(10, 'Modeling and Simulation of 2-D GaAs MESFET under Illumination', NULL, NULL, 1, 0, 'no', 'no', 0),
(11, 'FPGA Based GPS System Design', NULL, NULL, 1, 0, 'no', 'no', 0),
(12, 'An Efficient Character Recognition System for Combinational Malayalam Handwritten Characters', NULL, NULL, 1, 0, 'no', 'no', 0),
(13, 'AIRCRAFT TARGET TRACKING', NULL, NULL, 1, 0, 'no', 'no', 0),
(14, 'Nano-technology an Innovations for Non Conventional Energy Sources', NULL, NULL, 1, 0, 'no', 'no', 0),
(15, 'Reduction of adjacent channel interference using OFDM', NULL, NULL, 1, 0, 'no', 'no', 0),
(16, 'WAVELETS FOR MOVING VEHICLES DETECTION AND TRACKING IN TRAFFIC MONITORING SYSTEMS', NULL, NULL, 1, 0, 'no', 'no', 0),
(17, 'Normal Mode to Axial Mode Conversion of Helical Antenna by Using Cavity', NULL, NULL, 1, 0, 'no', 'no', 0),
(18, 'Statistically Computed Signal Analysis in Antenna Array', NULL, NULL, 1, 0, 'no', 'no', 0),
(19, 'REVIEW ON IMPULSE RADIATING ANTENNAS', NULL, NULL, 1, 0, 'no', 'no', 0),
(20, 'Probabilistic Approach in Video Based Face Recognition', NULL, NULL, 1, 0, 'no', 'no', 0),
(21, 'Error correction over wireless channels using symmetric cryptography', NULL, NULL, 1, 0, 'no', 'no', 0),
(22, 'Consensus based Dynamic Load Balancing for a Network of Heterogeneous Workstations', NULL, NULL, 1, 0, 'no', 'no', 0),
(23, 'Data Mining: A Perspective', NULL, NULL, 1, 0, 'no', 'no', 0),
(24, 'Improved Dynamic Model for Policy Based Access Control', NULL, NULL, 1, 0, 'no', 'no', 0),
(25, 'Online monitoring system of Temperature', NULL, NULL, 1, 0, 'no', 'no', 0),
(26, 'Neural Network Based Sensor Drift Compensation of Induction Motor', NULL, NULL, 1, 0, 'no', 'no', 0),
(27, 'Device Control Using Speech Recognition', NULL, NULL, 1, 0, 'no', 'no', 0),
(28, 'Resource Optimization in a LAN Environment Using SMIG-Shared Memory Integrated with Grid', NULL, NULL, 1, 0, 'no', 'no', 0),
(30, 'Broadband over powerline communication', NULL, NULL, 1, 0, 'no', 'no', 0),
(31, 'Dynamic Interplay as a search operation using ‘Natural user interfaces’ and ‘Rich presentation''', 'ltp', '        ', 1, 0, 'no', 'no', 0),
(32, 'ASSIST - Automated System for Surgical Instrument and Sponge Tracking', 'ltp', '        ', 17, 0, 'no', 'no', 0),
(33, 'HawkEye Solutions: A Network Intrusion Detection System', 'ltp', '        ', 3, 0, 'no', 'no', 0),
(34, 'Focused Cralwler with revisit policy', 'ltp', '        ', 4, 0, 'no', 'no', 0),
(35, 'Statistical Texture Analysis for Automated Leukemia Detection in Blood Microscopic Images', 'ltp', '        ', 3, 0, 'no', 'no', 0),
(36, 'SPWM BASED Z-SOURCE INVERTER FOR INDUCTION MOTOR', 'ltp', '        ', 17, 0, 'no', 'no', 0),
(37, 'Comparison of Different CBIR Techniques', 'ltp', '        ', 3, 0, 'no', 'no', 0),
(38, 'Implementation of Incremental Encoder based Position and Velocity Measurement Chip', 'ltp', '        ', 3, 0, 'no', 'no', 0),
(39, 'Named Entity Recognition: Case Study', 'ltp', '        ', 3, 0, 'no', 'no', 0),
(40, 'Hidden Markov Model: Case Study', 'ltp', '        ', 3, 0, 'no', 'no', 0),
(41, 'VIVACE (vortex induced vibrations for aquatic clean energy)', 'ltp', '        ', 14, 0, 'no', 'no', 0),
(42, 'ID Based Public Key Cryptography for Heterogeneous Wireless Sensor Networks', 'ltp', '        ', 2, 0, 'no', 'no', 0),
(43, 'MODELING LATENCY FOR 3G MOBILE NETWORK', 'ltp', '        ', 2, 0, 'no', 'no', 0),
(44, 'ANALYSIS OF BACK GATE AND GATE ALL AROUND CNTFET STRUCTURE', 'ltp', '        ', 6, 0, 'no', 'no', 0),
(45, 'Enhancement in the properties of CNTFET by the use of high-k dielectric, HfO2', 'ltp', '        ', 6, 0, 'no', 'no', 0),
(46, 'APPLICATION OF EXPERT SYSTEM FOR ARRHYTHMIA ANALYSIS', 'ltp', '        ', 5, 0, 'no', 'no', 0),
(47, 'Mitigating Denial of Service attack using CAPTCHA mechanism', 'ltp', '        ', 3, 0, 'no', 'no', 0),
(48, 'Secure Authentication using Dynamic Virtual Keyboard Layout', 'ltp', '        ', 3, 0, 'no', 'no', 0),
(49, 'A New data encryption & decryption Algorithm(PSZ proposed):A Comparison with RSA', 'ltp', '        ', 2, 0, 'no', 'no', 0),
(50, 'Freshness Tuning in Focused Crawler', 'ltp', '        ', 4, 0, 'no', 'no', 0),
(51, 'Understanding The Spatial Database Concept By Developing City Map With The Help Of Oracle Spatial', 'ltp', '        ', 4, 0, 'no', 'no', 0),
(52, 'Oxidised Macro Porous Silicon Based thermal isolation in the design of Microheater for MEMS based gas sensors', 'ltp', '        ', 6, 0, 'no', 'no', 0),
(53, 'An Explicit Approach for Delay Evaluation for On- Chip RC Interconnects using Beta Distribution Function using Three Moments', 'ltp', '        ', 6, 0, 'no', 'no', 0),
(54, 'A Novel Multialgorithmic Approach for Improving Accuracy of Iris Recognition using Haar, Multiresolution and New Block Sum Method', 'ltp', '        ', 1, 0, 'no', 'no', 0),
(55, 'IMPACT OF ERP ON CORPORATE PERFORMANCE', 'ltp', '        ', 15, 0, 'no', 'no', 0),
(56, '“Phishing Email-A Type of Mass Attack used by Fradulents”', 'ltp', '        ', 3, 0, 'no', 'no', 0),
(57, 'Performance Analysis of (AIMM-I46) Addressing, Inter-Mobility and Interoperability Management Architecture between IPv4 and IPv6 Networks', 'ltp', '', 2, 0, 'no', 'no', 0),
(58, 'Congestion Control In Wireless Communication System', NULL, NULL, 1, 0, 'no', 'no', 0),
(59, 'A Survey : Cloud Computing An Uber Technology', 'ltp', '        ', 3, 0, 'no', 'no', 0),
(60, 'optical Wireless Communication System for Atmospheric Turbulence', 'ltp', '        ', 1, 0, 'no', 'no', 0),
(61, 'Virtual Mannequin: 3D Parameterized Human Modeling', 'ltp', '                ', 3, 0, 'no', 'no', 0),
(62, 'Steps to Reduce Global warming – Power management in LAN by Java LAN Controller', 'ltp', '        ', 14, 0, 'no', 'no', 0),
(63, 'Reconstruction of Lost Image Blocks In Wireless Transmission & Compression Using Structure and Texture Filling-in', 'ltp', '        ', 3, 0, 'no', 'no', 0),
(64, 'AN ADAPTIVE CURRENT CONTROLLER FOR REDUCTION OF COMMUTATION TORQUE RIPPLE IN A SENSORLESS BLDC DRIVE', 'ltp', '        ', 17, 0, 'no', 'no', 0),
(66, 'Honeypot: A Survey of Technologies, Tools and Deployment', 'ltp', '        ', 3, 0, 'no', 'no', 0),
(67, 'SUBSTRATE INTEGRATED CIRCUITS - A NEW ERA IN MILLIMETER RANGE CIRCUITS', 'ltp', '        ', 6, 0, 'no', 'no', 0),
(68, 'A Novel OTA and FVF based Second Generation Current Conveyor', 'ltp', '        ', 6, 0, 'no', 'no', 0),
(69, 'Full DST Sectorization for Feature Vector Generation in Content Based Image Retrieval', 'ltp', '        ', 1, 0, 'no', 'no', 0),
(70, 'VIEW BASED APPROACH FOR RECOGNITION OF HUMAN MOVEMENT', 'ltp', '        ', 1, 0, 'no', 'no', 0),
(71, 'Design of File size and Type of Access Based Replication Algorithm for Data Grid', NULL, NULL, 1, 0, 'no', 'no', 0),
(72, 'A Survey of Issues of Query Optimization in parallel databases', NULL, NULL, 1, 0, 'no', 'no', 0),
(73, 'Offline Signature Verification System Based On Discrete Cosine Transform', NULL, NULL, 1, 0, 'no', 'no', 0),
(74, 'ROBUST SPEECH TRANSFORM FOR CUE-SYMBOL GENERATION', NULL, NULL, 1, 0, 'no', 'no', 0),
(75, 'Multimedia Resource Library Using Video Streaming', NULL, NULL, 1, 0, 'no', 'no', 0),
(76, 'Speech Activated Navigator with Virtual Interface', NULL, NULL, 1, 0, 'no', 'no', 0),
(77, 'Study of Variation of Total Harmonic Distortion in Diode Clamped Multilevel Inverter with Modulation Index', NULL, NULL, 1, 0, 'no', 'no', 0),
(79, 'Performance of IRLS Algorithm in Compressive Sensing', NULL, NULL, 1, 0, 'no', 'no', 0),
(80, 'Data Mining: A perspective', NULL, NULL, 1, 0, 'no', 'no', 0),
(81, 'A Novel Approach For Research Paper Abstracts Summarization Using Cluster Based Sentence Extraction', NULL, NULL, 1, 0, 'no', 'no', 0),
(82, 'Performance analysis of AWG Demux for Optical network', NULL, NULL, 1, 0, 'no', 'no', 0),
(83, 'Design of 1 V CMOS VCO followed by Proposed Source Degeneration based CML Flip-Flops for 2.4 GHz Short Range Wireless Applications.', NULL, NULL, 1, 0, 'no', 'no', 0),
(84, 'Enhancement of Fault Tolerance of Intrusion Detection System using AES and DES based Heart Beat Events', NULL, NULL, 1, 0, 'no', 'no', 0),
(85, 'IPv6: Issues and Migration Status In India', NULL, NULL, 1, 0, 'no', 'no', 0),
(86, 'Geo Secured VPN for Critical National Infrastructure', NULL, NULL, 1, 0, 'no', 'no', 0),
(87, 'A Neural way of Retrieving Historical Image Data using Hopfield Network.', NULL, NULL, 1, 0, 'no', 'no', 0),
(88, 'Distributed Query Optimization in Oracle', NULL, NULL, 1, 0, 'no', 'no', 0),
(89, 'Modulation Schemes Effects The Security Issue In WiMAX Physical Layer', NULL, NULL, 1, 0, 'no', 'no', 0),
(90, 'Offline Signature Verification Based On Discrete Cosine Transform', NULL, NULL, 1, 0, 'no', 'no', 0),
(91, 'SNR Improvement with Speech Enhancement Techniques', NULL, NULL, 1, 0, 'no', 'no', 0),
(93, 'On the Information Security Using Fibonacci Series', NULL, NULL, 1, 0, 'no', 'no', 0),
(94, 'Materialized View Management in Peer to Peer Environment', NULL, NULL, 1, 0, 'no', 'no', 0),
(95, 'Comparison of Parallel Genetic Algorithm with Depth First Search Algorithm for Solving Verbal Arithmetic Problems', NULL, NULL, 1, 0, 'no', 'no', 0),
(96, 'Survey of Low Rate DoS attack Detection Mechanisms', NULL, NULL, 1, 0, 'no', 'no', 0),
(97, 'Improvement to Libor Masek Algorithm of Template Matching method for Iris Recognition', NULL, NULL, 1, 0, 'no', 'no', 0),
(98, 'Reed Solomon Decoder for Self checking Circuit Optimization', NULL, NULL, 1, 0, 'no', 'no', 0),
(99, 'Body Parts Detection in Gesture Recognition using Color Information', NULL, NULL, 1, 0, 'no', 'no', 0),
(100, '3D Database Modeling', NULL, NULL, 1, 0, 'no', 'no', 0),
(101, 'Course Scheduling using Genetic Algorithm .', NULL, NULL, 1, 0, 'no', 'no', 0),
(102, 'Network Intrusion Detection using Data Mining', NULL, NULL, 1, 0, 'no', 'no', 0),
(103, 'E-BUSINESS ADOPTION AND IMPLICATIONS IN THE BANKING INDUSTRY IN INDIA', NULL, NULL, 1, 0, 'no', 'no', 0),
(104, 'Low cost Digital Stethoscope for Heart Sounds', NULL, NULL, 1, 0, 'no', 'no', 0),
(106, 'A Combined Mamdani-Sugeno Fuzzy Approach for Localization in Wireless Sensor Networks', NULL, NULL, 1, 0, 'no', 'no', 0),
(107, 'Improved Steganalysis of LSB Matching Steganography Based on Counting Alteration Rate of the Number of Neighbourhood Gray Levels', NULL, NULL, 1, 0, 'no', 'no', 0),
(108, 'Voice Based Productivity Tracking Application based on ANDROID O.S. 2.1', NULL, NULL, 1, 0, 'no', 'no', 0),
(109, 'Compact size Dual-Band Loop Array Antenna', NULL, NULL, 1, 0, 'no', 'no', 0),
(110, 'MEASURING SIDE EFFECTS OF RULE HIDING', NULL, NULL, 1, 0, 'no', 'no', 0),
(111, 'Intelligent Network Sniffer: A Data Mining Approach', NULL, NULL, 1, 0, 'no', 'no', 0),
(112, 'Automatic Speaker Recognition using circular DFT Sectors', NULL, NULL, 1, 0, 'no', 'no', 0),
(113, 'Deblurring of Grayscale Images Using Inverse and Wiener Filter', NULL, NULL, 1, 0, 'no', 'no', 0),
(114, 'Development of Low Power Solutions in Stacking of Transistors based on variations of Transistor Width (W).', NULL, NULL, 1, 0, 'no', 'no', 0),
(115, 'Data hiding in gray-scale images using pixel value differencing', NULL, NULL, 1, 0, 'no', 'no', 0),
(116, 'Detailed Survey of Cloud Computing Paradigm', NULL, NULL, 1, 0, 'no', 'no', 0),
(117, 'Overview of Visual Analytics', NULL, NULL, 1, 0, 'no', 'no', 0),
(118, 'Texture Based Characterization of Liver Tumor on Computed Tomography Images', NULL, NULL, 1, 0, 'no', 'no', 0),
(119, 'A General Methodology for Hiding Data in Games', NULL, NULL, 1, 0, 'no', 'no', 0),
(120, 'Reduction and Estimation of Hyperspectral Imagery Using Dual tree Wavelet Filter Bank Analysis with an Orthogonal Subspace Projection Approach.', NULL, NULL, 1, 0, 'no', 'no', 0),
(121, 'BIOMEDICAL APPLICATION OF LASERS', NULL, NULL, 1, 0, 'no', 'no', 0),
(122, 'An Efficient Image Classifier Using Discrete Cosine Transform', NULL, NULL, 1, 0, 'no', 'no', 0),
(123, 'Face and Facial Feature Detection', NULL, NULL, 1, 0, 'no', 'no', 0),
(124, 'Receiver Based Capacity Enhanchement with Cross-Layer Design Approach for IEEE 802.11 Ad-hoc Networks', NULL, NULL, 1, 0, 'no', 'no', 0),
(125, 'A Polynomial based Image Steganography and Covert Communications in Open Systems Environment for DRM', NULL, NULL, 1, 0, 'no', 'no', 0),
(127, 'Efficient Methods for FFT Calculations using Prime Factor Algorithm', NULL, NULL, 1, 0, 'no', 'no', 0),
(128, 'Segmentation of medical Images using modified Level set method', NULL, NULL, 1, 0, 'no', 'no', 0),
(129, 'AUTOMATIC SHOWER BATH SYSTEM(A MICRO-MECHANICAL FLUID SYSTEM)', NULL, NULL, 1, 0, 'no', 'no', 0),
(130, 'Analysis of different technique for detection of SQL injection', NULL, NULL, 1, 0, 'no', 'no', 0),
(131, 'Digital audio steganography using DWT with reduced embedding error and better extraction compared to DCT', NULL, NULL, 1, 0, 'no', 'no', 0),
(132, 'MICROELECTRONIC MECHANICAL SYSTEMS(MEMS)', NULL, NULL, 1, 0, 'no', 'no', 0),
(133, 'Effect of high K dielectric on mobility of graphene FET.', NULL, NULL, 1, 0, 'no', 'no', 0),
(134, 'Image Compression And its Effect on Iris Recognition.', NULL, NULL, 1, 0, 'no', 'no', 0),
(135, 'Adaptive antenna', NULL, NULL, 1, 0, 'no', 'no', 0),
(136, 'Image Classification based on Textural feature using Artificial Neural Network', NULL, NULL, 1, 0, 'no', 'no', 0),
(137, 'Customized response generation to agriculture related queries using AI techniques', NULL, NULL, 1, 0, 'no', 'no', 0),
(138, 'An optimized approach to voice translation on mobile phones', NULL, NULL, 1, 0, 'no', 'no', 0),
(139, 'SPREAD SPECTRUM RADAR USING RAKE RECEIVER', NULL, NULL, 1, 0, 'no', 'no', 0),
(140, 'LSB based Image Steganography using Polynomials and Covert Communications in Open Systems Environment for DRM', NULL, NULL, 1, 0, 'no', 'no', 0),
(141, 'REDUCED HARDWARE OVERHEAD FOR BIST RAMs USING ASTRA', NULL, NULL, 1, 0, 'no', 'no', 0),
(142, 'GRM: A Reliable and Fault Tolerant Data Replication Middleware for Grid Environment', NULL, NULL, 1, 0, 'no', 'no', 0),
(143, 'Augmented Reality - Digital Overlays Enhancing Real-Life Events', NULL, NULL, 1, 0, 'no', 'no', 0),
(144, 'Wireless Tracking System', NULL, NULL, 1, 0, 'no', 'no', 0),
(145, 'A proactive approach for managing security', NULL, NULL, 1, 0, 'no', 'no', 0),
(146, 'ÒOptimization of Digital circuits using FPGAÓ', NULL, NULL, 1, 0, 'no', 'no', 0),
(147, 'ClassroomWiki: A Collaborative Wiki for Institutional Use', NULL, NULL, 1, 0, 'no', 'no', 0),
(148, 'Vector Quantization Using Global Codebook Technique', NULL, NULL, 1, 0, 'no', 'no', 0),
(149, 'Neural Network Based Empirical Model Development for E-Business (Mobile) Application', NULL, NULL, 1, 0, 'no', 'no', 0),
(150, 'Software as a Service: Shifting Businesses to the Cloud', NULL, NULL, 1, 0, 'no', 'no', 0),
(151, 'Knowledge Management: A solution to improve inter-university collaboration', NULL, NULL, 1, 0, 'no', 'no', 0),
(152, 'Heuristics based Automatic Text Summarization of unstructured text', NULL, NULL, 1, 0, 'no', 'no', 0),
(153, 'SOA enabled BPM rule engine', NULL, NULL, 1, 0, 'no', 'no', 0),
(154, 'OFDM in 4G Network', NULL, NULL, 1, 0, 'no', 'no', 0),
(155, '3D Drag-n-Drop CAPTCHA', NULL, NULL, 1, 0, 'no', 'no', 0),
(156, 'Intrusion Detection System in Cloud Computing Environment', NULL, NULL, 1, 0, 'no', 'no', 0),
(157, 'High performance Dual gate GNR FET', NULL, NULL, 1, 0, 'no', 'no', 0),
(158, 'CP- Orthogonal Frequency Division Multiplexing Vs SC-CP for Indoor Wireless', NULL, NULL, 1, 0, 'no', 'no', 0),
(159, 'Appearance based Video Archival and Retrieval System', NULL, NULL, 1, 0, 'no', 'no', 0),
(160, 'Wireless Charging Using Radio Frequency', NULL, NULL, 1, 0, 'no', 'no', 0),
(161, 'Hybrid Cellular Adhoc Network', NULL, NULL, 1, 0, 'no', 'no', 0),
(162, 'The Effect of Noise in Automatic Text Classification', NULL, NULL, 1, 0, 'no', 'no', 0),
(163, 'DEVANAGRI HANDWRITTEN CHARACTER RECOGNITION', NULL, NULL, 1, 0, 'no', 'no', 0),
(164, 'Design and Development Stacked Patch Antenna for Breast Cancer Detection', NULL, NULL, 1, 0, 'no', 'no', 0),
(165, 'Comparing the performance of TCP and CBR in tree-based and mesh-based ad-hoc multicast routing protocol', NULL, NULL, 1, 0, 'no', 'no', 0),
(166, 'Digital Signature schemes for image', NULL, NULL, 1, 0, 'no', 'no', 0),
(167, 'IPv4 to IPv6 Transition', NULL, NULL, 1, 0, 'no', 'no', 0),
(168, 'Fuzzy Regression as an Additive Tool for Short Term Load Forecasting', NULL, NULL, 1, 0, 'no', 'no', 0),
(169, 'Security Enhancement Analysis in Image Steganography: A Survey', NULL, NULL, 1, 0, 'no', 'no', 0),
(170, 'Developments in OFDM based Cognitive Radio Systems', NULL, NULL, 1, 0, 'no', 'no', 0),
(171, 'Speaker Identification using Row Mean Vector of Spectrogram', NULL, NULL, 1, 0, 'no', 'no', 0),
(172, 'Virtualization: A Way Towards Dynamic IT', NULL, NULL, 1, 0, 'no', 'no', 0),
(173, 'A NOVEL APPROACH FOR OPTIMAL NETWORK SELECTION IN HETEROGENEOUS WIRELESS NETWORKS', NULL, NULL, 1, 0, 'no', 'no', 0),
(174, 'Detection of Copy-Move Forgery Using Multiresolution Characteristic of Discrete Wavelet Transform', NULL, NULL, 1, 0, 'no', 'no', 0),
(175, 'Wire length Estimation using Evolutionary Algorithms', NULL, NULL, 1, 0, 'no', 'no', 0),
(176, 'Development of Predictive Model in Education System: Using Na•ve Bayes Classifier', NULL, NULL, 1, 0, 'no', 'no', 0),
(177, 'Implimentation Of Adaptive Neuro Fuzzy Inference System For Cancer Detection Using TMS320C6711 DSP', NULL, NULL, 1, 0, 'no', 'no', 0),
(178, 'Vehicular Parking Space Discovery with Agent Approach', NULL, NULL, 1, 0, 'no', 'no', 0),
(179, 'VLSI DESIGN OF ANALOG MULTIPLIER BASED ON NMOS TECHNOLOGY', NULL, NULL, 1, 0, 'no', 'no', 0),
(180, 'Offline Signature Verification Based On Statistical Features', NULL, NULL, 1, 0, 'no', 'no', 0),
(181, 'Design for Improved Figure of Merit of LC Oscillator', NULL, NULL, 1, 0, 'no', 'no', 0),
(182, 'An Overview of Lindenmayer Systems', NULL, NULL, 1, 0, 'no', 'no', 0),
(183, 'GPS based autonomous ground vehicle', NULL, NULL, 1, 0, 'no', 'no', 0),
(184, 'Dissimilarity Based Feature Selection for Text Classification: A Cluster Based Approach', NULL, NULL, 1, 0, 'no', 'no', 0),
(185, 'Advances in Image Segmentation By The Use of Resampling and Shape Constraints', NULL, NULL, 1, 0, 'no', 'no', 0),
(186, 'IMPROVED COLOR to GRAY and BACK', NULL, NULL, 1, 0, 'no', 'no', 0),
(187, 'GNG For Financial Market-A Practical Approach', NULL, NULL, 1, 0, 'no', 'no', 0),
(188, 'Points-to Analysis of RMI-based Java Programs', NULL, NULL, 1, 0, 'no', 'no', 0),
(189, 'Secured Distributed Multi-Agent Role Based Access Control', NULL, NULL, 1, 0, 'no', 'no', 0),
(190, 'Wireless Sensor Network Security Issues; Detection of HELLO flood Attack and Its Countermeasures', NULL, NULL, 1, 0, 'no', 'no', 0),
(191, 'GPS/GPRS Based System for Vehicle Tracking and Traffic Management', NULL, NULL, 1, 0, 'no', 'no', 0),
(192, 'Incremental Cluster Detection using a Soft Computing Approach', NULL, NULL, 1, 0, 'no', 'no', 0),
(193, 'Intelligent database for the SOA using BPEL', NULL, NULL, 1, 0, 'no', 'no', 0),
(194, 'Data integration using web services in SOA', NULL, NULL, 1, 0, 'no', 'no', 0),
(195, 'Data Integration Problem of structural and semantic heterogeneity: Data Warehousing Framework models for the optimization of the ETL processes', NULL, NULL, 1, 0, 'no', 'no', 0),
(196, 'BPEL Process Manager and Rules Integration in Service Oriented Architecture (SOA)', NULL, NULL, 1, 0, 'no', 'no', 0),
(197, 'First In Not Referenced First Out Page Replacement Algorithm', NULL, NULL, 1, 0, 'no', 'no', 0),
(198, 'Overview of Smartphone Application Development using Cross Platform framework', NULL, NULL, 1, 0, 'no', 'no', 0),
(199, 'Development of a Multilayer Conductor Electromagnetic Shield for Optimum Shielding Performance', NULL, NULL, 1, 0, 'no', 'no', 0),
(200, 'Pattern and Keyword based Opinion Analysis from Opinionated Texts', NULL, NULL, 1, 0, 'no', 'no', 0),
(201, 'Motion Sensing in Mobile phone', NULL, NULL, 1, 0, 'no', 'no', 0),
(202, 'EFFECT OF PHYSICAL PARAMETERS OF MATERIAL ON BAND STRUCTURE OF PHOTONIC CRYSTAL', NULL, NULL, 1, 0, 'no', 'no', 0),
(203, 'New & Efficient low overheads algorithm for Mobile Distributed Systems', NULL, NULL, 1, 0, 'no', 'no', 0),
(204, 'High Performance Based Communication Protocol', NULL, NULL, 1, 0, 'no', 'no', 0),
(205, 'A Survey of Handwritten Document Pre-processing Techniques and Customizing for Indic Script', NULL, NULL, 1, 0, 'no', 'no', 0),
(206, 'Fuzzy Inference based Edge Detection System using Sobel and Laplacian of Gaussian Operators', NULL, NULL, 1, 0, 'no', 'no', 0),
(209, 'A Novel approach for Fast Face Recognition using Adjacent Pixel and Quantization Histogram Method', NULL, NULL, 1, 0, 'no', 'no', 0),
(210, 'E-procurement for increasing business process agility', NULL, NULL, 1, 0, 'no', 'no', 0),
(212, 'GABOR FEATURE EXTRACTION FOR GRAY SCALE IMAGE', NULL, NULL, 1, 0, 'no', 'no', 0),
(213, 'A SERVEY ON CLUSTERING IN DATA MINING', NULL, NULL, 1, 0, 'no', 'no', 0),
(214, 'Blood Microscopic Image Segmentation and Automated Leukemia Detection using Statistical Texture Analysis', NULL, NULL, 1, 0, 'no', 'no', 0),
(215, 'Resistive Analysis of Mixed Carbon Nanotube Bundle Interconnect and its Comparison with Copper Interconnect', NULL, NULL, 1, 0, 'no', 'no', 0),
(216, 'Minimizing Job Completion Time in Grid Scheduling with Resource and Timing Constraints Using Genetic Algorithm', NULL, NULL, 1, 0, 'no', 'no', 0),
(217, 'Clustering with Apache Hadoop', NULL, NULL, 1, 0, 'no', 'no', 0),
(218, 'Distributed Database Caching for Web Applications and Web Services', NULL, NULL, 1, 0, 'no', 'no', 0),
(219, 'Fingerprint recognition Using Minutiae-based technique', NULL, NULL, 1, 0, 'no', 'no', 0),
(220, 'Mobile Based Remote Control System Using Bluetooth', NULL, NULL, 1, 0, 'no', 'no', 0),
(221, 'Misbehaving nodes Detection through Opinion Based Trust Evaluation Model in MANETs', NULL, NULL, 1, 0, 'no', 'no', 0),
(222, 'Cache Maintenance Based Multi Path Trust Routing Protocol for MANETs', NULL, NULL, 1, 0, 'no', 'no', 0),
(223, 'THERMO ELECTRIC MODULE', NULL, NULL, 1, 0, 'no', 'no', 0),
(224, 'Novel Asynchronous Adders', NULL, NULL, 1, 0, 'no', 'no', 0),
(225, 'A Dialogue System for Career Counseling', NULL, NULL, 1, 0, 'no', 'no', 0),
(226, 'THE FUTURE OF COMPUTATIONAL FLUID DYNAMICS ( enhancing the design process)', NULL, NULL, 1, 0, 'no', 'no', 0),
(227, 'Network Security Implementation using Onion Routing', NULL, NULL, 1, 0, 'no', 'no', 0),
(228, 'Agile software Development in an Industrial Context: Weaving Agile Software Development Techniques', NULL, NULL, 1, 0, 'no', 'no', 0),
(229, 'Quantum Size Effect in nanosize semiconductor materials', NULL, NULL, 1, 0, 'no', 'no', 0),
(230, 'Mathematical Modelling of Thermoelectric Module using MATLAB for steady state analysis', NULL, NULL, 1, 0, 'no', 'no', 0),
(231, 'Agile Principles as a leadership value System in the Software Development: Are we ready to be unleashed?', NULL, NULL, 1, 0, 'no', 'no', 0),
(232, 'SECURITY AGAINST CROSS SITE SCRIPTING(XSS)ATTACKS', NULL, NULL, 1, 0, 'no', 'no', 0),
(233, 'Advanced Network Based Wireless, Single PMS for Multiple-Patient Monitoring', NULL, NULL, 1, 0, 'no', 'no', 0),
(234, 'Automated Voice based Home Navigation System for the Elderly and the Physically Challenged', NULL, NULL, 1, 0, 'no', 'no', 0),
(235, 'Reconfigurable Cryptographic Processor for Multiple Crypto-Algorithms', NULL, NULL, 1, 0, 'no', 'no', 0),
(236, 'A COMPARITIVE STUDY OF LSB AND DCT IMAGE STEGANOGRAPHY TECHNIQUES', NULL, NULL, 1, 0, 'no', 'no', 0),
(237, 'A Compression and super-resolution of Digital Camera Images with a Bayer Pattern Color Filter Array', NULL, NULL, 1, 0, 'no', 'no', 0),
(238, 'FPGA Prototype of 14 Bit, 20msamples/S, 85 Mw Successive Approximation ADC Suitable For RF Applications', NULL, NULL, 1, 0, 'no', 'no', 0),
(239, 'Soft Output Viterbi Decoder Using Hybrid Register Exchange.', NULL, NULL, 1, 0, 'no', 'no', 0),
(240, 'Category wise Software Evaluation: Function-oriented Software Metrics based on the Data, Functional and Control Dimensions', NULL, NULL, 1, 0, 'no', 'no', 0),
(241, 'Feature Point based Estimation: Function Points by Adding Changes to Improve Applicability to Systems with Significant Internal Processing', NULL, NULL, 1, 0, 'no', 'no', 0),
(242, 'Comparison of Information Loss in Transmission in the Proposed Noise Reduction Formula and the Technique that is in use', NULL, NULL, 1, 0, 'no', 'no', 0),
(243, 'Investigating the Application of AOP Methodology In Development of Bioinformatics Software Using Eclipse-AJDT Environment', NULL, NULL, 1, 0, 'no', 'no', 0),
(244, 'R-R Interval based Paroxysmal Atrial Fibrillation Analysis', NULL, NULL, 1, 0, 'no', 'no', 0),
(246, 'SIMPLIFICATION OF EMI FOR OBLIQUE INCIDENCE OF SINGLE SHIELD EM WAVES', NULL, NULL, 1, 0, 'no', 'no', 0),
(247, 'CUMULATIVE DISTRIBUTION OF RAIN ATTENUATION AT KU BAND FREQUENCIES AND ESTIMATION OF RAIN FADE MARGIN BY FADE MITIGATION TECHNIQUES', NULL, NULL, 1, 0, 'no', 'no', 0),
(248, 'Face Recognition Using TPNMF Algorithm', NULL, NULL, 1, 0, 'no', 'no', 0),
(249, 'copyright protection for relational databases', NULL, NULL, 1, 0, 'no', 'no', 0),
(251, 'Comparison of Unsupervised Arrhythmia Classification Techniques', NULL, NULL, 1, 0, 'no', 'no', 0),
(252, 'Routing in Intermittently Connected Mobile Ad Hoc Networks : Overview', NULL, NULL, 1, 0, 'no', 'no', 0),
(254, 'Comparison of Different Approaches for Removal of Baseline Wander from ECG Signal', NULL, NULL, 1, 0, 'no', 'no', 0),
(255, 'A Review on Gandhian Engineering', NULL, NULL, 1, 0, 'no', 'no', 0),
(256, 'MIS FOR BUSINESS EXCELLENCE', NULL, NULL, 1, 0, 'no', 'no', 0),
(257, 'EXPERIMENTAL INVESTIGATION OF HEAT TRANSFER DISTRIBUTION DUE TO IMPINGING SYNTHETIC JET', NULL, NULL, 1, 0, 'no', 'no', 0),
(259, 'A Study of Symmetrical Sector Cut Monopole Antenna with Notched Band for Ultra Wideband Wireless Applications', NULL, NULL, 1, 0, 'no', 'no', 0),
(260, 'Effect of Superstrates on the Resonant Frequency of a Circularly Polarized Nearly Circular Annular Ring Patch', NULL, NULL, 1, 0, 'no', 'no', 0),
(261, 'TEMPEST PROTECTION OF IT INFRASTRUCTURE', NULL, NULL, 1, 0, 'no', 'no', 0),
(262, 'STREAMING SERVER BASED ON RTSP', NULL, NULL, 1, 0, 'no', 'no', 0),
(263, 'Distributed Load Balancing Schemes over a Video on Demand(VoD) Systems', NULL, NULL, 1, 0, 'no', 'no', 0),
(264, 'Designing Efficient XML Web Services', NULL, NULL, 1, 0, 'no', 'no', 0),
(265, 'Robust Speaker Identification in Babble Noise', NULL, NULL, 1, 0, 'no', 'no', 0),
(266, 'Web Personalization by Assimilating Usage Data and Semantics Expressed In Ontology Terms', NULL, NULL, 1, 0, 'no', 'no', 0),
(267, 'ARCHITECTING AND IMPLEMENTING COMPETENCY MANAGEMENT SYSTEMS (CMS) FOR LARGE CORPORATE', NULL, NULL, 1, 0, 'no', 'no', 0),
(268, 'THE MEDICATION OF ALLERGIC RHINITIS USING AN ARTIFICIAL NEURAL NETWORK: A COMPARATIVE STUDY', NULL, NULL, 1, 0, 'no', 'no', 0),
(269, 'Fingerprint Matching using Sectorized Complex Walsh Plane in Transform Domain', NULL, NULL, 1, 0, 'no', 'no', 0),
(270, 'Advanced Biometrics Applications Ð Face recognition', NULL, NULL, 1, 0, 'no', 'no', 0),
(271, 'WEB USAGE MINING: APPLICATIONS AND PATTERN DISCOVERY', NULL, NULL, 1, 0, 'no', 'no', 0),
(272, 'Pre-processed Depth First Search', NULL, NULL, 1, 0, 'no', 'no', 0),
(273, 'Implementation Challenges of Spectrum Sensing Techniques for Cognitive Radio', NULL, NULL, 1, 0, 'no', 'no', 0),
(274, 'Cooperative WLAN Infrastructure for Enterprise Environment', NULL, NULL, 1, 0, 'no', 'no', 0),
(275, 'English to Sanskrit Machine Translation', NULL, NULL, 1, 0, 'no', 'no', 0),
(276, 'VLSI Based Industrial Security System', NULL, NULL, 1, 0, 'no', 'no', 0),
(277, 'Microcontroller based control of three phase induction motor using PWM technique', NULL, NULL, 1, 0, 'no', 'no', 0),
(278, 'Modern SCADA system and its use in Electrical Load dispatch', NULL, NULL, 1, 0, 'no', 'no', 0),
(279, 'Speech Recognition System using Euclidean distance', NULL, NULL, 1, 0, 'no', 'no', 0),
(280, 'Wireless transmission of electrical power-Overviewof recent research & development', NULL, NULL, 1, 0, 'no', 'no', 0),
(281, 'Determination of Energy Saving in Pumps in Parallel Optimal Operation System at Ravet Pumping Station ,Pune by Using Matlab and Variable Speed Drive.', NULL, NULL, 1, 0, 'no', 'no', 0),
(282, 'A CASE STUDY ON THE DISCRIMINATION OF IDENTICAL TWINS IN INDIA', NULL, NULL, 1, 0, 'no', 'no', 0),
(283, 'Disaster Recovery Planning with Virtualization in Banking Industry', NULL, NULL, 1, 0, 'no', 'no', 0),
(284, 'Cloud Computing and Its Applications', NULL, NULL, 1, 0, 'no', 'no', 0),
(285, 'Skin Segmentation Based Face Tracking Independent Of Lighting Conditions', NULL, NULL, 1, 0, 'no', 'no', 0),
(286, 'Real-time Face Recognition System with Dynamic Training and Enhanced Multi-Algorithm Face Recognition', NULL, NULL, 1, 0, 'no', 'no', 0),
(287, 'iCrux Ð An Artificially Intelligent Virtual Screen Technology', NULL, NULL, 1, 0, 'no', 'no', 0),
(288, 'Modeling and Controller Design of a Wind Energy Conversion system with Matrix Converter', NULL, NULL, 1, 0, 'no', 'no', 0),
(289, 'Touch-less Fingerprint Recognition System', NULL, NULL, 1, 0, 'no', 'no', 0),
(290, 'Ubiquitous Information Management System', NULL, NULL, 1, 0, 'no', 'no', 0),
(291, 'Image Processing for Real Time Traffic Control', NULL, NULL, 1, 0, 'no', 'no', 0),
(292, 'The NREE (Non-Repudiation and Element Encryption) layer: Overcoming the SSL ProtocolÕs Vulnerabilities.', NULL, NULL, 1, 0, 'no', 'no', 0),
(293, 'Trust Enhanced Routing amid Black Hole Attackers', NULL, NULL, 1, 0, 'no', 'no', 0),
(294, 'M-Cash Application', NULL, NULL, 1, 0, 'no', 'no', 0),
(295, 'Background Detection and Enhancement of Images Using Morphological Transformations', NULL, NULL, 1, 0, 'no', 'no', 0),
(296, 'simulation of noise cancellation using adaptive filter', NULL, NULL, 1, 0, 'no', 'no', 0),
(297, 'Speech Recognition System', NULL, NULL, 1, 0, 'no', 'no', 0),
(298, 'Rotation Invariant Content Based Image Retrieval', NULL, NULL, 1, 0, 'no', 'no', 0),
(299, 'Intelligent Sensor for CO emissions and Temperature Measurement in Power Station Boilers', NULL, NULL, 1, 0, 'no', 'no', 0),
(300, 'Secure data transmission using steganography based data hiding in TCP/IP', NULL, NULL, 1, 0, 'no', 'no', 0),
(301, 'GREEN Technology for Biodiesel Formation', NULL, NULL, 1, 0, 'no', 'no', 0),
(302, 'Outlier Detection and Visualization of Large Datasets', NULL, NULL, 1, 0, 'no', 'no', 0),
(303, 'A Survey of Resource Allocation and Load Balancing in Parallel Query Optimization', NULL, NULL, 1, 0, 'no', 'no', 0),
(304, 'Imapct of halo implantation on short channel effects', NULL, NULL, 1, 0, 'no', 'no', 0),
(305, 'Pitch Estimation using Autocorrelation Method and AMDF', NULL, NULL, 1, 0, 'no', 'no', 0),
(307, 'Configuring Hard Disk Drives on Nodes of a LAN to Improve Capacity and Efficiency of Network Storage', NULL, NULL, 1, 0, 'no', 'no', 0),
(308, 'COLOR AND TEXTURE FEATURS FOR CONTENT BASED IMAGE RETRIVAL SYSTEM', NULL, NULL, 1, 0, 'no', 'no', 0),
(309, 'Gaussian mixture model based Moving object detection from video sequence', NULL, NULL, 1, 0, 'no', 'no', 0),
(310, 'MACHINE LEARNING APPROACH FOR OBJECT RECOGNITION', NULL, NULL, 1, 0, 'no', 'no', 0),
(311, 'Illumination Invariant Moving Object Detection', NULL, NULL, 1, 0, 'no', 'no', 0),
(312, 'Finding Object categories in Image collections', NULL, NULL, 1, 0, 'no', 'no', 0),
(313, 'An Analysis on Performance Evaluation of DSR in Various Placement Environments', NULL, NULL, 1, 0, 'no', 'no', 0),
(314, 'FPGA Based Implementation of Decoding Architectures', NULL, NULL, 1, 0, 'no', 'no', 0),
(315, 'FPGA Implementation Of Multiplierless 5/3 Legall Discrete Wavelet Transform Using Lifting Approach', NULL, NULL, 1, 0, 'no', 'no', 0),
(316, 'First order sigma Delta modulator design using floating gate Integrator', NULL, NULL, 1, 0, 'no', 'no', 0),
(317, 'Blogging Website', NULL, NULL, 1, 0, 'no', 'no', 0),
(318, 'KS Ring Theoretic Approach for Matrix Multiplication', NULL, NULL, 1, 0, 'no', 'no', 0),
(319, 'Platonis: A Validation Platform for Protocols and Services', NULL, NULL, 1, 0, 'no', 'no', 0),
(320, 'Design of Hexagonal Multiplexer for Communication System', NULL, NULL, 1, 0, 'no', 'no', 0),
(321, 'Design of A Square Fractal antenna with Flare Angle', NULL, NULL, 1, 0, 'no', 'no', 0),
(322, 'Knowledge Management and Software Testing', NULL, NULL, 1, 0, 'no', 'no', 0),
(323, 'FPGA Implementation of Reed-Solomon Codes', NULL, NULL, 1, 0, 'no', 'no', 0),
(324, 'VOLTAGE SAG ANALYSIS WITH DISTRIBUTED GENERATION', NULL, NULL, 1, 0, 'no', 'no', 0),
(325, 'Tx-Policy: Transactional Policies for Reliable Web Service Composition', NULL, NULL, 1, 0, 'no', 'no', 0),
(326, 'AOMDV-APLP: An Enhanced Algorithm with Accessibility and Link Breakage Prediction', NULL, NULL, 1, 0, 'no', 'no', 0),
(327, 'Pattern Identification in Complex Data Using Principal Component Analysis', NULL, NULL, 1, 0, 'no', 'no', 0),
(328, 'Robotics Applications using Solar Power Storage and Utilization in Military Operations', NULL, NULL, 1, 0, 'no', 'no', 0),
(329, 'Off-Line Signature Verification Systems: A Survey', NULL, NULL, 1, 0, 'no', 'no', 0),
(330, 'A Novel and Optimal Video Replication Technique for Video-on-Demand Systems', NULL, NULL, 1, 0, 'no', 'no', 0),
(331, 'Optimized Carry Look-ahead BCD Adder Using Reversible Logic', NULL, NULL, 1, 0, 'no', 'no', 0),
(332, '"Preserving Image Features By Removing Noise Through Diffusion Filtering"', NULL, NULL, 1, 0, 'no', 'no', 0),
(333, 'A Comparative Analysis of Centralized and Distributed Dynamic Load Balancing Algorithms for Cluster Based Video-on-Demand Systems', NULL, NULL, 1, 0, 'no', 'no', 0),
(334, 'Precise Positioning Using GPS for Category-III Aircraft Operations Using Smoothed Pseudorange Measurements', NULL, NULL, 1, 0, 'no', 'no', 0),
(335, 'Vehicle Status Monitoring via GSM Modem Using PIC Microcontroller', NULL, NULL, 1, 0, 'no', 'no', 0),
(336, 'Performance Analysis of Accelerated MATLAB operations using GPGPU Technology.', NULL, NULL, 1, 0, 'no', 'no', 0),
(337, 'Optimization Techniques To Achieve a Low-Power Low-Phase-Noise QVCO for Wireless Applications', NULL, NULL, 1, 0, 'no', 'no', 0),
(338, 'Coaxially Feed inscribed Square Circular Multiband Antenna for Wireless Communication', NULL, NULL, 1, 0, 'no', 'no', 0),
(339, 'Low Power Folding and Interpolating ADC using Cascaded Folding Amplifier', NULL, NULL, 1, 0, 'no', 'no', 0),
(340, 'EPILEPSY DISORDER DETECTION BY EEG SIGNAL DECOMPOSITION USING WAVELET TRANSFORM', NULL, NULL, 1, 0, 'no', 'no', 0),
(341, 'Predicting Epileptic Seizure from MRI Using Fast Single Shot Proximal Support Vector Machine', NULL, NULL, 1, 0, 'no', 'no', 0),
(342, 'Implementation Of Round Robin Policy In DNS for Thresholding of Distributed Web Server System', NULL, NULL, 1, 0, 'no', 'no', 0),
(343, 'Performance Comparison of Microstrip Patch Antennas for UHF RFID Applications', NULL, NULL, 1, 0, 'no', 'no', 0),
(344, 'Performance analysis of a Multicarrier CDMA technique for 4G mobile communication systems', NULL, NULL, 1, 0, 'no', 'no', 0),
(345, 'Transform Based Face Recognition with Partial and Full Feature Vector using DCT and Walsh Transform', NULL, NULL, 1, 0, 'no', 'no', 0),
(346, 'Data Mining: Next Generation Challenges and Future Directions', NULL, NULL, 1, 0, 'no', 'no', 0),
(347, 'Indigenous Mote Design for Wireless Patient Monitoring Station', NULL, NULL, 1, 0, 'no', 'no', 0),
(348, 'Object Detection and Segmentation using Local and Global Property', NULL, NULL, 1, 0, 'no', 'no', 0),
(349, 'Wireless Data Assistance in Real time Environment using DSP processor', NULL, NULL, 1, 0, 'no', 'no', 0),
(350, 'DNA COMPUTING', NULL, NULL, 1, 0, 'no', 'no', 0),
(351, 'Contour based Object Tracking', NULL, NULL, 1, 0, 'no', 'no', 0),
(352, 'Latest Search Engine Optimization Techniques To increase websiteÕs ranking in search results', NULL, NULL, 1, 0, 'no', 'no', 0),
(353, 'Bayesian Networks in Probabilistic Relational Data Mining', NULL, NULL, 1, 0, 'no', 'no', 0),
(354, 'Current Trends in E-Learning', NULL, NULL, 1, 0, 'no', 'no', 0),
(355, 'Associative Classification in the Prediction of Tuberculosis', NULL, NULL, 1, 0, 'no', 'no', 0),
(356, 'A New Steganographic Approach using Sudoku', NULL, NULL, 1, 0, 'no', 'no', 0),
(357, 'Object Counting in Video Sequences', NULL, NULL, 1, 0, 'no', 'no', 0),
(358, 'Self Recoverable Block-wise Fragile Watermarking Scheme using Histogram Segmentation', NULL, NULL, 1, 0, 'no', 'no', 0),
(359, 'A Novel Pixel Based Color Transition Method for 2D Image Morphing', NULL, NULL, 1, 0, 'no', 'no', 0),
(360, 'FPGA implementation of digital down converter (DDC) with CIC filters for SDR applications', NULL, NULL, 1, 0, 'no', 'no', 0),
(361, 'A Multithreaded Based Load Balancing Framework for Video-on-Demand Systems', NULL, NULL, 1, 0, 'no', 'no', 0),
(362, 'On the Design of Embedded Matching Strip in Multilayered Annular Ring Antenna', NULL, NULL, 1, 0, 'no', 'no', 0),
(363, 'role of computer in global warming', NULL, NULL, 1, 0, 'no', 'no', 0),
(364, 'A SURVEY OF PRIVATE INFORMATION RETRIEVAL OF RELATIONAL DATABASES', NULL, NULL, 1, 0, 'no', 'no', 0),
(365, 'Tumor Demarcation of MRI Scan using KMCG Vector Quantization Algorithm', NULL, NULL, 1, 0, 'no', 'no', 0),
(366, 'Adaptive Neuro Fuzzy Inference System for the optimization of behaviour of fractal antenna', NULL, NULL, 1, 0, 'no', 'no', 0),
(367, 'An Analysis on Performance Evaluation of Routing Protocol in Mobile Adhoc Network', NULL, NULL, 1, 0, 'no', 'no', 0),
(368, 'A Qualitative-Quantitative Comparison of Image Motion Deblurring Algorithms', NULL, NULL, 1, 0, 'no', 'no', 0),
(369, 'Smart Non-conventional Power', NULL, NULL, 1, 0, 'no', 'no', 0),
(370, 'Investigation Of Parameters Of Liquid Crystal Mixtures', NULL, NULL, 1, 0, 'no', 'no', 0),
(371, 'Data Warehousing Techniques', NULL, NULL, 1, 0, 'no', 'no', 0),
(372, 'Role of ANN in Secured Wireless Multicast Routing during Dynamic Channel Allocation for user demanded packet optimality', NULL, NULL, 1, 0, 'no', 'no', 0),
(373, 'Escaping Difference Image Histogram Steganalysis', NULL, NULL, 1, 0, 'no', 'no', 0),
(374, 'Delay Evaluation for On-Chip RC Interconnects using Beta Distribution Function using Moment Matching Technique', NULL, NULL, 1, 0, 'no', 'no', 0),
(375, 'A Review on Intelligent Methods Used in Medicine and Life Science', NULL, NULL, 1, 0, 'no', 'no', 0),
(376, 'Cloud Computing and the Windows Azure Platform', NULL, NULL, 1, 0, 'no', 'no', 0),
(377, 'ETHICS OF PRIVACY PRESERVING IN DATA MINING- A SURVEY', NULL, NULL, 1, 0, 'no', 'no', 0),
(378, 'An approach to optimize Fuzzy Time-Interval Sequential Patterns using Multi-Objective Genetic Algorithm', NULL, NULL, 1, 0, 'no', 'no', 0),
(379, 'DESIGN OF DUAL BAND ANTENNA FOR WIRELESS COMMUNICATION (ISM BAND)', NULL, NULL, 1, 0, 'no', 'no', 0),
(380, 'Non - Invasive Detection and Treatment Methods on Tumor Growth in Body System', NULL, NULL, 1, 0, 'no', 'no', 0),
(381, 'Methodology for Implementation of Heterogeneous Distributed Database System', NULL, NULL, 1, 0, 'no', 'no', 0),
(382, 'Smart Search Engine Using Artificial Intelligence', NULL, NULL, 1, 0, 'no', 'no', 0),
(383, 'An Introduction to Remote Infrastructure Management Services', NULL, NULL, 1, 0, 'no', 'no', 0),
(384, 'Speaker Recognition with Statistical Analysis', NULL, NULL, 1, 0, 'no', 'no', 0),
(385, 'External Interrupt Verification for Microprocessor Design', NULL, NULL, 1, 0, 'no', 'no', 0),
(386, 'IRIS Recognition using Texture Features Extracted from Walshlet Pyramid', NULL, NULL, 1, 0, 'no', 'no', 0),
(387, 'Security Management System for Oilfield Based on Zigbee Wireless Communicatios', NULL, NULL, 1, 0, 'no', 'no', 0),
(388, 'The Role of Zigbee Technology in Future Wireless Communication System', NULL, NULL, 1, 0, 'no', 'no', 0),
(389, 'The Cassegrainian Reflector and Feed System Design', NULL, NULL, 1, 0, 'no', 'no', 0),
(390, 'Image stitching', NULL, NULL, 1, 0, 'no', 'no', 0),
(391, 'The Cassegrainian Reflector and Feed System Design', NULL, NULL, 1, 0, 'no', 'no', 0),
(392, 'Line Follower Robot using Partial Reconfiguration', NULL, NULL, 1, 0, 'no', 'no', 0),
(393, 'VLSI APPLICATION IN COMMUNICATION FOR IMPLEMENTATION OF FM RADIO RECEIVER', NULL, NULL, 1, 0, 'no', 'no', 0),
(394, 'Detection and Recognition of Mandatory and Cautionary Road Signals Using Unique Identifiable Features', NULL, NULL, 1, 0, 'no', 'no', 0),
(395, 'Review of IP Multimedia Subsystem (IMS)', NULL, NULL, 1, 0, 'no', 'no', 0),
(396, 'Decentralized Content Aware Load Balancing Algorithm for Distributed Computing Environments', NULL, NULL, 1, 0, 'no', 'no', 0),
(397, 'A Hierarchical Framework for Event Detection and Classification in Football Sports Video', NULL, NULL, 1, 0, 'no', 'no', 0),
(398, 'Novel 3D password for providing authentication in critical web applications', NULL, NULL, 1, 0, 'no', 'no', 0),
(399, 'Campus Connect: Innovative Teacher - Student Data Exchange Centre', NULL, NULL, 1, 0, 'no', 'no', 0),
(400, 'Design of a new algorithm for WAN Disconnection Emulation and Implementing it in WANem', NULL, NULL, 1, 0, 'no', 'no', 0),
(401, 'AUDIO-VIDEO SYNCHRONIZATION', NULL, NULL, 1, 0, 'no', 'no', 0),
(402, 'Efficient Low Bit Rate Video Compression Technique for Mobile Applications', NULL, NULL, 1, 0, 'no', 'no', 0),
(403, 'Accuracy comparison of Predictive algorithms of data Mining : Application in Education Sector', NULL, NULL, 1, 0, 'no', 'no', 0),
(404, 'Key Management in Secure Self Organized Wireless Sensor Network: A New Approach', NULL, NULL, 1, 0, 'no', 'no', 0),
(405, 'A Comparative Study of Signature based Indexes for Efficient Retrieval of Temporal Patterns', NULL, NULL, 1, 0, 'no', 'no', 0),
(406, 'Smart hospital using RFID and ZigBee technology', NULL, NULL, 1, 0, 'no', 'no', 0),
(407, 'Hypergeometric Distribution based Semantic Searching Technique', NULL, NULL, 1, 0, 'no', 'no', 0),
(408, 'Smart Devices by Reducing the Error Rate in Location Finding with GPS', NULL, NULL, 1, 0, 'no', 'no', 0),
(409, 'Video compression using H.264/MPEG 4 Advanced Video Coding', NULL, NULL, 1, 0, 'no', 'no', 0),
(410, 'TST : A Job Scheduling Algorithm in Computational Grid', NULL, NULL, 1, 0, 'no', 'no', 0),
(411, 'A contour based scheme for representing arbitrary shapes in digital images', NULL, NULL, 1, 0, 'no', 'no', 0),
(412, 'Interfaces in C#: A plug-and-play Architecture', NULL, NULL, 1, 0, 'no', 'no', 0),
(413, 'TRANSLATION MEMORY FOR INDIAN LANGUAGES: AN AID FOR HUMAN TRANSLATORS', NULL, NULL, 1, 0, 'no', 'no', 0),
(414, 'PRECISION FARMING AUTOMATION TOOLKIT', NULL, NULL, 1, 0, 'no', 'no', 0),
(415, 'Math Word Question Generation for Training the Students with Learning Difficulties', NULL, NULL, 1, 0, 'no', 'no', 0),
(416, 'Performance Analysis of FSR and ZRP Routing Protocols for MANET', NULL, NULL, 1, 0, 'no', 'no', 0),
(417, 'Ontology Development for Health Care in India', NULL, NULL, 1, 0, 'no', 'no', 0),
(418, 'Proactive Performance Testing using SQL Performance Assurance Services (SQL-PASS)', NULL, NULL, 1, 0, 'no', 'no', 0),
(419, 'Resource Management in Wireless Communication using Particle Swarm Optimization', NULL, NULL, 1, 0, 'no', 'no', 0),
(420, 'Interior Designing using Virtual Reality', NULL, NULL, 1, 0, 'no', 'no', 0),
(421, 'A Survey of XQuery:An XML Query Language', NULL, NULL, 1, 0, 'no', 'no', 0),
(422, 'Optimization of load balancing algorithm for Green IT', NULL, NULL, 1, 0, 'no', 'no', 0),
(423, 'Cooperative ARQ Techniques for Wireless Networks', NULL, NULL, 1, 0, 'no', 'no', 0),
(424, 'Software Defect Prediction using Data Mining for Embedded Software', NULL, NULL, 1, 0, 'no', 'no', 0),
(425, 'A Comparative Analysis of Ajax, Struts and Spring', NULL, NULL, 1, 0, 'no', 'no', 0),
(426, 'Obtaining Patterns for Identification of Power Quality Disturbances Using Continuous Wavelet Transform', NULL, NULL, 1, 0, 'no', 'no', 0),
(427, 'Software Complexity Analysis at Architectural Level', NULL, NULL, 1, 0, 'no', 'no', 0),
(428, 'Emotion Recognition through Facial Expression Analysis Using Neuro Fuzzy System', NULL, NULL, 1, 0, 'no', 'no', 0),
(429, 'Intelligent EducatorÕs Feedback Through Expression Recognition', NULL, NULL, 1, 0, 'no', 'no', 0),
(430, 'Marker Gene Selection for Sample Classification Using a New MST Based Clustering Algorithm', NULL, NULL, 1, 0, 'no', 'no', 0),
(431, 'Mathematical modeling of photovoltaic panel & its utilization for Maximum Power Point Tracking using Fuzzy Logic Controller.', NULL, NULL, 1, 0, 'no', 'no', 0),
(432, 'dwt dct svd watermarking', NULL, NULL, 1, 0, 'no', 'no', 0),
(433, 'Design and Development of a Novel Mobile Electronic-Nose for Fungi in North-Eastern Region of India', NULL, NULL, 1, 0, 'no', 'no', 0),
(434, 'Promoting Business Decision Making In Networking through Group Decision Support System', NULL, NULL, 1, 0, 'no', 'no', 0),
(435, 'ACCESSING EMAILS USING SMS', NULL, NULL, 1, 0, 'no', 'no', 0),
(436, 'i-Bio software', NULL, NULL, 1, 0, 'no', 'no', 0),
(437, 'Implementation of AES for Low Bit Rate Video', NULL, NULL, 1, 0, 'no', 'no', 0),
(438, 'Solar Windows', NULL, NULL, 1, 0, 'no', 'no', 0),
(440, 'Playfully Teaching Artificial Intelligence by Implementing Games to undergraduates', NULL, NULL, 1, 0, 'no', 'no', 0),
(441, 'QUALITY MEASUREMNET OF MODULARIZED OBJECT ORIENTED SOFTWARE USING METRICS', NULL, NULL, 1, 0, 'no', 'no', 0),
(442, 'Fuzzy Priority Scheduler for WiMAX with Improved QoS', NULL, NULL, 1, 0, 'no', 'no', 0),
(443, 'DCT-Based Unique Normalized Feature Images using Mahalanobis Distance for Face Recognition', NULL, NULL, 1, 0, 'no', 'no', 0),
(444, 'Review of Steganographic Techniques', NULL, NULL, 1, 0, 'no', 'no', 0),
(445, 'Design and Analysis of low speed Permanent Magnet Generator for direct drive wind energy Systems', NULL, NULL, 1, 0, 'no', 'no', 0),
(446, 'SOCIETY AUTOMATION AND MANAGEMENT SYSTEM', NULL, NULL, 1, 0, 'no', 'no', 0),
(447, 'NEWS PERSONALIZATION USING ENHANCED TERM Ð DOCUMENT FREQUENCY (ETF-IDF) CLASSIFICATION METHOD', NULL, NULL, 1, 0, 'no', 'no', 0),
(448, 'Lean in Software Development', NULL, NULL, 1, 0, 'no', 'no', 0),
(449, 'ENCRYPTION DECRYPTION ALGORITHM FOR M-COMMERCE', NULL, NULL, 1, 0, 'no', 'no', 0),
(450, 'Modified Folded Dipole Antenna', NULL, NULL, 1, 0, 'no', 'no', 0),
(451, 'Designing and Implementing A Computer Interactive Network Embedded System For Monitoring and Controlling of Humidity and Temperature For Using in a Green House', NULL, NULL, 1, 0, 'no', 'no', 0),
(452, 'ENCRYPTION DECRYPTION ALGORITHM FOR M-COMMERCE', NULL, NULL, 1, 0, 'no', 'no', 0),
(453, 'QUERY OPTIMIZATION FOR MOBILE COMMERCE', NULL, NULL, 1, 0, 'no', 'no', 0),
(454, 'A Analytical Model for Potential Distribution of Fully Depleted SOI MESFET Considering Short Channel Effects', NULL, NULL, 1, 0, 'no', 'no', 0),
(455, 'Context Aware Recommender System', NULL, NULL, 1, 0, 'no', 'no', 0),
(456, 'Optimization of Kernel Space and User Space Using NLT', NULL, NULL, 1, 0, 'no', 'no', 0),
(457, 'An Efficient Password Authenticated Key Exchange Protocol for WLAN and WIMAX', NULL, NULL, 1, 0, 'no', 'no', 0),
(458, 'A Generic Filter Driver for file Classification in Linux', NULL, NULL, 1, 0, 'no', 'no', 0),
(459, 'Investigating the Impact of WLAN on Video Streaming Over Bluetooth', NULL, NULL, 1, 0, 'no', 'no', 0),
(460, 'An Ontology Based Linguistic Infrastructure to Represent Software Risk Identification Knowledge', NULL, NULL, 1, 0, 'no', 'no', 0),
(461, 'IEEE802.16g-An Overview of Architectural and Security Consideration', NULL, NULL, 1, 0, 'no', 'no', 0),
(462, 'GPS Locator: An Application for Location Tracking and Sharing using GPS for Java Enabled Handhelds', NULL, NULL, 1, 0, 'no', 'no', 0),
(463, 'DECODING TECHNIQUES OF LDPC CODES', NULL, NULL, 1, 0, 'no', 'no', 0),
(464, 'Vehicular Communication Network Inter Vehicular Communication of the Near Future', NULL, NULL, 1, 0, 'no', 'no', 0),
(465, 'Impletation of AES Algorithm on ARM', NULL, NULL, 1, 0, 'no', 'no', 0),
(466, 'Mobi-Browser With Remote Video Streaming', NULL, NULL, 1, 0, 'no', 'no', 0),
(467, 'Wireless Monitoring of Physiological parameters', NULL, NULL, 1, 0, 'no', 'no', 0),
(468, 'SPREAD TRANSFORM BASED SEGMENTED WATERMARKING USING MULTIRESOLUTION WAVELET DECOMPOSITION', NULL, NULL, 1, 0, 'no', 'no', 0),
(469, 'Implementation of Particle Swarm Optimization Based Methodology for Node Placement in Wireless Sensor Networks', NULL, NULL, 1, 0, 'no', 'no', 0),
(470, 'Digital Image and Video Watermarking :Algorithms and Evaluations', NULL, NULL, 1, 0, 'no', 'no', 0),
(471, 'Knowledge Discovery and Information Retrieval', NULL, NULL, 1, 0, 'no', 'no', 0),
(472, 'Secured Access using fingerprint Detection', NULL, NULL, 1, 0, 'no', 'no', 0),
(473, 'Web Encyclopaedia Application: Implementation through Ajax', NULL, NULL, 1, 0, 'no', 'no', 0),
(474, 'Representation and Pre-processing Techniques for Illumination Invariant 3D Face Recognition', NULL, NULL, 1, 0, 'no', 'no', 0),
(475, 'Mobile Sniffer for GSM Mobiles', NULL, NULL, 1, 0, 'no', 'no', 0),
(476, 'GTalknroid: Chat Client for Android Based Mobile Phones', NULL, NULL, 1, 0, 'no', 'no', 0),
(477, 'Multi-Resolution Segmentation of High-Resolution Remotely Sensed Imagery using Marker-Controlled Watershed Transform', NULL, NULL, 1, 0, 'no', 'no', 0),
(478, 'Neo Browser: Java Based Web Browser for Mobile Phones', NULL, NULL, 1, 0, 'no', 'no', 0),
(479, 'FPGA Implementation & Comparison of Current Trends in Memory Scheduler for DSP Application', NULL, NULL, 1, 0, 'no', 'no', 0);

-- --------------------------------------------------------

--
-- Table structure for table `payments`
--

CREATE TABLE IF NOT EXISTS `payments` (
  `id` int(10) unsigned NOT NULL AUTO_INCREMENT,
  `author_id` int(10) unsigned NOT NULL,
  `paper_id` int(10) unsigned NOT NULL,
  `total` int(11) DEFAULT NULL,
  `remaining` int(11) DEFAULT NULL,
  `details` text,
  PRIMARY KEY (`id`,`author_id`,`paper_id`),
  UNIQUE KEY `author_paper_authors_id_UNIQUE` (`author_id`),
  UNIQUE KEY `author_paper_paper_id_UNIQUE` (`paper_id`),
  KEY `fk_payments_author_paper1` (`author_id`,`paper_id`)
) ENGINE=InnoDB DEFAULT CHARSET=latin1 AUTO_INCREMENT=1 ;

--
-- Dumping data for table `payments`
--


-- --------------------------------------------------------

--
-- Table structure for table `tracks`
--

CREATE TABLE IF NOT EXISTS `tracks` (
  `id` int(10) unsigned NOT NULL AUTO_INCREMENT,
  `name` varchar(45) DEFAULT NULL,
  `managers_id` int(10) unsigned NOT NULL,
  PRIMARY KEY (`id`,`managers_id`),
  KEY `fk_tracks_managers1` (`managers_id`)
) ENGINE=InnoDB  DEFAULT CHARSET=latin1 AUTO_INCREMENT=18 ;

--
-- Dumping data for table `tracks`
--

INSERT INTO `tracks` (`id`, `name`, `managers_id`) VALUES
(1, 'Intelligent Systems', 9),
(2, 'Communication Engineering', 8),
(3, 'Advanced Computer Application', 6),
(4, 'Database Engineering', 2),
(5, 'Biomedical, Bio-Informatics & Biotechnology', 9),
(6, 'Electronic, Microwave Devices & Circuits', 6),
(14, 'Green Technology & Environmental Science', 9),
(15, 'Software Engineering', 9),
(16, 'Algorithms', 9),
(17, 'Embedded Systems and Applications ', 9);

-- --------------------------------------------------------

--
-- Table structure for table `users`
--

CREATE TABLE IF NOT EXISTS `users` (
  `id` int(10) unsigned NOT NULL AUTO_INCREMENT,
  `username` varchar(100) DEFAULT NULL,
  `password` varchar(256) DEFAULT NULL,
  `name` varchar(250) DEFAULT NULL,
  `email` varchar(300) NOT NULL,
  `home_institute` tinyint(1) NOT NULL DEFAULT '0',
  `phone` varchar(12) NOT NULL,
  `street` varchar(300) NOT NULL,
  `city` varchar(50) NOT NULL,
  `pincode` varchar(10) NOT NULL,
  `state` varchar(50) NOT NULL,
  `country` varchar(50) NOT NULL,
  `status` enum('active','deactived') NOT NULL,
  `registered` enum('yes','no') NOT NULL,
  `amount` int(11) NOT NULL,
  `extra` int(11) NOT NULL,
  PRIMARY KEY (`id`),
  UNIQUE KEY `name_UNIQUE` (`name`),
  UNIQUE KEY `username` (`username`)
) ENGINE=InnoDB  DEFAULT CHARSET=latin1 AUTO_INCREMENT=912 ;

--
-- Dumping data for table `users`
--

INSERT INTO `users` (`id`, `username`, `password`, `name`, `email`, `home_institute`, `phone`, `street`, `city`, `pincode`, `state`, `country`, `status`, `registered`, `amount`, `extra`) VALUES
(1, 'admin', '2783cc934301698bf1abf85e693f46445f4def40', 'Administrator', '', 0, '', '', '', '', '', '', 'active', 'yes', 0, 0),
(2, 'manager', '56e5f73ca475381791b107483a4d578a38c93c18', 'Manager', '', 0, '', '', '', '', '', '', 'active', 'yes', 0, 0),
(3, 'entry', '230eb2bdf770ab658a74b7b35f88508ee6844703', 'Entry', '', 0, '', '', '', '', '', '', 'active', 'yes', 0, 0),
(4, 'author', '65cb0d6c2e090e6f68305eea9b376b2595174ff0', 'Author', 'dhruvbaldawa@gmail.com', 1, '9323321233', '10/85,Unnat Nagar-1,Goregaon(W)', 'Mumbai', '400062', 'Maharashtra', 'India', 'active', 'yes', 0, 0),
(5, 'chairperson', '56625fa95bb4d15cfe294da2df8c28f0d2692619', 'Chairperson', '', 0, '', '', '', '', '', '', 'active', 'yes', 0, 0),
(6, 'author1', '65cb0d6c2e090e6f68305eea9b376b2595174ff0', 'Author 1', 'dhruvbaldawa@gmail.com', 0, '9323321233', '10/85,Unnat Nagar-1,Goregaon(W)', 'Mumbai', '400062', 'Maharashtra', 'India', 'active', 'yes', 0, 0),
(7, 'author2', '65cb0d6c2e090e6f68305eea9b376b2595174ff0', 'Author 2', 'dhruvbaldawa@gmail.com', 0, '9323321233', '10/85,Unnat Nagar-1,Goregaon(W)', 'Mumbai', '400062', 'Maharashtra', 'India', 'active', 'yes', 0, 0),
(8, 'author3', '65cb0d6c2e090e6f68305eea9b376b2595174ff0', 'Author 3', 'dhruvbaldawa@gmail.com', 0, '9323321233', '10/85,Unnat Nagar-1,Goregaon(W)', 'Mumbai', '400062', 'Maharashtra', 'India', 'active', 'yes', 0, 0),
(9, 'author4', '65cb0d6c2e090e6f68305eea9b376b2595174ff0', 'Author 4', 'dhruvbaldawa@gmail.com', 0, '9323321233', '10/85,Unnat Nagar-1,Goregaon(W)', 'Mumbai', '400062', 'Maharashtra', 'India', 'active', 'yes', 0, 0),
(10, 'author5', '65cb0d6c2e090e6f68305eea9b376b2595174ff0', 'Author 5', 'dhruvbaldawa@gmail.com', 0, '9323321233', '10/85,Unnat Nagar-1,Goregaon(W)', 'Mumbai', '400062', 'Maharashtra', 'India', 'active', 'yes', 0, 0),
(11, 'tcet', '29a175de1b4793adedcc5f549498a339f6f95d27', 'Rekha', 'tcet', 1, 'tcettcet', 'tcet', 'tcet', 'tcet', 'tcet', 'tcet', 'active', 'yes', 0, 0),
(12, 'asd', '8e9da39067b733e9cd252e6adc93f665b3084b5b', 'zc', '1', 1, '1', '1', '1', '1', '1', '1', 'active', 'yes', 0, 0),
(13, 'a', 'eebe457be2d0a33914e98cbf215e72c8a9af6b79', 'a', 'a', 0, 'a', 'a', 'a', 'a', 'a', 'a', 'active', 'yes', 0, 0),
(14, NULL, NULL, 'Kishor Honwadkar', '', 0, '', '', '', '', '', '', 'active', 'yes', 0, 0),
(15, NULL, NULL, 'Anirban Mitra', '', 0, '', '', '', '', '', '', 'active', 'yes', 0, 0),
(16, NULL, NULL, 'David Solomon Raju', '', 0, '', '', '', '', '', '', 'active', 'yes', 0, 0),
(17, NULL, NULL, 'Dwarkoba Gaikwad', '', 0, '', '', '', '', '', '', 'active', 'yes', 0, 0),
(18, NULL, NULL, 'Seema Shah', '', 0, '', '', '', '', '', '', 'active', 'yes', 0, 0),
(19, NULL, NULL, 'Indraneel Mukhopadhyay', '', 0, '', '', '', '', '', '', 'active', 'yes', 0, 0),
(20, NULL, NULL, 'Subrajeet Mohapatra', '', 0, '', '', '', '', '', '', 'active', 'yes', 0, 0),
(21, NULL, NULL, 'Sonali Bhadoria', '', 0, '', '', '', '', '', '', 'active', 'yes', 0, 0),
(22, NULL, NULL, 'Kriti Gupta', '', 0, '', '', '', '', '', '', 'active', 'yes', 0, 0),
(23, NULL, NULL, 'Mahendra Mehra', '', 0, '', '', '', '', '', '', 'active', 'yes', 0, 0),
(24, NULL, NULL, 'Mayank Agarwal', '', 0, '', '', '', '', '', '', 'active', 'yes', 0, 0),
(25, NULL, NULL, 'Shamal Firake', '', 0, '', '', '', '', '', '', 'active', 'yes', 0, 0),
(26, NULL, NULL, 'Sneha Patil', '', 0, '', '', '', '', '', '', 'active', 'yes', 0, 0),
(27, NULL, NULL, 'Amit Prakash', '', 0, '', '', '', '', '', '', 'active', 'yes', 0, 0),
(28, NULL, NULL, 'Tamilkodi Ramachandran', '', 0, '', '', '', '', '', '', 'active', 'yes', 0, 0),
(29, NULL, NULL, 'Anita Borkar', '', 0, '', '', '', '', '', '', 'active', 'yes', 0, 0),
(30, NULL, NULL, 'Vidya Hulsure', '', 0, '', '', '', '', '', '', 'active', 'yes', 0, 0),
(31, NULL, NULL, 'Sanjay Waykar', '', 0, '', '', '', '', '', '', 'active', 'yes', 0, 0),
(32, NULL, NULL, 'Perminder Kaur', '', 0, '', '', '', '', '', '', 'active', 'yes', 0, 0),
(33, NULL, NULL, 'Abdul Rahiman M', '', 0, '', '', '', '', '', '', 'active', 'yes', 0, 0),
(34, NULL, NULL, 'Asha Rawat', '', 0, '', '', '', '', '', '', 'active', 'yes', 0, 0),
(35, NULL, NULL, 'Janhavi Baikerikar', '', 0, '', '', '', '', '', '', 'active', 'yes', 0, 0),
(36, NULL, NULL, 'H.B. Kekre', '', 0, '', '', '', '', '', '', 'active', 'yes', 0, 0),
(37, NULL, NULL, 'Kavita Jain', '', 0, '', '', '', '', '', '', 'active', 'yes', 0, 0),
(38, NULL, NULL, 'Madhuparna Chakraborty', '', 0, '', '', '', '', '', '', 'active', 'yes', 0, 0),
(39, NULL, NULL, 'Shruti Jain', '', 0, '', '', '', '', '', '', 'active', 'yes', 0, 0),
(40, NULL, NULL, 'Mr.Shivanand Konade', '', 0, '', '', '', '', '', '', 'active', 'yes', 0, 0),
(41, NULL, NULL, 'Gajanan Dhok', '', 0, '', '', '', '', '', '', 'active', 'yes', 0, 0),
(42, NULL, NULL, 'Usha Sharma', '', 0, '', '', '', '', '', '', 'active', 'yes', 0, 0),
(43, NULL, NULL, 'Tilottama Dhake', '', 0, '', '', '', '', '', '', 'active', 'yes', 0, 0),
(44, NULL, NULL, 'Mr.Arun Kachare', '', 0, '', '', '', '', '', '', 'active', 'yes', 0, 0),
(45, NULL, NULL, 'Praveen Malik', '', 0, '', '', '', '', '', '', 'active', 'yes', 0, 0),
(46, NULL, NULL, 'Rakhi Muley', '', 0, '', '', '', '', '', '', 'active', 'yes', 0, 0),
(47, NULL, NULL, 'Anita Purushotham', '', 0, '', '', '', '', '', '', 'active', 'yes', 0, 0),
(48, NULL, NULL, 'Umesh Kulkarni', '', 0, '', '', '', '', '', '', 'active', 'yes', 0, 0),
(49, NULL, NULL, 'Sheetal Jagtap', '', 0, '', '', '', '', '', '', 'active', 'yes', 0, 0),
(50, NULL, NULL, 'Anil Hingmire', '', 0, '', '', '', '', '', '', 'active', 'yes', 0, 0),
(51, NULL, NULL, 'Gnana Jayanthi Joshi', '', 0, '', '', '', '', '', '', 'active', 'yes', 0, 0),
(52, NULL, NULL, 'Nandkishor Karlekar', '', 0, '', '', '', '', '', '', 'active', 'yes', 0, 0),
(53, NULL, NULL, 'Ibrahim Patel', '', 0, '', '', '', '', '', '', 'active', 'yes', 0, 0),
(54, NULL, NULL, 'Jyothi Digge', '', 0, '', '', '', '', '', '', 'active', 'yes', 0, 0),
(55, NULL, NULL, 'Suresh Limkar', '', 0, '', '', '', '', '', '', 'active', 'yes', 0, 0),
(56, NULL, NULL, 'Pankaj Agarkar', '', 0, '', '', '', '', '', '', 'active', 'yes', 0, 0),
(57, NULL, NULL, 'Prachitee Shekhawat', '', 0, '', '', '', '', '', '', 'active', 'yes', 0, 0),
(58, NULL, NULL, 'Swati Mali', '', 0, '', '', '', '', '', '', 'active', 'yes', 0, 0),
(59, NULL, NULL, 'Smita Dange', '', 0, '', '', '', '', '', '', 'active', 'yes', 0, 0),
(60, NULL, NULL, 'Sunita Mahajan', '', 0, '', '', '', '', '', '', 'active', 'yes', 0, 0),
(61, NULL, NULL, 'Dr. B. K. Mishra', '', 0, '', '', '', '', '', '', 'active', 'yes', 0, 0),
(62, NULL, NULL, 'Vinitkumar Dongre', '', 0, '', '', '', '', '', '', 'active', 'yes', 0, 0),
(63, NULL, NULL, 'Tusharika Sinha Banerjee', '', 0, '', '', '', '', '', '', 'active', 'yes', 0, 0),
(64, NULL, NULL, 'Ketki Deshmukh', '', 0, '', '', '', '', '', '', 'active', 'yes', 0, 0),
(65, NULL, NULL, 'Sonali Nade', '', 0, '', '', '', '', '', '', 'active', 'yes', 0, 0),
(66, NULL, NULL, 'Divya Patil', '', 0, '', '', '', '', '', '', 'active', 'yes', 0, 0),
(67, NULL, NULL, 'Mondit Mahanta', '', 0, '', '', '', '', '', '', 'active', 'yes', 0, 0),
(68, NULL, NULL, 'Rajib Kar', '', 0, '', '', '', '', '', '', 'active', 'yes', 0, 0),
(69, NULL, NULL, 'Adil Siddiqui', '', 0, '', '', '', '', '', '', 'active', 'yes', 0, 0),
(70, NULL, NULL, 'Amisha Naik', '', 0, '', '', '', '', '', '', 'active', 'yes', 0, 0),
(71, NULL, NULL, 'Arivazhagan Perumal', '', 0, '', '', '', '', '', '', 'active', 'yes', 0, 0),
(72, NULL, NULL, 'Subha Subramaniam', '', 0, '', '', '', '', '', '', 'active', 'yes', 0, 0),
(73, NULL, NULL, 'Suggala Ram Prasad', '', 0, '', '', '', '', '', '', 'active', 'yes', 0, 0),
(74, NULL, NULL, 'Nishath Anjum', '', 0, '', '', '', '', '', '', 'active', 'yes', 0, 0),
(75, NULL, NULL, 'Ajitha S', '', 0, '', '', '', '', '', '', 'active', 'yes', 0, 0),
(76, NULL, NULL, 'Mahesh Babu Basam', '', 0, '', '', '', '', '', '', 'active', 'yes', 0, 0),
(77, NULL, NULL, 'Deepthi Janyavula', '', 0, '', '', '', '', '', '', 'active', 'yes', 0, 0),
(78, NULL, NULL, 'Kamal Raj', '', 0, '', '', '', '', '', '', 'active', 'yes', 0, 0),
(79, NULL, NULL, 'Nilima Zade', '', 0, '', '', '', '', '', '', 'active', 'yes', 0, 0),
(80, NULL, NULL, 'uthra R', '', 0, '', '', '', '', '', '', 'active', 'yes', 0, 0),
(81, NULL, NULL, 'Yogi Joshi', '', 0, '', '', '', '', '', '', 'active', 'yes', 0, 0),
(82, NULL, NULL, 'Ujwalla Gawande', '', 0, '', '', '', '', '', '', 'active', 'yes', 0, 0),
(83, NULL, NULL, 'Sonali Jadhav', '', 0, '', '', '', '', '', '', 'active', 'yes', 0, 0),
(84, NULL, NULL, 'Pallavi Mhatre', '', 0, '', '', '', '', '', '', 'active', 'yes', 0, 0),
(85, NULL, NULL, 'Sunita Patil', '', 0, '', '', '', '', '', '', 'active', 'yes', 0, 0),
(86, NULL, NULL, 'Mr.Vilas Moon', '', 0, '', '', '', '', '', '', 'active', 'yes', 0, 0),
(87, NULL, NULL, 'Pankaj Mudholkar', '', 0, '', '', '', '', '', '', 'active', 'yes', 0, 0),
(88, NULL, NULL, 'Dr. T. R. Sontakke', '', 0, '', '', '', '', '', '', 'active', 'yes', 0, 0),
(89, NULL, NULL, 'Arjun Chandran', '', 0, '', '', '', '', '', '', 'active', 'yes', 0, 0),
(90, NULL, NULL, 'Krishna Reddy', '', 0, '', '', '', '', '', '', 'active', 'yes', 0, 0),
(91, NULL, NULL, 'Prashant Abyhan', '', 0, '', '', '', '', '', '', 'active', 'yes', 0, 0),
(92, NULL, NULL, 'Swarna Kumary', '', 0, '', '', '', '', '', '', 'active', 'yes', 0, 0),
(93, NULL, NULL, 'Prasanna Kr Reddy', '', 0, '', '', '', '', '', '', 'active', 'yes', 0, 0),
(94, NULL, NULL, 'Mohuya Chakraborty', '', 0, '', '', '', '', '', '', 'active', 'yes', 0, 0),
(95, NULL, NULL, 'Dipti Patra', '', 0, '', '', '', '', '', '', 'active', 'yes', 0, 0),
(96, NULL, NULL, 'Swarna Kumary K', '', 0, '', '', '', '', '', '', 'active', 'yes', 0, 0),
(97, NULL, NULL, 'Pravin Soni', '', 0, '', '', '', '', '', '', 'active', 'yes', 0, 0),
(98, NULL, NULL, 'Rohini Sonawane', '', 0, '', '', '', '', '', '', 'active', 'yes', 0, 0),
(99, NULL, NULL, 'Valli Madhavi', '', 0, '', '', '', '', '', '', 'active', 'yes', 0, 0),
(100, NULL, NULL, 'Akshaya Salunke', '', 0, '', '', '', '', '', '', 'active', 'yes', 0, 0),
(101, NULL, NULL, 'Swapnil Gamare', '', 0, '', '', '', '', '', '', 'active', 'yes', 0, 0),
(102, NULL, NULL, 'Dhavleesh Rattan', '', 0, '', '', '', '', '', '', 'active', 'yes', 0, 0),
(103, NULL, NULL, 'Dhirendra Mishra', '', 0, '', '', '', '', '', '', 'active', 'yes', 0, 0),
(104, NULL, NULL, 'Varsha Wangikar', '', 0, '', '', '', '', '', '', 'active', 'yes', 0, 0),
(105, NULL, NULL, 'Ravinder Nath', '', 0, '', '', '', '', '', '', 'active', 'yes', 0, 0),
(106, NULL, NULL, 'Pradeep Naik', '', 0, '', '', '', '', '', '', 'active', 'yes', 0, 0),
(107, NULL, NULL, 'Prof.Mrs.Shashi Prabha', '', 0, '', '', '', '', '', '', 'active', 'yes', 0, 0),
(108, NULL, NULL, 'S.A Ladhake', '', 0, '', '', '', '', '', '', 'active', 'yes', 0, 0),
(109, NULL, NULL, 'G.N. Purohit', '', 0, '', '', '', '', '', '', 'active', 'yes', 0, 0),
(110, NULL, NULL, 'R D Patane', '', 0, '', '', '', '', '', '', 'active', 'yes', 0, 0),
(111, NULL, NULL, 'Mr.R.D. Patane', '', 0, '', '', '', '', '', '', 'active', 'yes', 0, 0),
(112, NULL, NULL, 'Madhumita Chatterjee', '', 0, '', '', '', '', '', '', 'active', 'yes', 0, 0),
(113, NULL, NULL, 'Prachi Dhannawat', '', 0, '', '', '', '', '', '', 'active', 'yes', 0, 0),
(114, NULL, NULL, 'Shrihari Joshi', '', 0, '', '', '', '', '', '', 'active', 'yes', 0, 0),
(115, NULL, NULL, 'Nilkantha Killarikar', '', 0, '', '', '', '', '', '', 'active', 'yes', 0, 0),
(116, NULL, NULL, 'Dada Ingle', '', 0, '', '', '', '', '', '', 'active', 'yes', 0, 0),
(117, NULL, NULL, 'Piyush Chavan', '', 0, '', '', '', '', '', '', 'active', 'yes', 0, 0),
(118, NULL, NULL, 'Dr.Y.Srinivasa Rao', '', 0, '', '', '', '', '', '', 'active', 'yes', 0, 0),
(119, NULL, NULL, 'Santosh.K Narayankhedkar', '', 0, '', '', '', '', '', '', 'active', 'yes', 0, 0),
(120, NULL, NULL, 'Rakesh Kumar Jha', '', 0, '', '', '', '', '', '', 'active', 'yes', 0, 0),
(121, NULL, NULL, 'Sanjay Talbar', '', 0, '', '', '', '', '', '', 'active', 'yes', 0, 0),
(122, NULL, NULL, 'Prof. Sheetal S. Dhande', '', 0, '', '', '', '', '', '', 'active', 'yes', 0, 0),
(123, NULL, NULL, 'Bandu Meshram', '', 0, '', '', '', '', '', '', 'active', 'yes', 0, 0),
(124, NULL, NULL, 'B B Meshram', '', 0, '', '', '', '', '', '', 'active', 'yes', 0, 0),
(125, NULL, NULL, 'Vaibhav Chunekar', '', 0, '', '', '', '', '', '', 'active', 'yes', 0, 0),
(126, NULL, NULL, 'Vaishali Jadhav', '', 0, '', '', '', '', '', '', 'active', 'yes', 0, 0),
(127, NULL, NULL, 'Lochan Jolly', '', 0, '', '', '', '', '', '', 'active', 'yes', 0, 0),
(128, NULL, NULL, 'Brij Kishore Mishra', '', 0, '', '', '', '', '', '', 'active', 'yes', 0, 0),
(129, NULL, NULL, 'Chorosree Roychoudhury', '', 0, '', '', '', '', '', '', 'active', 'yes', 0, 0),
(130, NULL, NULL, 'Dr. A. K. Bhattacharjee', '', 0, '', '', '', '', '', '', 'active', 'yes', 0, 0),
(131, NULL, NULL, 'Mayuri Tambekar', '', 0, '', '', '', '', '', '', 'active', 'yes', 0, 0),
(132, NULL, NULL, 'Vibha Menon', '', 0, '', '', '', '', '', '', 'active', 'yes', 0, 0),
(133, NULL, NULL, 'Papeeya Phukan', '', 0, '', '', '', '', '', '', 'active', 'yes', 0, 0),
(134, NULL, NULL, 'Vikas Maheshwari', '', 0, '', '', '', '', '', '', 'active', 'yes', 0, 0),
(135, NULL, NULL, 'Meenakshi Sharma', '', 0, '', '', '', '', '', '', 'active', 'yes', 0, 0),
(136, NULL, NULL, 'Niranjan Devashrayee', '', 0, '', '', '', '', '', '', 'active', 'yes', 0, 0),
(137, NULL, NULL, 'Tarun Kanti Bhattacharyya', '', 0, '', '', '', '', '', '', 'active', 'yes', 0, 0),
(138, NULL, NULL, 'Hiranmoy Saha', '', 0, '', '', '', '', '', '', 'active', 'yes', 0, 0),
(139, NULL, NULL, 'Biplob Mondal', '', 0, '', '', '', '', '', '', 'active', 'yes', 0, 0),
(140, NULL, NULL, 'Kalaiarasi N', '', 0, '', '', '', '', '', '', 'active', 'yes', 0, 0),
(141, NULL, NULL, 'Ajitha Sakthees', '', 0, '', '', '', '', '', '', 'active', 'yes', 0, 0),
(142, NULL, NULL, 'Saxena Satyendra', '', 0, '', '', '', '', '', '', 'active', 'yes', 0, 0),
(143, NULL, NULL, 'Sachin Bojewar', '', 0, '', '', '', '', '', '', 'active', 'yes', 0, 0),
(144, NULL, NULL, 'Abhijit Patankar', '', 0, '', '', '', '', '', '', 'active', 'yes', 0, 0),
(145, NULL, NULL, 'Mukesh Zaveri', '', 0, '', '', '', '', '', '', 'active', 'yes', 0, 0),
(146, NULL, NULL, 'M.B. Limkar', '', 0, '', '', '', '', '', '', 'active', 'yes', 0, 0),
(147, NULL, NULL, 'M. Maniroja', '', 0, '', '', '', '', '', '', 'active', 'yes', 0, 0),
(148, NULL, NULL, 'Assist.Prof.D.V. Thombre', '', 0, '', '', '', '', '', '', 'active', 'yes', 0, 0),
(149, NULL, NULL, 'Dhanesh Narvekar', '', 0, '', '', '', '', '', '', 'active', 'yes', 0, 0),
(150, NULL, NULL, 'Prachi Bedekar', '', 0, '', '', '', '', '', '', 'active', 'yes', 0, 0),
(151, NULL, NULL, 'Satyajit Chakrabarti', '', 0, '', '', '', '', '', '', 'active', 'yes', 0, 0),
(152, NULL, NULL, 'Deven Shah', '', 0, '', '', '', '', '', '', 'active', 'yes', 0, 0),
(153, NULL, NULL, 'Dipika Rokade', '', 0, '', '', '', '', '', '', 'active', 'yes', 0, 0),
(154, NULL, NULL, 'Alok Bhushan', '', 0, '', '', '', '', '', '', 'active', 'yes', 0, 0),
(155, NULL, NULL, 'Jayasudha Koti', '', 0, '', '', '', '', '', '', 'active', 'yes', 0, 0),
(156, NULL, NULL, 'Ankita Barabde', '', 0, '', '', '', '', '', '', 'active', 'yes', 0, 0),
(157, NULL, NULL, 'Vijay Bhosale', '', 0, '', '', '', '', '', '', 'active', 'yes', 0, 0),
(158, NULL, NULL, 'Ajinkya Ghadigaonkar', '', 0, '', '', '', '', '', '', 'active', 'yes', 0, 0),
(159, NULL, NULL, 'Amit Kumar Bhardwaj', '', 0, '', '', '', '', '', '', 'active', 'yes', 0, 0),
(160, NULL, NULL, 'Vijay Bhosle', '', 0, '', '', '', '', '', '', 'active', 'yes', 0, 0),
(161, NULL, NULL, 'Sunil Bhooshan', '', 0, '', '', '', '', '', '', 'active', 'yes', 0, 0),
(162, NULL, NULL, 'Rahul Khokale', '', 0, '', '', '', '', '', '', 'active', 'yes', 0, 0),
(163, NULL, NULL, 'Mrs.Jyothi Digge', '', 0, '', '', '', '', '', '', 'active', 'yes', 0, 0),
(164, NULL, NULL, 'K.T Talele', '', 0, '', '', '', '', '', '', 'active', 'yes', 0, 0),
(165, NULL, NULL, 'Rahul Ambekar', '', 0, '', '', '', '', '', '', 'active', 'yes', 0, 0),
(166, NULL, NULL, 'Hitesh Kotian', '', 0, '', '', '', '', '', '', 'active', 'yes', 0, 0),
(167, NULL, NULL, 'S.V Dudal', '', 0, '', '', '', '', '', '', 'active', 'yes', 0, 0),
(168, NULL, NULL, 'Kirtikumar Dupare', '', 0, '', '', '', '', '', '', 'active', 'yes', 0, 0),
(169, NULL, NULL, 'Suman Ninoriya', '', 0, '', '', '', '', '', '', 'active', 'yes', 0, 0),
(170, NULL, NULL, 'Kalawati Patil', '', 0, '', '', '', '', '', '', 'active', 'yes', 0, 0),
(171, NULL, NULL, 'Ashwini Gajarushi', '', 0, '', '', '', '', '', '', 'active', 'yes', 0, 0),
(172, NULL, NULL, 'Anupam Nath', '', 0, '', '', '', '', '', '', 'active', 'yes', 0, 0),
(173, NULL, NULL, 'Sumit Pathak', '', 0, '', '', '', '', '', '', 'active', 'yes', 0, 0),
(174, NULL, NULL, 'Annu Karir', '', 0, '', '', '', '', '', '', 'active', 'yes', 0, 0),
(175, NULL, NULL, 'Grandhi Naresh kumar', '', 0, '', '', '', '', '', '', 'active', 'yes', 0, 0),
(176, NULL, NULL, 'Rathinam A', '', 0, '', '', '', '', '', '', 'active', 'yes', 0, 0),
(177, NULL, NULL, 'Avichal Kapur', '', 0, '', '', '', '', '', '', 'active', 'yes', 0, 0),
(178, NULL, NULL, 'Prof.Mrs.Savita Bhosale', '', 0, '', '', '', '', '', '', 'active', 'yes', 0, 0),
(179, NULL, NULL, 'Abhijeet Mane', '', 0, '', '', '', '', '', '', 'active', 'yes', 0, 0),
(180, NULL, NULL, 'Ankur Bordoloi', '', 0, '', '', '', '', '', '', 'active', 'yes', 0, 0),
(181, NULL, NULL, 'Ashis Kumar Mal', '', 0, '', '', '', '', '', '', 'active', 'yes', 0, 0),
(182, NULL, NULL, 'Hidayatullah Choudhry', '', 0, '', '', '', '', '', '', 'active', 'yes', 0, 0),
(183, NULL, NULL, 'Renuka Pawar', '', 0, '', '', '', '', '', '', 'active', 'yes', 0, 0),
(184, NULL, NULL, 'Santosh Kr pandey', '', 0, '', '', '', '', '', '', 'active', 'yes', 0, 0),
(185, NULL, NULL, 'Alankar Kambli', '', 0, '', '', '', '', '', '', 'active', 'yes', 0, 0),
(186, NULL, NULL, 'Sangita Chaudhari', '', 0, '', '', '', '', '', '', 'active', 'yes', 0, 0),
(187, NULL, NULL, 'Vishnupriya Mallela', '', 0, '', '', '', '', '', '', 'active', 'yes', 0, 0),
(188, NULL, NULL, 'Amey Kulkarni', '', 0, '', '', '', '', '', '', 'active', 'yes', 0, 0),
(189, NULL, NULL, 'Prashant Bhardwaj', '', 0, '', '', '', '', '', '', 'active', 'yes', 0, 0),
(190, NULL, NULL, 'Imdad Rizvi', '', 0, '', '', '', '', '', '', 'active', 'yes', 0, 0),
(191, NULL, NULL, 'Shashank Gupta', '', 0, '', '', '', '', '', '', 'active', 'yes', 0, 0),
(192, NULL, NULL, 'Mohammed Qadeer', '', 0, '', '', '', '', '', '', 'active', 'yes', 0, 0),
(193, NULL, NULL, 'Nita Thakare', '', 0, '', '', '', '', '', '', 'active', 'yes', 0, 0),
(194, NULL, NULL, 'Shashank Yadav', '', 0, '', '', '', '', '', '', 'active', 'yes', 0, 0),
(195, NULL, NULL, 'Ancy Abraham', '', 0, '', '', '', '', '', '', 'active', 'yes', 0, 0),
(196, NULL, NULL, 'Ketul Patel', '', 0, '', '', '', '', '', '', 'active', 'yes', 0, 0),
(197, NULL, NULL, 'Ms.Prathibha Sudhakaran', '', 0, '', '', '', '', '', '', 'active', 'yes', 0, 0),
(198, NULL, NULL, 'Cavill Dõsouza', '', 0, '', '', '', '', '', '', 'active', 'yes', 0, 0),
(199, NULL, NULL, 'Sushila Kamble', '', 0, '', '', '', '', '', '', 'active', 'yes', 0, 0),
(200, NULL, NULL, 'Neha Mahajan', '', 0, '', '', '', '', '', '', 'active', 'yes', 0, 0),
(201, NULL, NULL, 'Praveen Varshney', '', 0, '', '', '', '', '', '', 'active', 'yes', 0, 0),
(202, NULL, NULL, 'Ravichandra Babu.T', '', 0, '', '', '', '', '', '', 'active', 'yes', 0, 0),
(203, NULL, NULL, 'Syed Shabih Hasan', '', 0, '', '', '', '', '', '', 'active', 'yes', 0, 0),
(204, NULL, NULL, 'Devashree Marotkar', '', 0, '', '', '', '', '', '', 'active', 'yes', 0, 0),
(205, NULL, NULL, 'Ankur Chandra', '', 0, '', '', '', '', '', '', 'active', 'yes', 0, 0),
(206, NULL, NULL, 'Kavita Bhatt', '', 0, '', '', '', '', '', '', 'active', 'yes', 0, 0),
(207, NULL, NULL, 'C.R.Rene Robin', '', 0, '', '', '', '', '', '', 'active', 'yes', 0, 0),
(208, NULL, NULL, 'Siddharth Gupta', '', 0, '', '', '', '', '', '', 'active', 'yes', 0, 0),
(209, NULL, NULL, 'Pravin Dilpak', '', 0, '', '', '', '', '', '', 'active', 'yes', 0, 0),
(210, NULL, NULL, 'Anjani Kumar Rai', '', 0, '', '', '', '', '', '', 'active', 'yes', 0, 0),
(211, NULL, NULL, 'Era Johri', '', 0, '', '', '', '', '', '', 'active', 'yes', 0, 0),
(212, NULL, NULL, 'Balasundaram S R', '', 0, '', '', '', '', '', '', 'active', 'yes', 0, 0),
(213, NULL, NULL, 'M. Parisa Beham', '', 0, '', '', '', '', '', '', 'active', 'yes', 0, 0),
(214, NULL, NULL, 'Deepika Chadha', '', 0, '', '', '', '', '', '', 'active', 'yes', 0, 0),
(215, NULL, NULL, 'Siddhartha Baruah', '', 0, '', '', '', '', '', '', 'active', 'yes', 0, 0),
(216, NULL, NULL, 'Nidhi Sharma', '', 0, '', '', '', '', '', '', 'active', 'yes', 0, 0),
(217, NULL, NULL, 'Jay Mehta', '', 0, '', '', '', '', '', '', 'active', 'yes', 0, 0),
(218, NULL, NULL, 'Akhilan Subramanian', '', 0, '', '', '', '', '', '', 'active', 'yes', 0, 0),
(219, NULL, NULL, 'Jitendra Kumavat', '', 0, '', '', '', '', '', '', 'active', 'yes', 0, 0),
(220, NULL, NULL, 'K. Manikandan', '', 0, '', '', '', '', '', '', 'active', 'yes', 0, 0),
(221, NULL, NULL, 'Nishtha Verma', '', 0, '', '', '', '', '', '', 'active', 'yes', 0, 0),
(222, NULL, NULL, 'Vikas Maheshkar', '', 0, '', '', '', '', '', '', 'active', 'yes', 0, 0),
(223, NULL, NULL, 'Prof.David Neels Pon Kumar', '', 0, '', '', '', '', '', '', 'active', 'yes', 0, 0),
(224, NULL, NULL, 'Sunil Bangare', '', 0, '', '', '', '', '', '', 'active', 'yes', 0, 0),
(225, NULL, NULL, 'Nilesh Uke', '', 0, '', '', '', '', '', '', 'active', 'yes', 0, 0),
(226, NULL, NULL, 'Rohan Jhaveri', '', 0, '', '', '', '', '', '', 'active', 'yes', 0, 0),
(227, NULL, NULL, 'Sujata Dubal', '', 0, '', '', '', '', '', '', 'active', 'yes', 0, 0),
(228, NULL, NULL, 'Neha Gulati', '', 0, '', '', '', '', '', '', 'active', 'yes', 0, 0),
(229, NULL, NULL, 'Nimesh Doshi', '', 0, '', '', '', '', '', '', 'active', 'yes', 0, 0),
(230, NULL, NULL, 'Aprajita Singh', '', 0, '', '', '', '', '', '', 'active', 'yes', 0, 0),
(231, NULL, NULL, 'Subhash Arya', '', 0, '', '', '', '', '', '', 'active', 'yes', 0, 0),
(232, NULL, NULL, 'Nitu Bhoir', '', 0, '', '', '', '', '', '', 'active', 'yes', 0, 0),
(233, NULL, NULL, 'Suresh Jajoo', '', 0, '', '', '', '', '', '', 'active', 'yes', 0, 0),
(234, NULL, NULL, 'Saswati Sarkar', '', 0, '', '', '', '', '', '', 'active', 'yes', 0, 0),
(235, NULL, NULL, 'Nilima Kalamkar', '', 0, '', '', '', '', '', '', 'active', 'yes', 0, 0),
(236, NULL, NULL, 'Mitrabinda Ray', '', 0, '', '', '', '', '', '', 'active', 'yes', 0, 0),
(237, NULL, NULL, 'R Gupta', '', 0, '', '', '', '', '', '', 'active', 'yes', 0, 0),
(238, NULL, NULL, 'Sudhir Dhage', '', 0, '', '', '', '', '', '', 'active', 'yes', 0, 0),
(239, NULL, NULL, 'Pradeep Singh', '', 0, '', '', '', '', '', '', 'active', 'yes', 0, 0),
(240, NULL, NULL, 'Atul Kemkar', '', 0, '', '', '', '', '', '', 'active', 'yes', 0, 0),
(241, NULL, NULL, 'Irfan Siddavatam', '', 0, '', '', '', '', '', '', 'active', 'yes', 0, 0),
(242, NULL, NULL, 'Tabassum Mujawar', '', 0, '', '', '', '', '', '', 'active', 'yes', 0, 0),
(243, NULL, NULL, 'Atul Shukla', '', 0, '', '', '', '', '', '', 'active', 'yes', 0, 0),
(244, NULL, NULL, 'Girish Mundada', '', 0, '', '', '', '', '', '', 'active', 'yes', 0, 0),
(245, NULL, NULL, 'Dattatraya Tendulkar', '', 0, '', '', '', '', '', '', 'active', 'yes', 0, 0),
(246, NULL, NULL, 'Iti Mathur', '', 0, '', '', '', '', '', '', 'active', 'yes', 0, 0),
(247, NULL, NULL, 'Parma Nand', '', 0, '', '', '', '', '', '', 'active', 'yes', 0, 0),
(248, NULL, NULL, 'Nandhini Kumaresh', '', 0, '', '', '', '', '', '', 'active', 'yes', 0, 0),
(249, NULL, NULL, 'Sanjay Bansal', '', 0, '', '', '', '', '', '', 'active', 'yes', 0, 0),
(250, NULL, NULL, 'Nisheeth Joshi', '', 0, '', '', '', '', '', '', 'active', 'yes', 0, 0),
(251, NULL, NULL, 'Shubhi Lall', '', 0, '', '', '', '', '', '', 'active', 'yes', 0, 0),
(252, NULL, NULL, 'Rajesh Kanna B.', '', 0, '', '', '', '', '', '', 'active', 'yes', 0, 0),
(253, NULL, NULL, 'G.Sampath Kumar G', '', 0, '', '', '', '', '', '', 'active', 'yes', 0, 0),
(254, NULL, NULL, 'Prof. China Venkateswarlu Sonagiri', '', 0, '', '', '', '', '', '', 'active', 'yes', 0, 0),
(255, NULL, NULL, 'Neena Jacob', '', 0, '', '', '', '', '', '', 'active', 'yes', 0, 0),
(256, NULL, NULL, 'Ritambhra Korpal', '', 0, '', '', '', '', '', '', 'active', 'yes', 0, 0),
(257, NULL, NULL, 'Hemanta Kumar Kalita', '', 0, '', '', '', '', '', '', 'active', 'yes', 0, 0),
(258, NULL, NULL, 'Monali Mavani', '', 0, '', '', '', '', '', '', 'active', 'yes', 0, 0),
(259, NULL, NULL, 'Geeta Hayagreev', '', 0, '', '', '', '', '', '', 'active', 'yes', 0, 0),
(260, NULL, NULL, 'Divya Valsan', '', 0, '', '', '', '', '', '', 'active', 'yes', 0, 0),
(261, NULL, NULL, 'Anuj Vohra', '', 0, '', '', '', '', '', '', 'active', 'yes', 0, 0),
(262, NULL, NULL, 'Anjali Yeole', '', 0, '', '', '', '', '', '', 'active', 'yes', 0, 0),
(263, NULL, NULL, 'Beena Khade', '', 0, '', '', '', '', '', '', 'active', 'yes', 0, 0),
(264, NULL, NULL, 'Hemant Mehta', '', 0, '', '', '', '', '', '', 'active', 'yes', 0, 0),
(265, NULL, NULL, 'Shridhar Burli', '', 0, '', '', '', '', '', '', 'active', 'yes', 0, 0),
(266, NULL, NULL, 'Vidyagouri Hemadri', '', 0, '', '', '', '', '', '', 'active', 'yes', 0, 0),
(267, NULL, NULL, 'Snehal Bhosale', '', 0, '', '', '', '', '', '', 'active', 'yes', 0, 0),
(268, NULL, NULL, 'Atul Sharma', '', 0, '', '', '', '', '', '', 'active', 'yes', 0, 0),
(269, NULL, NULL, 'Krunal Patel', '', 0, '', '', '', '', '', '', 'active', 'yes', 0, 0),
(270, NULL, NULL, 'Sharon Lobo', '', 0, '', '', '', '', '', '', 'active', 'yes', 0, 0),
(271, NULL, NULL, 'Devidas Karale', '', 0, '', '', '', '', '', '', 'active', 'yes', 0, 0),
(272, NULL, NULL, 'Mohd Mansoor Ali', '', 0, '', '', '', '', '', '', 'active', 'yes', 0, 0),
(273, NULL, NULL, 'Dr.H.B. Kekre', '', 0, '', '', '', '', '', '', 'active', 'yes', 0, 0),
(274, NULL, NULL, 'Vikas Rai', '', 0, '', '', '', '', '', '', 'active', 'yes', 0, 0),
(275, NULL, NULL, 'Aarti Bakshi', '', 0, '', '', '', '', '', '', 'active', 'yes', 0, 0),
(276, NULL, NULL, 'Jigar Modi', '', 0, '', '', '', '', '', '', 'active', 'yes', 0, 0),
(277, NULL, NULL, 'Aditya Modi', '', 0, '', '', '', '', '', '', 'active', 'yes', 0, 0),
(278, NULL, NULL, 'Harsh Mehta', '', 0, '', '', '', '', '', '', 'active', 'yes', 0, 0),
(279, NULL, NULL, 'Kamalakar Desai', '', 0, '', '', '', '', '', '', 'active', 'yes', 0, 0),
(280, NULL, NULL, 'Rukhsana Khan', '', 0, '', '', '', '', '', '', 'active', 'yes', 0, 0),
(281, NULL, NULL, 'Alpa Reshamwala', '', 0, '', '', '', '', '', '', 'active', 'yes', 0, 0),
(282, NULL, NULL, 'Bhushan Nemade', '', 0, '', '', '', '', '', '', 'active', 'yes', 0, 0),
(283, NULL, NULL, 'Ajay Khunteta', '', 0, '', '', '', '', '', '', 'active', 'yes', 0, 0),
(284, NULL, NULL, 'Bs Pradeep', '', 0, '', '', '', '', '', '', 'active', 'yes', 0, 0),
(285, NULL, NULL, 'Kiran Dubey', '', 0, '', '', '', '', '', '', 'active', 'yes', 0, 0),
(286, NULL, NULL, 'Dr.Sureshchandra J. Gupta', '', 0, '', '', '', '', '', '', 'active', 'yes', 0, 0),
(287, NULL, NULL, 'Arko Basu', '', 0, '', '', '', '', '', '', 'active', 'yes', 0, 0),
(288, NULL, NULL, 'Ashwini Deshpande', '', 0, '', '', '', '', '', '', 'active', 'yes', 0, 0),
(289, NULL, NULL, 'Patel Rashmika', '', 0, '', '', '', '', '', '', 'active', 'yes', 0, 0),
(290, NULL, NULL, 'Malathi Jesudason', '', 0, '', '', '', '', '', '', 'active', 'yes', 0, 0),
(291, NULL, NULL, 'Rupali Jadhav', '', 0, '', '', '', '', '', '', 'active', 'yes', 0, 0),
(292, NULL, NULL, 'Bhashir Mohammed', '', 0, '', '', '', '', '', '', 'active', 'yes', 0, 0),
(293, NULL, NULL, 'Vinay A', '', 0, '', '', '', '', '', '', 'active', 'yes', 0, 0),
(294, NULL, NULL, 'Mohammed Ziauddin', '', 0, '', '', '', '', '', '', 'active', 'yes', 0, 0),
(295, NULL, NULL, 'Suchitra Patil', '', 0, '', '', '', '', '', '', 'active', 'yes', 0, 0),
(296, NULL, NULL, 'Shivendra Shivani', '', 0, '', '', '', '', '', '', 'active', 'yes', 0, 0),
(297, NULL, NULL, 'Patel Chirag', '', 0, '', '', '', '', '', '', 'active', 'yes', 0, 0),
(298, NULL, NULL, 'Archana Gulati', '', 0, '', '', '', '', '', '', 'active', 'yes', 0, 0),
(299, NULL, NULL, 'Asha T', '', 0, '', '', '', '', '', '', 'active', 'yes', 0, 0),
(300, NULL, NULL, 'Sudeshna Sen', '', 0, '', '', '', '', '', '', 'active', 'yes', 0, 0),
(301, NULL, NULL, 'Chirag Patel', '', 0, '', '', '', '', '', '', 'active', 'yes', 0, 0),
(302, NULL, NULL, 'Sreeja S.S', '', 0, '', '', '', '', '', '', 'active', 'yes', 0, 0),
(303, NULL, NULL, 'Mrs. Dhara Shah', '', 0, '', '', '', '', '', '', 'active', 'yes', 0, 0),
(304, NULL, NULL, 'Rajesh Kannan Megalingam', '', 0, '', '', '', '', '', '', 'active', 'yes', 0, 0),
(305, NULL, NULL, 'Dipti Verma', '', 0, '', '', '', '', '', '', 'active', 'yes', 0, 0),
(306, NULL, NULL, 'Dr. H. B. Kekre', '', 0, '', '', '', '', '', '', 'active', 'yes', 0, 0),
(307, NULL, NULL, 'Gurulakshmi A.B.', '', 0, '', '', '', '', '', '', 'active', 'yes', 0, 0),
(308, NULL, NULL, 'Pradeep Mirchandani', '', 0, '', '', '', '', '', '', 'active', 'yes', 0, 0),
(309, NULL, NULL, 'Gautam Borkar', '', 0, '', '', '', '', '', '', 'active', 'yes', 0, 0),
(310, NULL, NULL, 'Sujitha V', '', 0, '', '', '', '', '', '', 'active', 'yes', 0, 0),
(311, NULL, NULL, 'Rohini More', '', 0, '', '', '', '', '', '', 'active', 'yes', 0, 0),
(312, NULL, NULL, 'Shruti Oza', '', 0, '', '', '', '', '', '', 'active', 'yes', 0, 0),
(313, NULL, NULL, 'Raj Kumar', '', 0, '', '', '', '', '', '', 'active', 'yes', 0, 0),
(314, NULL, NULL, 'Satyanarayana Padaganur', '', 0, '', '', '', '', '', '', 'active', 'yes', 0, 0),
(315, NULL, NULL, 'Muthukumaran K', '', 0, '', '', '', '', '', '', 'active', 'yes', 0, 0),
(316, NULL, NULL, 'Saurav Agarwal', '', 0, '', '', '', '', '', '', 'active', 'yes', 0, 0),
(317, NULL, NULL, 'Ashwini Bhugul', '', 0, '', '', '', '', '', '', 'active', 'yes', 0, 0),
(318, NULL, NULL, 'Amar Khopade', '', 0, '', '', '', '', '', '', 'active', 'yes', 0, 0),
(319, NULL, NULL, 'Srikanta Pal', '', 0, '', '', '', '', '', '', 'active', 'yes', 0, 0),
(320, NULL, NULL, 'Varun Gupta', '', 0, '', '', '', '', '', '', 'active', 'yes', 0, 0),
(321, NULL, NULL, 'Amruta Chintawar', '', 0, '', '', '', '', '', '', 'active', 'yes', 0, 0),
(322, NULL, NULL, 'Arun Adiththan', '', 0, '', '', '', '', '', '', 'active', 'yes', 0, 0),
(323, NULL, NULL, 'Jitha Varghese', '', 0, '', '', '', '', '', '', 'active', 'yes', 0, 0),
(324, NULL, NULL, 'Ms Mrinmoyee Mukherjee', '', 0, '', '', '', '', '', '', 'active', 'yes', 0, 0),
(325, NULL, NULL, 'Aaditya Desai', '', 0, '', '', '', '', '', '', 'active', 'yes', 0, 0),
(326, NULL, NULL, 'Chitra Bhole', '', 0, '', '', '', '', '', '', 'active', 'yes', 0, 0),
(327, NULL, NULL, 'S Shamshudharwez', '', 0, '', '', '', '', '', '', 'active', 'yes', 0, 0),
(328, NULL, NULL, 'Swapnil Kadam', '', 0, '', '', '', '', '', '', 'active', 'yes', 0, 0),
(329, NULL, NULL, 'Prachi Palsodkar', '', 0, '', '', '', '', '', '', 'active', 'yes', 0, 0),
(330, NULL, NULL, 'Naregalkar Akshay', '', 0, '', '', '', '', '', '', 'active', 'yes', 0, 0),
(331, NULL, NULL, 'Aswini Vnl', '', 0, '', '', '', '', '', '', 'active', 'yes', 0, 0),
(332, NULL, NULL, 'V N Pawar', '', 0, '', '', '', '', '', '', 'active', 'yes', 0, 0),
(333, NULL, NULL, 'Asmita Nirmal', '', 0, '', '', '', '', '', '', 'active', 'yes', 0, 0),
(334, NULL, NULL, 'Savitha Upadhya', '', 0, '', '', '', '', '', '', 'active', 'yes', 0, 0),
(335, NULL, NULL, 'Abhineet Sarkar', '', 0, '', '', '', '', '', '', 'active', 'yes', 0, 0),
(336, NULL, NULL, 'Loshma Gunisetti', '', 0, '', '', '', '', '', '', 'active', 'yes', 0, 0),
(337, NULL, NULL, 'Susarla Venkata Ananta Rama Sastry', '', 0, '', '', '', '', '', '', 'active', 'yes', 0, 0),
(338, NULL, NULL, 'Rajeshwari Goudar', '', 0, '', '', '', '', '', '', 'active', 'yes', 0, 0),
(339, NULL, NULL, 'Sujatha Kesavan', '', 0, '', '', '', '', '', '', 'active', 'yes', 0, 0),
(340, NULL, NULL, 'Suryaprasad Potnuru', '', 0, '', '', '', '', '', '', 'active', 'yes', 0, 0),
(341, NULL, NULL, 'Mrinmoyee Mukherjee', '', 0, '', '', '', '', '', '', 'active', 'yes', 0, 0),
(342, NULL, NULL, 'Rammohan Reddy', '', 0, '', '', '', '', '', '', 'active', 'yes', 0, 0),
(343, NULL, NULL, 'Vikram Goyal', '', 0, '', '', '', '', '', '', 'active', 'yes', 0, 0),
(344, NULL, NULL, 'Poonam Gera', '', 0, '', '', '', '', '', '', 'active', 'yes', 0, 0),
(345, NULL, NULL, 'Narendra Shekokar', '', 0, '', '', '', '', '', '', 'active', 'yes', 0, 0),
(346, NULL, NULL, 'Mahesh Darak', '', 0, '', '', '', '', '', '', 'active', 'yes', 0, 0),
(347, NULL, NULL, 'Madhulika Bhelotkar', '', 0, '', '', '', '', '', '', 'active', 'yes', 0, 0),
(348, NULL, NULL, 'Pooja Gautam', '', 0, '', '', '', '', '', '', 'active', 'yes', 0, 0),
(349, NULL, NULL, 'Yerra Sreenivasa Rao', '', 0, '', '', '', '', '', '', 'active', 'yes', 0, 0),
(350, NULL, NULL, 'Shashank Prasad', '', 0, '', '', '', '', '', '', 'active', 'yes', 0, 0),
(351, NULL, NULL, 'Shirshendu Maitra', '', 0, '', '', '', '', '', '', 'active', 'yes', 0, 0),
(352, NULL, NULL, 'Shilpa Shinde', '', 0, '', '', '', '', '', '', 'active', 'yes', 0, 0),
(353, NULL, NULL, 'Rajesh Holmukhe', '', 0, '', '', '', '', '', '', 'active', 'yes', 0, 0),
(354, NULL, NULL, 'Vignesh Iyer', '', 0, '', '', '', '', '', '', 'active', 'yes', 0, 0),
(355, NULL, NULL, 'Promila Bahadur', '', 0, '', '', '', '', '', '', 'active', 'yes', 0, 0),
(356, NULL, NULL, 'Ashwini Dalvi', '', 0, '', '', '', '', '', '', 'active', 'yes', 0, 0),
(357, NULL, NULL, 'Rushabh Hathi', '', 0, '', '', '', '', '', '', 'active', 'yes', 0, 0),
(358, NULL, NULL, 'Anil Rajput', '', 0, '', '', '', '', '', '', 'active', 'yes', 0, 0),
(359, NULL, NULL, 'Naveesh Bajpai', '', 0, '', '', '', '', '', '', 'active', 'yes', 0, 0),
(360, NULL, NULL, 'Pravin Rahate', '', 0, '', '', '', '', '', '', 'active', 'yes', 0, 0),
(361, NULL, NULL, 'Baskar Babujee', '', 0, '', '', '', '', '', '', 'active', 'yes', 0, 0),
(362, NULL, NULL, 'Raj Tiwari', '', 0, '', '', '', '', '', '', 'active', 'yes', 0, 0),
(363, NULL, NULL, 'Mangesh Deshpande', '', 0, '', '', '', '', '', '', 'active', 'yes', 0, 0),
(364, NULL, NULL, 'Girish Tere', '', 0, '', '', '', '', '', '', 'active', 'yes', 0, 0),
(365, NULL, NULL, 'Ankit Arora', '', 0, '', '', '', '', '', '', 'active', 'yes', 0, 0),
(366, NULL, NULL, 'Ch Phani Kumar', '', 0, '', '', '', '', '', '', 'active', 'yes', 0, 0),
(367, NULL, NULL, 'Abhijit Dongaonkar', '', 0, '', '', '', '', '', '', 'active', 'yes', 0, 0),
(368, NULL, NULL, 'Vithal Nagathan', '', 0, '', '', '', '', '', '', 'active', 'yes', 0, 0),
(369, NULL, NULL, 'Bharatbhushan Kale', '', 0, '', '', '', '', '', '', 'active', 'yes', 0, 0),
(370, NULL, NULL, 'Manpreet Kaur Aneja', '', 0, '', '', '', '', '', '', 'active', 'yes', 0, 0),
(371, NULL, NULL, 'Subitha Thomas', '', 0, '', '', '', '', '', '', 'active', 'yes', 0, 0),
(372, NULL, NULL, 'Nilesh Pardeshi', '', 0, '', '', '', '', '', '', 'active', 'yes', 0, 0),
(373, NULL, NULL, 'Aravapalli Kousalya', '', 0, '', '', '', '', '', '', 'active', 'yes', 0, 0),
(374, NULL, NULL, 'Kalyana Srinivas Kandala', '', 0, '', '', '', '', '', '', 'active', 'yes', 0, 0),
(375, NULL, NULL, 'Brahmananda Reddy Kaswa', '', 0, '', '', '', '', '', '', 'active', 'yes', 0, 0),
(376, NULL, NULL, 'Sushma Kadge', '', 0, '', '', '', '', '', '', 'active', 'yes', 0, 0),
(377, NULL, NULL, 'Amita Sharma', '', 0, '', '', '', '', '', '', 'active', 'yes', 0, 0),
(378, NULL, NULL, 'Debojyoti Majumdar', '', 0, '', '', '', '', '', '', 'active', 'yes', 0, 0),
(379, NULL, NULL, 'Suryakant B Patil', '', 0, '', '', '', '', '', '', 'active', 'yes', 0, 0),
(380, NULL, NULL, 'Deepali Khatri', '', 0, '', '', '', '', '', '', 'active', 'yes', 0, 0),
(381, NULL, NULL, 'Santsoh Patil', '', 0, '', '', '', '', '', '', 'active', 'yes', 0, 0),
(382, NULL, NULL, 'Sulbha Yadav', '', 0, '', '', '', '', '', '', 'active', 'yes', 0, 0),
(383, NULL, NULL, 'Madhavi Pradhan', '', 0, '', '', '', '', '', '', 'active', 'yes', 0, 0),
(384, NULL, NULL, 'Aarti Kane', '', 0, '', '', '', '', '', '', 'active', 'yes', 0, 0),
(385, NULL, NULL, 'Ajit Vyavahare', '', 0, '', '', '', '', '', '', 'active', 'yes', 0, 0),
(386, NULL, NULL, 'Nilesh Patil', '', 0, '', '', '', '', '', '', 'active', 'yes', 0, 0),
(387, NULL, NULL, 'Mallikarjun Savanalli', '', 0, '', '', '', '', '', '', 'active', 'yes', 0, 0),
(388, NULL, NULL, 'Hitu Varshney', '', 0, '', '', '', '', '', '', 'active', 'yes', 0, 0),
(389, NULL, NULL, 'Harish Boddapati', '', 0, '', '', '', '', '', '', 'active', 'yes', 0, 0),
(390, NULL, NULL, 'Ajay Yadav', '', 0, '', '', '', '', '', '', 'active', 'yes', 0, 0),
(391, NULL, NULL, 'Geetanjali Kale', '', 0, '', '', '', '', '', '', 'active', 'yes', 0, 0),
(392, NULL, NULL, 'Sindhu Nair', '', 0, '', '', '', '', '', '', 'active', 'yes', 0, 0),
(393, NULL, NULL, 'Amol Adamuthe', '', 0, '', '', '', '', '', '', 'active', 'yes', 0, 0),
(394, NULL, NULL, 'Tafseer Alam', '', 0, '', '', '', '', '', '', 'active', 'yes', 0, 0),
(395, NULL, NULL, 'Mrs. Madhuri Dalal', '', 0, '', '', '', '', '', '', 'active', 'yes', 0, 0),
(396, NULL, NULL, 'Meenakshi Patil', '', 0, '', '', '', '', '', '', 'active', 'yes', 0, 0),
(397, NULL, NULL, 'Dhananjay Kalbande', '', 0, '', '', '', '', '', '', 'active', 'yes', 0, 0),
(398, NULL, NULL, 'Kshitija Pol', '', 0, '', '', '', '', '', '', 'active', 'yes', 0, 0),
(399, NULL, NULL, 'Jeegar Patel', '', 0, '', '', '', '', '', '', 'active', 'yes', 0, 0),
(400, NULL, NULL, 'Varsha Hole', '', 0, '', '', '', '', '', '', 'active', 'yes', 0, 0),
(401, NULL, NULL, 'Shahsant Devadiga', '', 0, '', '', '', '', '', '', 'active', 'yes', 0, 0),
(402, NULL, NULL, 'Nargis Siddiqui', '', 0, '', '', '', '', '', '', 'active', 'yes', 0, 0),
(403, NULL, NULL, 'Utkarsha Pacharaney', '', 0, '', '', '', '', '', '', 'active', 'yes', 0, 0),
(404, NULL, NULL, 'Anil Kumar K.M', '', 0, '', '', '', '', '', '', 'active', 'yes', 0, 0),
(405, NULL, NULL, 'Dharma Raj Cheruku', '', 0, '', '', '', '', '', '', 'active', 'yes', 0, 0),
(406, NULL, NULL, 'Udit Dave', '', 0, '', '', '', '', '', '', 'active', 'yes', 0, 0),
(407, NULL, NULL, 'Ashwini Patil', '', 0, '', '', '', '', '', '', 'active', 'yes', 0, 0),
(408, NULL, NULL, 'Aarti Karande', '', 0, '', '', '', '', '', '', 'active', 'yes', 0, 0),
(409, NULL, NULL, 'Preeti Patil', '', 0, '', '', '', '', '', '', 'active', 'yes', 0, 0),
(410, NULL, NULL, 'Karl Baria', '', 0, '', '', '', '', '', '', 'active', 'yes', 0, 0),
(411, NULL, NULL, 'Sujata Naduvinamani', '', 0, '', '', '', '', '', '', 'active', 'yes', 0, 0),
(412, NULL, NULL, 'Marikkannu P.', '', 0, '', '', '', '', '', '', 'active', 'yes', 0, 0),
(413, NULL, NULL, 'Yogesh Pingle', '', 0, '', '', '', '', '', '', 'active', 'yes', 0, 0),
(414, NULL, NULL, 'Kavita Gawande', '', 0, '', '', '', '', '', '', 'active', 'yes', 0, 0),
(415, NULL, NULL, 'Nilesh Mehta', '', 0, '', '', '', '', '', '', 'active', 'yes', 0, 0),
(416, NULL, NULL, 'Dhiraj Bhise', '', 0, '', '', '', '', '', '', 'active', 'yes', 0, 0),
(417, NULL, NULL, 'B S Harish', '', 0, '', '', '', '', '', '', 'active', 'yes', 0, 0),
(418, NULL, NULL, 'Shubhada Deshpande', '', 0, '', '', '', '', '', '', 'active', 'yes', 0, 0),
(419, NULL, NULL, 'Sushama Khanvilkar', '', 0, '', '', '', '', '', '', 'active', 'yes', 0, 0),
(420, NULL, NULL, 'Rashmi Gadge', '', 0, '', '', '', '', '', '', 'active', 'yes', 0, 0),
(421, NULL, NULL, 'Rashmi Keote', '', 0, '', '', '', '', '', '', 'active', 'yes', 0, 0),
(422, NULL, NULL, 'Vanaraj Vaghela', '', 0, '', '', '', '', '', '', 'active', 'yes', 0, 0),
(423, NULL, NULL, 'Devesh Nawgaje', '', 0, '', '', '', '', '', '', 'active', 'yes', 0, 0),
(424, NULL, NULL, 'Mamta Sharma', '', 0, '', '', '', '', '', '', 'active', 'yes', 0, 0),
(425, NULL, NULL, 'Hameem Shanavas', '', 0, '', '', '', '', '', '', 'active', 'yes', 0, 0),
(426, NULL, NULL, 'Saiqa Khan', '', 0, '', '', '', '', '', '', 'active', 'yes', 0, 0),
(427, NULL, NULL, 'Nisha T', '', 0, '', '', '', '', '', '', 'active', 'yes', 0, 0),
(428, NULL, NULL, 'Ulka Pawar', '', 0, '', '', '', '', '', '', 'active', 'yes', 0, 0),
(429, NULL, NULL, 'Jemin Shah', '', 0, '', '', '', '', '', '', 'active', 'yes', 0, 0),
(430, NULL, NULL, 'Shirish Sabnis', '', 0, '', '', '', '', '', '', 'active', 'yes', 0, 0),
(431, NULL, NULL, 'Jyoti Rothe', '', 0, '', '', '', '', '', '', 'active', 'yes', 0, 0),
(432, NULL, NULL, 'Shilpa Verma', '', 0, '', '', '', '', '', '', 'active', 'yes', 0, 0),
(433, NULL, NULL, 'Kanchan Doke', '', 0, '', '', '', '', '', '', 'active', 'yes', 0, 0),
(434, NULL, NULL, 'Vaishali Mandhare', '', 0, '', '', '', '', '', '', 'active', 'yes', 0, 0),
(435, NULL, NULL, 'Nachiappan Mahalakshmi', '', 0, '', '', '', '', '', '', 'active', 'yes', 0, 0),
(436, NULL, NULL, 'Dinkar Bhombe', '', 0, '', '', '', '', '', '', 'active', 'yes', 0, 0),
(437, NULL, NULL, 'Rahul Samant', '', 0, '', '', '', '', '', '', 'active', 'yes', 0, 0),
(438, NULL, NULL, 'Sheetal Bukkawar', '', 0, '', '', '', '', '', '', 'active', 'yes', 0, 0),
(439, NULL, NULL, 'Prashant Vikram', '', 0, '', '', '', '', '', '', 'active', 'yes', 0, 0),
(440, NULL, NULL, 'S Manjunath', '', 0, '', '', '', '', '', '', 'active', 'yes', 0, 0),
(441, NULL, NULL, 'Mandar Bivalkar', '', 0, '', '', '', '', '', '', 'active', 'yes', 0, 0),
(442, NULL, NULL, 'Neha Bheniye', '', 0, '', '', '', '', '', '', 'active', 'yes', 0, 0),
(443, NULL, NULL, 'Baban Rindhe', '', 0, '', '', '', '', '', '', 'active', 'yes', 0, 0),
(444, NULL, NULL, 'Dipen Valani', '', 0, '', '', '', '', '', '', 'active', 'yes', 0, 0),
(445, NULL, NULL, 'Mita Dalal', '', 0, '', '', '', '', '', '', 'active', 'yes', 0, 0),
(446, NULL, NULL, 'Neelam Naik', '', 0, '', '', '', '', '', '', 'active', 'yes', 0, 0),
(447, NULL, NULL, 'Abbas Sheik Dawood', '', 0, '', '', '', '', '', '', 'active', 'yes', 0, 0),
(448, NULL, NULL, 'Dr. Hemant Kekre', '', 0, '', '', '', '', '', '', 'active', 'yes', 0, 0),
(449, NULL, NULL, 'Rupali Sawant', '', 0, '', '', '', '', '', '', 'active', 'yes', 0, 0),
(450, NULL, NULL, 'Shruti Singh Roy', '', 0, '', '', '', '', '', '', 'active', 'yes', 0, 0),
(451, NULL, NULL, 'Priya Sinha', '', 0, '', '', '', '', '', '', 'active', 'yes', 0, 0),
(452, NULL, NULL, 'Siddesh G M', '', 0, '', '', '', '', '', '', 'active', 'yes', 0, 0),
(453, NULL, NULL, 'Sreekanth P', '', 0, '', '', '', '', '', '', 'active', 'yes', 0, 0),
(454, NULL, NULL, 'Siva Sankar Alam', '', 0, '', '', '', '', '', '', 'active', 'yes', 0, 0),
(455, NULL, NULL, 'Prof. Amutha Jayakumar', '', 0, '', '', '', '', '', '', 'active', 'yes', 0, 0),
(456, NULL, NULL, 'Kailas Devadkar', '', 0, '', '', '', '', '', '', 'active', 'yes', 0, 0),
(457, NULL, NULL, 'Radha Mani', '', 0, '', '', '', '', '', '', 'active', 'yes', 0, 0),
(458, NULL, NULL, 'Rashmi Salavi', '', 0, '', '', '', '', '', '', 'active', 'yes', 0, 0),
(459, NULL, NULL, 'Ashwini Karande', '', 0, '', '', '', '', '', '', 'active', 'yes', 0, 0),
(460, NULL, NULL, 'Anvita Birje', '', 0, '', '', '', '', '', '', 'active', 'yes', 0, 0),
(461, NULL, NULL, 'Priyanka Pawar', '', 0, '', '', '', '', '', '', 'active', 'yes', 0, 0),
(462, NULL, NULL, 'Venkatesh. Mantur', '', 0, '', '', '', '', '', '', 'active', 'yes', 0, 0),
(463, NULL, NULL, 'Seema Nehete', '', 0, '', '', '', '', '', '', 'active', 'yes', 0, 0),
(464, NULL, NULL, 'Venkatesh Mantur', '', 0, '', '', '', '', '', '', 'active', 'yes', 0, 0),
(465, NULL, NULL, 'Minal Puranik', '', 0, '', '', '', '', '', '', 'active', 'yes', 0, 0),
(466, NULL, NULL, 'Rathinam Ananthanaryanan', '', 0, '', '', '', '', '', '', 'active', 'yes', 0, 0),
(467, NULL, NULL, 'Satish Ket', '', 0, '', '', '', '', '', '', 'active', 'yes', 0, 0),
(468, NULL, NULL, 'Monali Choudhari', '', 0, '', '', '', '', '', '', 'active', 'yes', 0, 0),
(469, NULL, NULL, 'Vishal Jain', '', 0, '', '', '', '', '', '', 'active', 'yes', 0, 0),
(470, NULL, NULL, 'Shanti Swamy', '', 0, '', '', '', '', '', '', 'active', 'yes', 0, 0),
(471, NULL, NULL, 'Devjayant Singh', '', 0, '', '', '', '', '', '', 'active', 'yes', 0, 0),
(472, NULL, NULL, 'Lakshmana B', '', 0, '', '', '', '', '', '', 'active', 'yes', 0, 0),
(473, NULL, NULL, 'Arjun Chopra', '', 0, '', '', '', '', '', '', 'active', 'yes', 0, 0),
(474, NULL, NULL, 'Anuraag Sharma', '', 0, '', '', '', '', '', '', 'active', 'yes', 0, 0),
(475, NULL, NULL, 'Shrikant Agrawal', '', 0, '', '', '', '', '', '', 'active', 'yes', 0, 0),
(476, NULL, NULL, 'Vaibhav Neema', '', 0, '', '', '', '', '', '', 'active', 'yes', 0, 0),
(477, NULL, NULL, 'Purvi Sankhe', '', 0, '', '', '', '', '', '', 'active', 'yes', 0, 0),
(478, NULL, NULL, 'Dr. H.B. Kekre', '', 0, '', '', '', '', '', '', 'active', 'yes', 0, 0),
(479, NULL, NULL, 'Sopan Talekar', '', 0, '', '', '', '', '', '', 'active', 'yes', 0, 0),
(480, NULL, NULL, 'Rahul Jinturkar', '', 0, '', '', '', '', '', '', 'active', 'yes', 0, 0),
(481, NULL, NULL, 'Malhar Lakdawala', '', 0, '', '', '', '', '', '', 'active', 'yes', 0, 0),
(482, NULL, NULL, 'Tejas Madan', '', 0, '', '', '', '', '', '', 'active', 'yes', 0, 0),
(483, NULL, NULL, 'Vinay Kumar', '', 0, '', '', '', '', '', '', 'active', 'yes', 0, 0),
(484, NULL, NULL, 'Ashish Harsola', '', 0, '', '', '', '', '', '', 'active', 'yes', 0, 0),
(485, NULL, NULL, 'Dadaso Mane', '', 0, '', '', '', '', '', '', 'active', 'yes', 0, 0),
(486, NULL, NULL, 'Chhaya Narvekar', '', 0, '', '', '', '', '', '', 'active', 'yes', 0, 0),
(487, NULL, NULL, 'Shilp Dixit', '', 0, '', '', '', '', '', '', 'active', 'yes', 0, 0),
(488, NULL, NULL, 'Sarita Bopalkar', '', 0, '', '', '', '', '', '', 'active', 'yes', 0, 0),
(489, NULL, NULL, 'Mrinai Dhanvijay', '', 0, '', '', '', '', '', '', 'active', 'yes', 0, 0),
(490, NULL, NULL, 'Shrinivasrao B. Kulkarni', '', 0, '', '', '', '', '', '', 'active', 'yes', 0, 0),
(491, NULL, NULL, 'Rejo Mathew', '', 0, '', '', '', '', '', '', 'active', 'yes', 0, 0),
(492, NULL, NULL, 'Manisha Naoghare', '', 0, '', '', '', '', '', '', 'active', 'yes', 0, 0),
(493, NULL, NULL, 'Amol Bhagat', '', 0, '', '', '', '', '', '', 'active', 'yes', 0, 0),
(494, NULL, NULL, 'Balasaheb Tarle', '', 0, '', '', '', '', '', '', 'active', 'yes', 0, 0),
(495, NULL, NULL, 'Deepak Gala', '', 0, '', '', '', '', '', '', 'active', 'yes', 0, 0),
(496, NULL, NULL, 'Rakesh Jha', '', 0, '', '', '', '', '', '', 'active', 'yes', 0, 0),
(497, NULL, NULL, 'Yogesh Karunakar', '', 0, '', '', '', '', '', '', 'active', 'yes', 0, 0),
(498, NULL, NULL, 'Gnana Jayanthi Joseph', '', 0, '', '', '', '', '', '', 'active', 'yes', 0, 0),
(499, NULL, NULL, 'David Solomon Raju Y', '', 0, '', '', '', '', '', '', 'active', 'yes', 0, 0),
(500, NULL, NULL, 'Dr. B. K. Mishra Mishra', '', 0, '', '', '', '', '', '', 'active', 'yes', 0, 0),
(501, NULL, NULL, 'Assit Mr.R.D. Patane', '', 0, '', '', '', '', '', '', 'active', 'yes', 0, 0),
(502, NULL, NULL, 'Vinod Kumar Joshi', '', 0, '', '', '', '', '', '', 'active', 'yes', 0, 0),
(503, NULL, NULL, 'Shailendra Singh', '', 0, '', '', '', '', '', '', 'active', 'yes', 0, 0),
(504, NULL, NULL, 'Anoop Singh', '', 0, '', '', '', '', '', '', 'active', 'yes', 0, 0),
(505, NULL, NULL, 'Sarfraz Khan', '', 0, '', '', '', '', '', '', 'active', 'yes', 0, 0),
(506, NULL, NULL, 'Dr. V. M. Thakare', '', 0, '', '', '', '', '', '', 'active', 'yes', 0, 0),
(507, NULL, NULL, 'Dushyant Agarwal', '', 0, '', '', '', '', '', '', 'active', 'yes', 0, 0),
(508, NULL, NULL, 'Gaurav Budjade', '', 0, '', '', '', '', '', '', 'active', 'yes', 0, 0),
(509, NULL, NULL, 'Ravi Patel', '', 0, '', '', '', '', '', '', 'active', 'yes', 0, 0),
(510, NULL, NULL, 'Mrs.Shoba Krishnan', '', 0, '', '', '', '', '', '', 'active', 'yes', 0, 0),
(511, NULL, NULL, 'Shreyans Mulkutkar', '', 0, '', '', '', '', '', '', 'active', 'yes', 0, 0),
(512, NULL, NULL, 'Sunil G', '', 0, '', '', '', '', '', '', 'active', 'yes', 0, 0),
(513, NULL, NULL, 'Nilima Bodhaye', '', 0, '', '', '', '', '', '', 'active', 'yes', 0, 0),
(514, NULL, NULL, 'Shashank Jain', '', 0, '', '', '', '', '', '', 'active', 'yes', 0, 0),
(515, NULL, NULL, 'Hridyesh Basall', '', 0, '', '', '', '', '', '', 'active', 'yes', 0, 0),
(516, NULL, NULL, 'G.V. Uma', '', 0, '', '', '', '', '', '', 'active', 'yes', 0, 0),
(517, NULL, NULL, 'Narina Thakur', '', 0, '', '', '', '', '', '', 'active', 'yes', 0, 0),
(518, NULL, NULL, 'Pramila Chawan', '', 0, '', '', '', '', '', '', 'active', 'yes', 0, 0),
(519, NULL, NULL, 'Vimal Kumar', '', 0, '', '', '', '', '', '', 'active', 'yes', 0, 0),
(520, NULL, NULL, 'Sudhir Bagul', '', 0, '', '', '', '', '', '', 'active', 'yes', 0, 0),
(521, NULL, NULL, 'Saravanan A', '', 0, '', '', '', '', '', '', 'active', 'yes', 0, 0),
(522, NULL, NULL, 'Dr S.S.Mantha', '', 0, '', '', '', '', '', '', 'active', 'yes', 0, 0),
(523, NULL, NULL, 'Shruti Shetty', '', 0, '', '', '', '', '', '', 'active', 'yes', 0, 0),
(524, NULL, NULL, 'Balasundaram Saddu', '', 0, '', '', '', '', '', '', 'active', 'yes', 0, 0),
(525, NULL, NULL, 'Bhavesh Jain', '', 0, '', '', '', '', '', '', 'active', 'yes', 0, 0),
(526, NULL, NULL, 'Dr.Murugesan Karuppiah', '', 0, '', '', '', '', '', '', 'active', 'yes', 0, 0),
(527, NULL, NULL, 'Akhil Khare', '', 0, '', '', '', '', '', '', 'active', 'yes', 0, 0),
(528, NULL, NULL, 'Dr. Ravindra Thool', '', 0, '', '', '', '', '', '', 'active', 'yes', 0, 0),
(529, NULL, NULL, 'Shailly Jain', '', 0, '', '', '', '', '', '', 'active', 'yes', 0, 0),
(530, NULL, NULL, 'Poorva Waingankar', '', 0, '', '', '', '', '', '', 'active', 'yes', 0, 0),
(531, NULL, NULL, 'Chayanika Agarwal', '', 0, '', '', '', '', '', '', 'active', 'yes', 0, 0),
(532, NULL, NULL, 'Dilkush Patel', '', 0, '', '', '', '', '', '', 'active', 'yes', 0, 0),
(533, NULL, NULL, 'Rashmi Vipat', '', 0, '', '', '', '', '', '', 'active', 'yes', 0, 0),
(534, NULL, NULL, 'Anurag Agarawal', '', 0, '', '', '', '', '', '', 'active', 'yes', 0, 0),
(535, NULL, NULL, 'Pravin Dere', '', 0, '', '', '', '', '', '', 'active', 'yes', 0, 0),
(536, NULL, NULL, 'Abhijeet Nirgude', '', 0, '', '', '', '', '', '', 'active', 'yes', 0, 0),
(537, NULL, NULL, 'Mohd.-Sadique Ali', '', 0, '', '', '', '', '', '', 'active', 'yes', 0, 0),
(538, NULL, NULL, 'Durga Prasad Mohapatra', '', 0, '', '', '', '', '', '', 'active', 'yes', 0, 0),
(539, NULL, NULL, 'Rajesh Kumar', '', 0, '', '', '', '', '', '', 'active', 'yes', 0, 0),
(540, NULL, NULL, 'Shirish Verma', '', 0, '', '', '', '', '', '', 'active', 'yes', 0, 0),
(541, NULL, NULL, 'Trimbak Sontakke', '', 0, '', '', '', '', '', '', 'active', 'yes', 0, 0),
(542, NULL, NULL, 'Rishikant Dubey', '', 0, '', '', '', '', '', '', 'active', 'yes', 0, 0),
(543, NULL, NULL, 'Chetan Phalak', '', 0, '', '', '', '', '', '', 'active', 'yes', 0, 0),
(544, NULL, NULL, 'Dr. S.C. Sharma', '', 0, '', '', '', '', '', '', 'active', 'yes', 0, 0),
(545, NULL, NULL, 'Balasundaram Sadhu Ramakrishanan', '', 0, '', '', '', '', '', '', 'active', 'yes', 0, 0),
(546, NULL, NULL, 'Rishabh Goyal', '', 0, '', '', '', '', '', '', 'active', 'yes', 0, 0),
(547, NULL, NULL, 'Tanupriya Singh', '', 0, '', '', '', '', '', '', 'active', 'yes', 0, 0);
INSERT INTO `users` (`id`, `username`, `password`, `name`, `email`, `home_institute`, `phone`, `street`, `city`, `pincode`, `state`, `country`, `status`, `registered`, `amount`, `extra`) VALUES
(548, NULL, NULL, 'Aravindan Chandrabose', '', 0, '', '', '', '', '', '', 'active', 'yes', 0, 0),
(549, NULL, NULL, 'Dr. S.China Venkateswarlu Sonagiri', '', 0, '', '', '', '', '', '', 'active', 'yes', 0, 0),
(550, NULL, NULL, 'Farooq Md.', '', 0, '', '', '', '', '', '', 'active', 'yes', 0, 0),
(551, NULL, NULL, 'K.T.V. Reddy', '', 0, '', '', '', '', '', '', 'active', 'yes', 0, 0),
(552, NULL, NULL, 'Arpita Gopal', '', 0, '', '', '', '', '', '', 'active', 'yes', 0, 0),
(553, NULL, NULL, 'Avijit Kar', '', 0, '', '', '', '', '', '', 'active', 'yes', 0, 0),
(554, NULL, NULL, 'Manoj Nambiar', '', 0, '', '', '', '', '', '', 'active', 'yes', 0, 0),
(555, NULL, NULL, 'Rajesh Wadhwa', '', 0, '', '', '', '', '', '', 'active', 'yes', 0, 0),
(556, NULL, NULL, 'Kalpana Thakre', '', 0, '', '', '', '', '', '', 'active', 'yes', 0, 0),
(557, NULL, NULL, 'Priyesh Kanungo', '', 0, '', '', '', '', '', '', 'active', 'yes', 0, 0),
(558, NULL, NULL, 'Harsh Shah', '', 0, '', '', '', '', '', '', 'active', 'yes', 0, 0),
(559, NULL, NULL, 'Dr. Umakant Kulkarni', '', 0, '', '', '', '', '', '', 'active', 'yes', 0, 0),
(560, NULL, NULL, 'Ravindra Patil', '', 0, '', '', '', '', '', '', 'active', 'yes', 0, 0),
(561, NULL, NULL, 'Sanjeev Sharma', '', 0, '', '', '', '', '', '', 'active', 'yes', 0, 0),
(562, NULL, NULL, 'Anita Fernandes', '', 0, '', '', '', '', '', '', 'active', 'yes', 0, 0),
(563, NULL, NULL, 'Dr.Rohin Daruwala', '', 0, '', '', '', '', '', '', 'active', 'yes', 0, 0),
(564, NULL, NULL, 'Y.David Solomon Raju', '', 0, '', '', '', '', '', '', 'active', 'yes', 0, 0),
(565, NULL, NULL, 'Sudeep D. Thepade', '', 0, '', '', '', '', '', '', 'active', 'yes', 0, 0),
(566, NULL, NULL, 'Prof. D.R Mehta', '', 0, '', '', '', '', '', '', 'active', 'yes', 0, 0),
(567, NULL, NULL, 'Aishwarya Bhandari', '', 0, '', '', '', '', '', '', 'active', 'yes', 0, 0),
(568, NULL, NULL, 'Soham Mody', '', 0, '', '', '', '', '', '', 'active', 'yes', 0, 0),
(569, NULL, NULL, 'Manoj Sankhe', '', 0, '', '', '', '', '', '', 'active', 'yes', 0, 0),
(570, NULL, NULL, 'Swarna Moorthy', '', 0, '', '', '', '', '', '', 'active', 'yes', 0, 0),
(571, NULL, NULL, 'Shiv Raj Soni', '', 0, '', '', '', '', '', '', 'active', 'yes', 0, 0),
(572, NULL, NULL, 'Archana Athawale', '', 0, '', '', '', '', '', '', 'active', 'yes', 0, 0),
(573, NULL, NULL, 'Soumya S', '', 0, '', '', '', '', '', '', 'active', 'yes', 0, 0),
(574, NULL, NULL, 'Devidas Kalwale', '', 0, '', '', '', '', '', '', 'active', 'yes', 0, 0),
(575, NULL, NULL, 'Balakrishna .Sreeramulu Rongali', '', 0, '', '', '', '', '', '', 'active', 'yes', 0, 0),
(576, NULL, NULL, 'Bharatram N', '', 0, '', '', '', '', '', '', 'active', 'yes', 0, 0),
(577, NULL, NULL, 'Suprava Patnaik', '', 0, '', '', '', '', '', '', 'active', 'yes', 0, 0),
(578, NULL, NULL, 'Dr.Raj Kumar', '', 0, '', '', '', '', '', '', 'active', 'yes', 0, 0),
(579, NULL, NULL, 'Tanuja Sarode', '', 0, '', '', '', '', '', '', 'active', 'yes', 0, 0),
(580, NULL, NULL, 'Anitha T N', '', 0, '', '', '', '', '', '', 'active', 'yes', 0, 0),
(581, NULL, NULL, 'H.B. Kekre Kekre', '', 0, '', '', '', '', '', '', 'active', 'yes', 0, 0),
(582, NULL, NULL, 'Akhilendra Pratap Singh', '', 0, '', '', '', '', '', '', 'active', 'yes', 0, 0),
(583, NULL, NULL, 'Alefiya Nalawala', '', 0, '', '', '', '', '', '', 'active', 'yes', 0, 0),
(584, NULL, NULL, 'Dr.Sudhir Sawarkar', '', 0, '', '', '', '', '', '', 'active', 'yes', 0, 0),
(585, NULL, NULL, 'S Natarajan', '', 0, '', '', '', '', '', '', 'active', 'yes', 0, 0),
(586, NULL, NULL, 'Ripal Patel', '', 0, '', '', '', '', '', '', 'active', 'yes', 0, 0),
(587, NULL, NULL, 'Prof. Upena Dalal', '', 0, '', '', '', '', '', '', 'active', 'yes', 0, 0),
(588, NULL, NULL, 'Vineeth Mohan', '', 0, '', '', '', '', '', '', 'active', 'yes', 0, 0),
(589, NULL, NULL, 'Rakesh Nashine', '', 0, '', '', '', '', '', '', 'active', 'yes', 0, 0),
(590, NULL, NULL, 'Dr. Tanuja Sarode', '', 0, '', '', '', '', '', '', 'active', 'yes', 0, 0),
(591, NULL, NULL, 'Parisa Begam M', '', 0, '', '', '', '', '', '', 'active', 'yes', 0, 0),
(592, NULL, NULL, 'Kashmira Deshpande', '', 0, '', '', '', '', '', '', 'active', 'yes', 0, 0),
(593, NULL, NULL, 'Sivagami P', '', 0, '', '', '', '', '', '', 'active', 'yes', 0, 0),
(594, NULL, NULL, 'Prof Dr. R. S. Kawitkar', '', 0, '', '', '', '', '', '', 'active', 'yes', 0, 0),
(595, NULL, NULL, 'Nirnjan Devashrayee', '', 0, '', '', '', '', '', '', 'active', 'yes', 0, 0),
(596, NULL, NULL, 'Shrikant Purohit', '', 0, '', '', '', '', '', '', 'active', 'yes', 0, 0),
(597, NULL, NULL, 'Antony Joe Christo P', '', 0, '', '', '', '', '', '', 'active', 'yes', 0, 0),
(598, NULL, NULL, 'Hari Hablani', '', 0, '', '', '', '', '', '', 'active', 'yes', 0, 0),
(599, NULL, NULL, 'Abhijit K G', '', 0, '', '', '', '', '', '', 'active', 'yes', 0, 0),
(600, NULL, NULL, 'Vijaya Shandilya', '', 0, '', '', '', '', '', '', 'active', 'yes', 0, 0),
(601, NULL, NULL, 'Abhinav Prakash', '', 0, '', '', '', '', '', '', 'active', 'yes', 0, 0),
(602, NULL, NULL, 'Gavendra Singh', '', 0, '', '', '', '', '', '', 'active', 'yes', 0, 0),
(603, NULL, NULL, 'Dr.Dilbag Singh', '', 0, '', '', '', '', '', '', 'active', 'yes', 0, 0),
(604, NULL, NULL, 'Madhumita Chateerjee', '', 0, '', '', '', '', '', '', 'active', 'yes', 0, 0),
(605, NULL, NULL, 'Kanchana Rajaram', '', 0, '', '', '', '', '', '', 'active', 'yes', 0, 0),
(606, NULL, NULL, 'Venmathi Mahendran', '', 0, '', '', '', '', '', '', 'active', 'yes', 0, 0),
(607, NULL, NULL, 'Ms. Sukruti Kaulgud', '', 0, '', '', '', '', '', '', 'active', 'yes', 0, 0),
(608, NULL, NULL, 'B Karpagam', '', 0, '', '', '', '', '', '', 'active', 'yes', 0, 0),
(609, NULL, NULL, 'Nilesh Chaudhari', '', 0, '', '', '', '', '', '', 'active', 'yes', 0, 0),
(610, NULL, NULL, 'Prasanna Palsodkar', '', 0, '', '', '', '', '', '', 'active', 'yes', 0, 0),
(611, NULL, NULL, 'Nikunj Patel', '', 0, '', '', '', '', '', '', 'active', 'yes', 0, 0),
(612, NULL, NULL, 'S N Talbar', '', 0, '', '', '', '', '', '', 'active', 'yes', 0, 0),
(613, NULL, NULL, 'Vb Gaikwad', '', 0, '', '', '', '', '', '', 'active', 'yes', 0, 0),
(614, NULL, NULL, 'Tryambak Sontakke', '', 0, '', '', '', '', '', '', 'active', 'yes', 0, 0),
(615, NULL, NULL, 'Nilashree Wankhede', '', 0, '', '', '', '', '', '', 'active', 'yes', 0, 0),
(616, NULL, NULL, 'Rahul Patil', '', 0, '', '', '', '', '', '', 'active', 'yes', 0, 0),
(617, NULL, NULL, 'Ashok Kumar Gupta', '', 0, '', '', '', '', '', '', 'active', 'yes', 0, 0),
(618, NULL, NULL, 'Sanjay Wagh', '', 0, '', '', '', '', '', '', 'active', 'yes', 0, 0),
(619, NULL, NULL, 'Chandra Sekhar P.N.R.L.', '', 0, '', '', '', '', '', '', 'active', 'yes', 0, 0),
(620, NULL, NULL, 'Ms. Suvarna Ketkar', '', 0, '', '', '', '', '', '', 'active', 'yes', 0, 0),
(621, NULL, NULL, 'Pramod Mishra', '', 0, '', '', '', '', '', '', 'active', 'yes', 0, 0),
(622, NULL, NULL, 'Arpita Nair', '', 0, '', '', '', '', '', '', 'active', 'yes', 0, 0),
(623, NULL, NULL, 'Satish R. Deavne', '', 0, '', '', '', '', '', '', 'active', 'yes', 0, 0),
(624, NULL, NULL, 'Nirmala Bisht', '', 0, '', '', '', '', '', '', 'active', 'yes', 0, 0),
(625, NULL, NULL, 'A Jaya Laxmi', '', 0, '', '', '', '', '', '', 'active', 'yes', 0, 0),
(626, NULL, NULL, 'Amit Sawant', '', 0, '', '', '', '', '', '', 'active', 'yes', 0, 0),
(627, NULL, NULL, 'Mahesh Kumbhar', '', 0, '', '', '', '', '', '', 'active', 'yes', 0, 0),
(628, NULL, NULL, 'Kiran Deshpande!', '', 0, '', '', '', '', '', '', 'active', 'yes', 0, 0),
(629, NULL, NULL, 'Sagolsem Kripachariya Singh', '', 0, '', '', '', '', '', '', 'active', 'yes', 0, 0),
(630, NULL, NULL, 'Prsannati Kulkarni', '', 0, '', '', '', '', '', '', 'active', 'yes', 0, 0),
(631, NULL, NULL, 'Wankhede', '', 0, '', '', '', '', '', '', 'active', 'yes', 0, 0),
(632, NULL, NULL, 'Mrs.Jyoti Chaudhari', '', 0, '', '', '', '', '', '', 'active', 'yes', 0, 0),
(633, NULL, NULL, 'Ajai Jain', '', 0, '', '', '', '', '', '', 'active', 'yes', 0, 0),
(634, NULL, NULL, 'Pamu Kumar Swamy', '', 0, '', '', '', '', '', '', 'active', 'yes', 0, 0),
(635, NULL, NULL, 'Pamukumar Swamy', '', 0, '', '', '', '', '', '', 'active', 'yes', 0, 0),
(636, NULL, NULL, 'Nidhi Chandel', '', 0, '', '', '', '', '', '', 'active', 'yes', 0, 0),
(637, NULL, NULL, 'Dhruv Arora', '', 0, '', '', '', '', '', '', 'active', 'yes', 0, 0),
(638, NULL, NULL, 'Avinash Gawande', '', 0, '', '', '', '', '', '', 'active', 'yes', 0, 0),
(639, NULL, NULL, 'Sangeetha', '', 0, '', '', '', '', '', '', 'active', 'yes', 0, 0),
(640, NULL, NULL, 'Mohd Husain', '', 0, '', '', '', '', '', '', 'active', 'yes', 0, 0),
(641, NULL, NULL, 'Raghunath Holambe', '', 0, '', '', '', '', '', '', 'active', 'yes', 0, 0),
(642, NULL, NULL, 'Bharat Jadhav', '', 0, '', '', '', '', '', '', 'active', 'yes', 0, 0),
(643, NULL, NULL, 'Prateek Deshmukh', '', 0, '', '', '', '', '', '', 'active', 'yes', 0, 0),
(644, NULL, NULL, 'Aswan Kumar', '', 0, '', '', '', '', '', '', 'active', 'yes', 0, 0),
(645, NULL, NULL, 'Jayashree Shinde', '', 0, '', '', '', '', '', '', 'active', 'yes', 0, 0),
(646, NULL, NULL, 'Dr K.T.V. Reddy', '', 0, '', '', '', '', '', '', 'active', 'yes', 0, 0),
(647, NULL, NULL, 'Shivraj Vadageri', '', 0, '', '', '', '', '', '', 'active', 'yes', 0, 0),
(648, NULL, NULL, 'Kiran Bhole', '', 0, '', '', '', '', '', '', 'active', 'yes', 0, 0),
(649, NULL, NULL, 'Birmohan Singh', '', 0, '', '', '', '', '', '', 'active', 'yes', 0, 0),
(650, NULL, NULL, 'Archana Rajurkar', '', 0, '', '', '', '', '', '', 'active', 'yes', 0, 0),
(651, NULL, NULL, 'Sreenadh Reddy', '', 0, '', '', '', '', '', '', 'active', 'yes', 0, 0),
(652, NULL, NULL, 'Venkata Ramana Teppala', '', 0, '', '', '', '', '', '', 'active', 'yes', 0, 0),
(653, NULL, NULL, 'Jayasree Pappula', '', 0, '', '', '', '', '', '', 'active', 'yes', 0, 0),
(654, NULL, NULL, 'M Panse', '', 0, '', '', '', '', '', '', 'active', 'yes', 0, 0),
(655, NULL, NULL, 'S. S. Sarangdevot', '', 0, '', '', '', '', '', '', 'active', 'yes', 0, 0),
(656, NULL, NULL, 'Dipesh Malvia', '', 0, '', '', '', '', '', '', 'active', 'yes', 0, 0),
(657, NULL, NULL, 'Dr Srikantha Rao', '', 0, '', '', '', '', '', '', 'active', 'yes', 0, 0),
(658, NULL, NULL, 'Sanjay Haridas', '', 0, '', '', '', '', '', '', 'active', 'yes', 0, 0),
(659, NULL, NULL, 'Rajendra Kanphade', '', 0, '', '', '', '', '', '', 'active', 'yes', 0, 0),
(660, NULL, NULL, 'Vipul Dalal', '', 0, '', '', '', '', '', '', 'active', 'yes', 0, 0),
(661, NULL, NULL, 'Anoop N G', '', 0, '', '', '', '', '', '', 'active', 'yes', 0, 0),
(662, NULL, NULL, 'Iype Joseph', '', 0, '', '', '', '', '', '', 'active', 'yes', 0, 0),
(663, NULL, NULL, 'Ramesh Nair', '', 0, '', '', '', '', '', '', 'active', 'yes', 0, 0),
(664, NULL, NULL, 'Vineeth Radhakrishnan', '', 0, '', '', '', '', '', '', 'active', 'yes', 0, 0),
(665, NULL, NULL, 'Megha Desai', '', 0, '', '', '', '', '', '', 'active', 'yes', 0, 0),
(666, NULL, NULL, 'Dr. Vishal Verma', '', 0, '', '', '', '', '', '', 'active', 'yes', 0, 0),
(667, NULL, NULL, 'Amit Patil', '', 0, '', '', '', '', '', '', 'active', 'yes', 0, 0),
(668, NULL, NULL, 'Shivraj Vadgeri', '', 0, '', '', '', '', '', '', 'active', 'yes', 0, 0),
(669, NULL, NULL, 'Gayatri Srivathsan', '', 0, '', '', '', '', '', '', 'active', 'yes', 0, 0),
(670, NULL, NULL, 'Akshay Naregalkar', '', 0, '', '', '', '', '', '', 'active', 'yes', 0, 0),
(671, NULL, NULL, 'Girish Deshpande', '', 0, '', '', '', '', '', '', 'active', 'yes', 0, 0),
(672, NULL, NULL, 'Ajitsingh Rawat', '', 0, '', '', '', '', '', '', 'active', 'yes', 0, 0),
(673, NULL, NULL, 'Jalpa Mehta', '', 0, '', '', '', '', '', '', 'active', 'yes', 0, 0),
(674, NULL, NULL, 'Rajankumar Bichkar', '', 0, '', '', '', '', '', '', 'active', 'yes', 0, 0),
(675, NULL, NULL, 'Rajeevan Chandel', '', 0, '', '', '', '', '', '', 'active', 'yes', 0, 0),
(676, NULL, NULL, 'Nareshkumar Harale', '', 0, '', '', '', '', '', '', 'active', 'yes', 0, 0),
(677, NULL, NULL, 'G.T. Thampi', '', 0, '', '', '', '', '', '', 'active', 'yes', 0, 0),
(678, NULL, NULL, 'Mandar Sohani', '', 0, '', '', '', '', '', '', 'active', 'yes', 0, 0),
(679, NULL, NULL, 'Jaydeep Patwardhan', '', 0, '', '', '', '', '', '', 'active', 'yes', 0, 0),
(680, NULL, NULL, 'Leena Ragha', '', 0, '', '', '', '', '', '', 'active', 'yes', 0, 0),
(681, NULL, NULL, 'Amit Kumar Chandola', '', 0, '', '', '', '', '', '', 'active', 'yes', 0, 0),
(682, NULL, NULL, 'Pooja Sharma', '', 0, '', '', '', '', '', '', 'active', 'yes', 0, 0),
(683, NULL, NULL, 'Naveeta Kant', '', 0, '', '', '', '', '', '', 'active', 'yes', 0, 0),
(684, NULL, NULL, 'K T V Reddy', '', 0, '', '', '', '', '', '', 'active', 'yes', 0, 0),
(685, NULL, NULL, 'Hemambaradhara Rao Paidi', '', 0, '', '', '', '', '', '', 'active', 'yes', 0, 0),
(686, NULL, NULL, 'Manisha Prakash', '', 0, '', '', '', '', '', '', 'active', 'yes', 0, 0),
(687, NULL, NULL, 'Vijay Katkar', '', 0, '', '', '', '', '', '', 'active', 'yes', 0, 0),
(688, NULL, NULL, 'Kiran Bendigeri', '', 0, '', '', '', '', '', '', 'active', 'yes', 0, 0),
(689, NULL, NULL, 'Adri Jovin', '', 0, '', '', '', '', '', '', 'active', 'yes', 0, 0),
(690, NULL, NULL, 'Arjun Jaiswal', '', 0, '', '', '', '', '', '', 'active', 'yes', 0, 0),
(691, NULL, NULL, 'Sangita Patil', '', 0, '', '', '', '', '', '', 'active', 'yes', 0, 0),
(692, NULL, NULL, 'D S Guru', '', 0, '', '', '', '', '', '', 'active', 'yes', 0, 0),
(693, NULL, NULL, 'Venkatesh Moorthy', '', 0, '', '', '', '', '', '', 'active', 'yes', 0, 0),
(694, NULL, NULL, 'Ashok Dighe', '', 0, '', '', '', '', '', '', 'active', 'yes', 0, 0),
(695, NULL, NULL, 'Minal Keote', '', 0, '', '', '', '', '', '', 'active', 'yes', 0, 0),
(696, NULL, NULL, 'Dr.Dharmesh Shah', '', 0, '', '', '', '', '', '', 'active', 'yes', 0, 0),
(697, NULL, NULL, 'Dr.Gnanamurthy R.K.', '', 0, '', '', '', '', '', '', 'active', 'yes', 0, 0),
(698, NULL, NULL, 'Arun Kulkarni', '', 0, '', '', '', '', '', '', 'active', 'yes', 0, 0),
(699, NULL, NULL, 'Retna Gk', '', 0, '', '', '', '', '', '', 'active', 'yes', 0, 0),
(700, NULL, NULL, 'Ms Archana Athawale', '', 0, '', '', '', '', '', '', 'active', 'yes', 0, 0),
(701, NULL, NULL, 'Kunal Meher', '', 0, '', '', '', '', '', '', 'active', 'yes', 0, 0),
(702, NULL, NULL, 'Pratap Vikhe', '', 0, '', '', '', '', '', '', 'active', 'yes', 0, 0),
(703, NULL, NULL, 'N.R.Indira', '', 0, '', '', '', '', '', '', 'active', 'yes', 0, 0),
(704, NULL, NULL, 'Nagesh Mapari', '', 0, '', '', '', '', '', '', 'active', 'yes', 0, 0),
(705, NULL, NULL, 'Srikantha Rao', '', 0, '', '', '', '', '', '', 'active', 'yes', 0, 0),
(706, NULL, NULL, 'Neelkant Killarikar', '', 0, '', '', '', '', '', '', 'active', 'yes', 0, 0),
(707, NULL, NULL, 'Sujay Shetty', '', 0, '', '', '', '', '', '', 'active', 'yes', 0, 0),
(708, NULL, NULL, 'Priyanka Panchal', '', 0, '', '', '', '', '', '', 'active', 'yes', 0, 0),
(709, NULL, NULL, 'Rupesh Rawat', '', 0, '', '', '', '', '', '', 'active', 'yes', 0, 0),
(710, NULL, NULL, 'Aniruddha Deshpande', '', 0, '', '', '', '', '', '', 'active', 'yes', 0, 0),
(711, NULL, NULL, 'Santosh Narayankhedkar', '', 0, '', '', '', '', '', '', 'active', 'yes', 0, 0),
(712, NULL, NULL, 'Sayyed Ghazali', '', 0, '', '', '', '', '', '', 'active', 'yes', 0, 0),
(713, NULL, NULL, 'Sanjivani Patil', '', 0, '', '', '', '', '', '', 'active', 'yes', 0, 0),
(714, NULL, NULL, 'Dr.Tanuja Sarode', '', 0, '', '', '', '', '', '', 'active', 'yes', 0, 0),
(715, NULL, NULL, 'Vivek Kapur', '', 0, '', '', '', '', '', '', 'active', 'yes', 0, 0),
(716, NULL, NULL, 'Dr.Jayachandra Prasad Talari', '', 0, '', '', '', '', '', '', 'active', 'yes', 0, 0),
(717, NULL, NULL, 'Asha Durafe', '', 0, '', '', '', '', '', '', 'active', 'yes', 0, 0),
(718, NULL, NULL, 'Vaishali Sahu', '', 0, '', '', '', '', '', '', 'active', 'yes', 0, 0),
(719, NULL, NULL, 'Venkatesh Kulkarni', '', 0, '', '', '', '', '', '', 'active', 'yes', 0, 0),
(720, NULL, NULL, 'Shobha Krishnan', '', 0, '', '', '', '', '', '', 'active', 'yes', 0, 0),
(721, NULL, NULL, 'Dr.Jayachandra Prasad Talati', '', 0, '', '', '', '', '', '', 'active', 'yes', 0, 0),
(722, NULL, NULL, 'R. N. Awale', '', 0, '', '', '', '', '', '', 'active', 'yes', 0, 0),
(723, NULL, NULL, 'Sharda Devi Mandalapu', '', 0, '', '', '', '', '', '', 'active', 'yes', 0, 0),
(724, NULL, NULL, 'Bharat Behl', '', 0, '', '', '', '', '', '', 'active', 'yes', 0, 0),
(725, NULL, NULL, 'Megha Arakeri', '', 0, '', '', '', '', '', '', 'active', 'yes', 0, 0),
(726, NULL, NULL, 'Shailesh Singh Chouhan', '', 0, '', '', '', '', '', '', 'active', 'yes', 0, 0),
(727, NULL, NULL, 'Vaishali Kulkarni', '', 0, '', '', '', '', '', '', 'active', 'yes', 0, 0),
(728, NULL, NULL, 'Vaishali Tidake', '', 0, '', '', '', '', '', '', 'active', 'yes', 0, 0),
(729, NULL, NULL, 'Seema Kolkur', '', 0, '', '', '', '', '', '', 'active', 'yes', 0, 0),
(730, NULL, NULL, 'Kunal Jain', '', 0, '', '', '', '', '', '', 'active', 'yes', 0, 0),
(731, NULL, NULL, 'Amit Jadhav', '', 0, '', '', '', '', '', '', 'active', 'yes', 0, 0),
(732, NULL, NULL, 'Ashok Kumar', '', 0, '', '', '', '', '', '', 'active', 'yes', 0, 0),
(733, NULL, NULL, 'Sushil Thale', '', 0, '', '', '', '', '', '', 'active', 'yes', 0, 0),
(734, NULL, NULL, 'Dr. Meera Shanker', '', 0, '', '', '', '', '', '', 'active', 'yes', 0, 0),
(735, NULL, NULL, 'Sandip Mane', '', 0, '', '', '', '', '', '', 'active', 'yes', 0, 0),
(736, NULL, NULL, 'Sushma Khanvilkar', '', 0, '', '', '', '', '', '', 'active', 'yes', 0, 0),
(737, NULL, NULL, 'Mukesh Singh', '', 0, '', '', '', '', '', '', 'active', 'yes', 0, 0),
(738, NULL, NULL, 'Poornima Talwai', '', 0, '', '', '', '', '', '', 'active', 'yes', 0, 0),
(739, NULL, NULL, 'Dr. Ravindra S. Hegadi', '', 0, '', '', '', '', '', '', 'active', 'yes', 0, 0),
(740, NULL, NULL, 'V.M. Deshmukh', '', 0, '', '', '', '', '', '', 'active', 'yes', 0, 0),
(741, NULL, NULL, 'Bhaskar Harle', '', 0, '', '', '', '', '', '', 'active', 'yes', 0, 0),
(742, NULL, NULL, 'Narayan K', '', 0, '', '', '', '', '', '', 'active', 'yes', 0, 0),
(743, NULL, NULL, 'Loveena Stephen', '', 0, '', '', '', '', '', '', 'active', 'yes', 0, 0),
(744, NULL, NULL, 'Jigar Patel', '', 0, '', '', '', '', '', '', 'active', 'yes', 0, 0),
(745, NULL, NULL, 'Kinn Savla', '', 0, '', '', '', '', '', '', 'active', 'yes', 0, 0),
(746, NULL, NULL, 'Suneeta Agarwal', '', 0, '', '', '', '', '', '', 'active', 'yes', 0, 0),
(747, NULL, NULL, 'Shivendu Mishra', '', 0, '', '', '', '', '', '', 'active', 'yes', 0, 0),
(748, NULL, NULL, 'Dr. A Vinaya Babu', '', 0, '', '', '', '', '', '', 'active', 'yes', 0, 0),
(749, NULL, NULL, 'Arpita Sharma', '', 0, '', '', '', '', '', '', 'active', 'yes', 0, 0),
(750, NULL, NULL, 'Sachin Jaiswal', '', 0, '', '', '', '', '', '', 'active', 'yes', 0, 0),
(751, NULL, NULL, 'Annapoorani G.', '', 0, '', '', '', '', '', '', 'active', 'yes', 0, 0),
(752, NULL, NULL, 'Pallavi Bangare', '', 0, '', '', '', '', '', '', 'active', 'yes', 0, 0),
(753, NULL, NULL, 'Sandeep Chaware', '', 0, '', '', '', '', '', '', 'active', 'yes', 0, 0),
(754, NULL, NULL, 'Dileep Kumar', '', 0, '', '', '', '', '', '', 'active', 'yes', 0, 0),
(755, NULL, NULL, 'Abhishek Raut', '', 0, '', '', '', '', '', '', 'active', 'yes', 0, 0),
(756, NULL, NULL, 'Manoj Gupta', '', 0, '', '', '', '', '', '', 'active', 'yes', 0, 0),
(757, NULL, NULL, 'Deepti Patole', '', 0, '', '', '', '', '', '', 'active', 'yes', 0, 0),
(758, NULL, NULL, 'Someswara Siripuram', '', 0, '', '', '', '', '', '', 'active', 'yes', 0, 0),
(759, NULL, NULL, 'Aman Jain', '', 0, '', '', '', '', '', '', 'active', 'yes', 0, 0),
(760, NULL, NULL, 'Kannan Kirthivasan', '', 0, '', '', '', '', '', '', 'active', 'yes', 0, 0),
(761, NULL, NULL, 'Renu Babu M', '', 0, '', '', '', '', '', '', 'active', 'yes', 0, 0),
(762, NULL, NULL, 'Somasekhar G', '', 0, '', '', '', '', '', '', 'active', 'yes', 0, 0),
(763, NULL, NULL, 'Omprakash Vishwakarma', '', 0, '', '', '', '', '', '', 'active', 'yes', 0, 0),
(764, NULL, NULL, 'Manohar Chandwani', '', 0, '', '', '', '', '', '', 'active', 'yes', 0, 0),
(765, NULL, NULL, 'Aashirvad Khatanhar', '', 0, '', '', '', '', '', '', 'active', 'yes', 0, 0),
(766, NULL, NULL, 'Priyanka Garud', '', 0, '', '', '', '', '', '', 'active', 'yes', 0, 0),
(767, NULL, NULL, 'Swapneel Bhandarkar', '', 0, '', '', '', '', '', '', 'active', 'yes', 0, 0),
(768, NULL, NULL, 'Juhi Jain', '', 0, '', '', '', '', '', '', 'active', 'yes', 0, 0),
(769, NULL, NULL, 'Suraj Kumar Parganiha', '', 0, '', '', '', '', '', '', 'active', 'yes', 0, 0),
(770, NULL, NULL, 'Kunal Desai', '', 0, '', '', '', '', '', '', 'active', 'yes', 0, 0),
(771, NULL, NULL, 'Dhrumil Joshi', '', 0, '', '', '', '', '', '', 'active', 'yes', 0, 0),
(772, NULL, NULL, 'Prashant Sonare', '', 0, '', '', '', '', '', '', 'active', 'yes', 0, 0),
(773, NULL, NULL, 'Onkar Kadam', '', 0, '', '', '', '', '', '', 'active', 'yes', 0, 0),
(774, NULL, NULL, 'Sheetal Maheshwari', '', 0, '', '', '', '', '', '', 'active', 'yes', 0, 0),
(775, NULL, NULL, 'Dr.Vinita Dhulia', '', 0, '', '', '', '', '', '', 'active', 'yes', 0, 0),
(776, NULL, NULL, 'Samapika Das', '', 0, '', '', '', '', '', '', 'active', 'yes', 0, 0),
(777, NULL, NULL, 'Saylee Gharge', '', 0, '', '', '', '', '', '', 'active', 'yes', 0, 0),
(778, NULL, NULL, 'Anoop Kumar Patel', '', 0, '', '', '', '', '', '', 'active', 'yes', 0, 0),
(779, NULL, NULL, 'K. N Balasubramanya Murthy', '', 0, '', '', '', '', '', '', 'active', 'yes', 0, 0),
(780, NULL, NULL, 'Palak Patel', '', 0, '', '', '', '', '', '', 'active', 'yes', 0, 0),
(781, NULL, NULL, 'Jagruti Prajapati', '', 0, '', '', '', '', '', '', 'active', 'yes', 0, 0),
(782, NULL, NULL, 'Ajay Mohanan', '', 0, '', '', '', '', '', '', 'active', 'yes', 0, 0),
(783, NULL, NULL, 'Prachi Natu', '', 0, '', '', '', '', '', '', 'active', 'yes', 0, 0),
(784, NULL, NULL, 'Mahalakshmi N.', '', 0, '', '', '', '', '', '', 'active', 'yes', 0, 0),
(785, NULL, NULL, 'Vijaya Ms', '', 0, '', '', '', '', '', '', 'active', 'yes', 0, 0),
(786, NULL, NULL, 'Praveen Rajadurai D', '', 0, '', '', '', '', '', '', 'active', 'yes', 0, 0),
(787, NULL, NULL, 'Mohammed Saifulla', '', 0, '', '', '', '', '', '', 'active', 'yes', 0, 0),
(788, NULL, NULL, 'T N Anitha', '', 0, '', '', '', '', '', '', 'active', 'yes', 0, 0),
(789, NULL, NULL, 'Amar Vidhate', '', 0, '', '', '', '', '', '', 'active', 'yes', 0, 0),
(790, NULL, NULL, 'Chitra Babu', '', 0, '', '', '', '', '', '', 'active', 'yes', 0, 0),
(791, NULL, NULL, 'Aditya Joshi', '', 0, '', '', '', '', '', '', 'active', 'yes', 0, 0),
(792, NULL, NULL, 'Pravin Dakhole', '', 0, '', '', '', '', '', '', 'active', 'yes', 0, 0),
(793, NULL, NULL, 'Raju Bl Dr', '', 0, '', '', '', '', '', '', 'active', 'yes', 0, 0),
(794, NULL, NULL, 'Pala Ramesh', '', 0, '', '', '', '', '', '', 'active', 'yes', 0, 0),
(795, NULL, NULL, 'Dipal Modi', '', 0, '', '', '', '', '', '', 'active', 'yes', 0, 0),
(796, NULL, NULL, 'Abhay Patil', '', 0, '', '', '', '', '', '', 'active', 'yes', 0, 0),
(797, NULL, NULL, 'Nandini Aggarwal', '', 0, '', '', '', '', '', '', 'active', 'yes', 0, 0),
(798, NULL, NULL, 'K.M.S.N .Krishna', '', 0, '', '', '', '', '', '', 'active', 'yes', 0, 0),
(799, NULL, NULL, 'Rakshith Shettigar', '', 0, '', '', '', '', '', '', 'active', 'yes', 0, 0),
(800, NULL, NULL, 'Sachin Warrier', '', 0, '', '', '', '', '', '', 'active', 'yes', 0, 0),
(801, NULL, NULL, 'D.S Chauhan', '', 0, '', '', '', '', '', '', 'active', 'yes', 0, 0),
(802, NULL, NULL, 'Rekha Vig', '', 0, '', '', '', '', '', '', 'active', 'yes', 0, 0),
(803, NULL, NULL, 'Dr Sudhir Sawarkar', '', 0, '', '', '', '', '', '', 'active', 'yes', 0, 0),
(804, NULL, NULL, 'Papu Antony Eugene Xavier', '', 0, '', '', '', '', '', '', 'active', 'yes', 0, 0),
(805, NULL, NULL, 'Vishal Srivasrava', '', 0, '', '', '', '', '', '', 'active', 'yes', 0, 0),
(806, NULL, NULL, 'Santosh Mehta', '', 0, '', '', '', '', '', '', 'active', 'yes', 0, 0),
(807, NULL, NULL, 'M.A Mehaboob Jani', '', 0, '', '', '', '', '', '', 'active', 'yes', 0, 0),
(808, NULL, NULL, 'Brajkumar Mishra', '', 0, '', '', '', '', '', '', 'active', 'yes', 0, 0),
(809, NULL, NULL, 'Abhijeet Vanakudre', '', 0, '', '', '', '', '', '', 'active', 'yes', 0, 0),
(810, NULL, NULL, 'Prashant Deshmukh', '', 0, '', '', '', '', '', '', 'active', 'yes', 0, 0),
(811, NULL, NULL, 'Seema Rani', '', 0, '', '', '', '', '', '', 'active', 'yes', 0, 0),
(812, NULL, NULL, 'Ajat Shatru Arora', '', 0, '', '', '', '', '', '', 'active', 'yes', 0, 0),
(813, NULL, NULL, 'Vishnu Vidyan', '', 0, '', '', '', '', '', '', 'active', 'yes', 0, 0),
(814, NULL, NULL, 'Gautham Popouri', '', 0, '', '', '', '', '', '', 'active', 'yes', 0, 0),
(815, NULL, NULL, 'Sai Manoj Prakhya', '', 0, '', '', '', '', '', '', 'active', 'yes', 0, 0),
(816, NULL, NULL, 'Akhil K S', '', 0, '', '', '', '', '', '', 'active', 'yes', 0, 0),
(817, NULL, NULL, 'Sonali Nalamwar', '', 0, '', '', '', '', '', '', 'active', 'yes', 0, 0),
(818, NULL, NULL, 'Prashant Hadapad', '', 0, '', '', '', '', '', '', 'active', 'yes', 0, 0),
(819, NULL, NULL, 'Vithal. Nagathan', '', 0, '', '', '', '', '', '', 'active', 'yes', 0, 0),
(820, NULL, NULL, 'Poorvi Garg', '', 0, '', '', '', '', '', '', 'active', 'yes', 0, 0),
(821, NULL, NULL, 'Ajit Kumar', '', 0, '', '', '', '', '', '', 'active', 'yes', 0, 0),
(822, NULL, NULL, 'Rohit Dhiman', '', 0, '', '', '', '', '', '', 'active', 'yes', 0, 0),
(823, NULL, NULL, 'Sushanta Samanta', '', 0, '', '', '', '', '', '', 'active', 'yes', 0, 0),
(824, NULL, NULL, 'Nilesh Deotale', '', 0, '', '', '', '', '', '', 'active', 'yes', 0, 0),
(825, NULL, NULL, 'Kunal Sankhe', '', 0, '', '', '', '', '', '', 'active', 'yes', 0, 0),
(826, NULL, NULL, 'Reshma Gopinathan', '', 0, '', '', '', '', '', '', 'active', 'yes', 0, 0),
(827, NULL, NULL, 'Vijaya Saradhi Dommeti', '', 0, '', '', '', '', '', '', 'active', 'yes', 0, 0),
(828, NULL, NULL, 'Mamta Ubnare', '', 0, '', '', '', '', '', '', 'active', 'yes', 0, 0),
(829, NULL, NULL, 'Purusothaman T', '', 0, '', '', '', '', '', '', 'active', 'yes', 0, 0),
(830, NULL, NULL, 'Sarita Amadekar', '', 0, '', '', '', '', '', '', 'active', 'yes', 0, 0),
(831, NULL, NULL, 'Kaushal Panchal', '', 0, '', '', '', '', '', '', 'active', 'yes', 0, 0),
(832, NULL, NULL, 'Pravin Zode', '', 0, '', '', '', '', '', '', 'active', 'yes', 0, 0),
(833, NULL, NULL, 'Ankita Tijare', '', 0, '', '', '', '', '', '', 'active', 'yes', 0, 0),
(834, NULL, NULL, 'Stephen Thangaraj', '', 0, '', '', '', '', '', '', 'active', 'yes', 0, 0),
(835, NULL, NULL, 'Mrunali Desai', '', 0, '', '', '', '', '', '', 'active', 'yes', 0, 0),
(836, NULL, NULL, 'Dr. N.S. Nehe', '', 0, '', '', '', '', '', '', 'active', 'yes', 0, 0),
(837, NULL, NULL, 'P.Vasikaran', '', 0, '', '', '', '', '', '', 'active', 'yes', 0, 0),
(838, NULL, NULL, 'Sujay Paralikar', '', 0, '', '', '', '', '', '', 'active', 'yes', 0, 0),
(839, NULL, NULL, 'Ashvini Gajrushi', '', 0, '', '', '', '', '', '', 'active', 'yes', 0, 0),
(840, NULL, NULL, 'Mandar Paingankar', '', 0, '', '', '', '', '', '', 'active', 'yes', 0, 0),
(841, NULL, NULL, 'Swapnil Bendale', '', 0, '', '', '', '', '', '', 'active', 'yes', 0, 0),
(842, NULL, NULL, 'Sanjay Dudal', '', 0, '', '', '', '', '', '', 'active', 'yes', 0, 0),
(843, NULL, NULL, 'Rajeshkumar Chavan', '', 0, '', '', '', '', '', '', 'active', 'yes', 0, 0),
(844, NULL, NULL, 'Sneha Nirgudkar', '', 0, '', '', '', '', '', '', 'active', 'yes', 0, 0),
(845, NULL, NULL, 'Kavita Raut', '', 0, '', '', '', '', '', '', 'active', 'yes', 0, 0),
(846, NULL, NULL, 'Dr. Giriprasad M. N', '', 0, '', '', '', '', '', '', 'active', 'yes', 0, 0),
(847, NULL, NULL, 'Shailesh Kotian', '', 0, '', '', '', '', '', '', 'active', 'yes', 0, 0),
(848, NULL, NULL, 'Megna Kedia', '', 0, '', '', '', '', '', '', 'active', 'yes', 0, 0),
(849, NULL, NULL, 'Vinod Muchchandi', '', 0, '', '', '', '', '', '', 'active', 'yes', 0, 0),
(850, NULL, NULL, 'Dr.Giriprasad M.N', '', 0, '', '', '', '', '', '', 'active', 'yes', 0, 0),
(851, NULL, NULL, 'Meena Ugale', '', 0, '', '', '', '', '', '', 'active', 'yes', 0, 0),
(852, NULL, NULL, 'Sanjiv Tokekar', '', 0, '', '', '', '', '', '', 'active', 'yes', 0, 0),
(853, NULL, NULL, 'Mary Margarat Valentine', '', 0, '', '', '', '', '', '', 'active', 'yes', 0, 0),
(854, NULL, NULL, 'Preeti Shinde', '', 0, '', '', '', '', '', '', 'active', 'yes', 0, 0),
(855, NULL, NULL, 'Hardik Tolia', '', 0, '', '', '', '', '', '', 'active', 'yes', 0, 0),
(856, NULL, NULL, 'Arish Metkari', '', 0, '', '', '', '', '', '', 'active', 'yes', 0, 0),
(857, NULL, NULL, 'Sayli Patki', '', 0, '', '', '', '', '', '', 'active', 'yes', 0, 0),
(858, NULL, NULL, 'Surender Soni', '', 0, '', '', '', '', '', '', 'active', 'yes', 0, 0),
(859, NULL, NULL, 'Meena Panse', '', 0, '', '', '', '', '', '', 'active', 'yes', 0, 0),
(860, NULL, NULL, 'Bhavesh Parmar', '', 0, '', '', '', '', '', '', 'active', 'yes', 0, 0),
(861, NULL, NULL, 'Dr. Umakant P. Kulkarni', '', 0, '', '', '', '', '', '', 'active', 'yes', 0, 0),
(862, NULL, NULL, 'Assit.Prof. Mrs.Jyothi Digge', '', 0, '', '', '', '', '', '', 'active', 'yes', 0, 0),
(863, NULL, NULL, 'Vinay Srivastava', '', 0, '', '', '', '', '', '', 'active', 'yes', 0, 0),
(864, NULL, NULL, 'Nikhil Verma', '', 0, '', '', '', '', '', '', 'active', 'yes', 0, 0),
(865, NULL, NULL, 'Rohit Patki', '', 0, '', '', '', '', '', '', 'active', 'yes', 0, 0),
(866, NULL, NULL, 'Suchet Shetty', '', 0, '', '', '', '', '', '', 'active', 'yes', 0, 0),
(867, NULL, NULL, 'G.Nagaraj G', '', 0, '', '', '', '', '', '', 'active', 'yes', 0, 0),
(868, NULL, NULL, 'Hemanth Kumar Kornu', '', 0, '', '', '', '', '', '', 'active', 'yes', 0, 0),
(869, NULL, NULL, 'Naman Agrawal', '', 0, '', '', '', '', '', '', 'active', 'yes', 0, 0),
(870, NULL, NULL, 'Mukhar Upadhyay', '', 0, '', '', '', '', '', '', 'active', 'yes', 0, 0),
(871, NULL, NULL, 'Neepa Shah', '', 0, '', '', '', '', '', '', 'active', 'yes', 0, 0),
(872, NULL, NULL, 'Vinaya Sawant', '', 0, '', '', '', '', '', '', 'active', 'yes', 0, 0),
(873, NULL, NULL, 'Ajitha Prabhu', '', 0, '', '', '', '', '', '', 'active', 'yes', 0, 0),
(874, NULL, NULL, 'Kiran Kumar D S', '', 0, '', '', '', '', '', '', 'active', 'yes', 0, 0),
(875, NULL, NULL, 'Paul Leons', '', 0, '', '', '', '', '', '', 'active', 'yes', 0, 0),
(876, NULL, NULL, 'Shachi Natu', '', 0, '', '', '', '', '', '', 'active', 'yes', 0, 0),
(877, NULL, NULL, 'Jayashree D', '', 0, '', '', '', '', '', '', 'active', 'yes', 0, 0),
(878, NULL, NULL, 'Siddesh Bhogate', '', 0, '', '', '', '', '', '', 'active', 'yes', 0, 0),
(879, NULL, NULL, 'Sujata Dhanorkar', '', 0, '', '', '', '', '', '', 'active', 'yes', 0, 0),
(880, NULL, NULL, 'Shubhra Sinha', '', 0, '', '', '', '', '', '', 'active', 'yes', 0, 0),
(881, NULL, NULL, 'Prashant Pol', '', 0, '', '', '', '', '', '', 'active', 'yes', 0, 0),
(882, NULL, NULL, 'Kuldeep Singh', '', 0, '', '', '', '', '', '', 'active', 'yes', 0, 0),
(883, NULL, NULL, 'Pratap Shinde', '', 0, '', '', '', '', '', '', 'active', 'yes', 0, 0),
(884, NULL, NULL, 'Nagaraj Jeur', '', 0, '', '', '', '', '', '', 'active', 'yes', 0, 0),
(885, NULL, NULL, 'Deepu Narayanan', '', 0, '', '', '', '', '', '', 'active', 'yes', 0, 0),
(886, NULL, NULL, 'Parthasarathy R', '', 0, '', '', '', '', '', '', 'active', 'yes', 0, 0),
(887, NULL, NULL, 'Denny.C. Jacob', '', 0, '', '', '', '', '', '', 'active', 'yes', 0, 0),
(888, NULL, NULL, 'Girish. Deshpande', '', 0, '', '', '', '', '', '', 'active', 'yes', 0, 0),
(889, NULL, NULL, 'Ramya Bhaskaran', '', 0, '', '', '', '', '', '', 'active', 'yes', 0, 0),
(890, NULL, NULL, 'Mllikarjun Savanalli', '', 0, '', '', '', '', '', '', 'active', 'yes', 0, 0),
(891, NULL, NULL, 'Reena Kumbhare', '', 0, '', '', '', '', '', '', 'active', 'yes', 0, 0),
(892, NULL, NULL, 'Baskaran R', '', 0, '', '', '', '', '', '', 'active', 'yes', 0, 0),
(893, NULL, NULL, 'Sanket Padawe', '', 0, '', '', '', '', '', '', 'active', 'yes', 0, 0),
(894, NULL, NULL, 'Ramya Kotian', '', 0, '', '', '', '', '', '', 'active', 'yes', 0, 0),
(895, NULL, NULL, 'Sanket Bhoir', '', 0, '', '', '', '', '', '', 'active', 'yes', 0, 0),
(896, NULL, NULL, 'Rohan Tahiliani', '', 0, '', '', '', '', '', '', 'active', 'yes', 0, 0),
(897, NULL, NULL, 'Ashish Khadpe', '', 0, '', '', '', '', '', '', 'active', 'yes', 0, 0),
(898, NULL, NULL, 'Dhanashree Limaye', '', 0, '', '', '', '', '', '', 'active', 'yes', 0, 0),
(899, NULL, NULL, 'Sunil Nalwade', '', 0, '', '', '', '', '', '', 'active', 'yes', 0, 0),
(900, NULL, NULL, 'Sumit Pore', '', 0, '', '', '', '', '', '', 'active', 'yes', 0, 0),
(901, NULL, NULL, 'Nagabhushan K', '', 0, '', '', '', '', '', '', 'active', 'yes', 0, 0),
(902, NULL, NULL, 'Rizwin Shooja', '', 0, '', '', '', '', '', '', 'active', 'yes', 0, 0),
(903, NULL, NULL, 'Vijayalakshmi Kadroli', '', 0, '', '', '', '', '', '', 'active', 'yes', 0, 0),
(904, NULL, NULL, 'Kiran Bhandari', '', 0, '', '', '', '', '', '', 'active', 'yes', 0, 0),
(905, NULL, NULL, 'Mahadev Uplane', '', 0, '', '', '', '', '', '', 'active', 'yes', 0, 0),
(906, NULL, NULL, 'Karhik S', '', 0, '', '', '', '', '', '', 'active', 'yes', 0, 0),
(907, NULL, NULL, 'Deepu K B', '', 0, '', '', '', '', '', '', 'active', 'yes', 0, 0),
(908, NULL, NULL, 'Deepak Krishnan Unnikrishnan', '', 0, '', '', '', '', '', '', 'active', 'yes', 0, 0),
(909, NULL, NULL, 'Ajay. Yadav', '', 0, '', '', '', '', '', '', 'active', 'yes', 0, 0),
(910, NULL, NULL, 'Abheek Misra', '', 0, '', '', '', '', '', '', 'active', 'yes', 0, 0),
(911, NULL, NULL, 'Mithun Muralidharan', '', 0, '', '', '', '', '', '', 'active', 'yes', 0, 0);

--
-- Constraints for dumped tables
--

--
-- Constraints for table `admin`
--
ALTER TABLE `admin`
  ADD CONSTRAINT `fk_admin_users` FOREIGN KEY (`id`) REFERENCES `users` (`id`) ON DELETE NO ACTION ON UPDATE NO ACTION;

--
-- Constraints for table `authors`
--
ALTER TABLE `authors`
  ADD CONSTRAINT `fk_admin_users02` FOREIGN KEY (`id`) REFERENCES `users` (`id`) ON DELETE NO ACTION ON UPDATE NO ACTION;

--
-- Constraints for table `author_paper`
--
ALTER TABLE `author_paper`
  ADD CONSTRAINT `fk_authors_has_paper_authors1` FOREIGN KEY (`authors_id`) REFERENCES `authors` (`id`) ON DELETE NO ACTION ON UPDATE NO ACTION,
  ADD CONSTRAINT `fk_authors_has_paper_paper1` FOREIGN KEY (`paper_id`) REFERENCES `paper` (`id`) ON DELETE NO ACTION ON UPDATE NO ACTION;

--
-- Constraints for table `chairperson`
--
ALTER TABLE `chairperson`
  ADD CONSTRAINT `fk_admin_users00` FOREIGN KEY (`id`) REFERENCES `users` (`id`) ON DELETE NO ACTION ON UPDATE NO ACTION;

--
-- Constraints for table `entry`
--
ALTER TABLE `entry`
  ADD CONSTRAINT `fk_admin_users0` FOREIGN KEY (`id`) REFERENCES `users` (`id`) ON DELETE NO ACTION ON UPDATE NO ACTION;

--
-- Constraints for table `managers`
--
ALTER TABLE `managers`
  ADD CONSTRAINT `fk_admin_users01` FOREIGN KEY (`id`) REFERENCES `users` (`id`) ON DELETE NO ACTION ON UPDATE NO ACTION;

--
-- Constraints for table `paper`
--
ALTER TABLE `paper`
  ADD CONSTRAINT `fk_paper_tracks1` FOREIGN KEY (`tracks_id`) REFERENCES `tracks` (`id`) ON DELETE NO ACTION ON UPDATE NO ACTION;

--
-- Constraints for table `payments`
--
ALTER TABLE `payments`
  ADD CONSTRAINT `fk_payments_author_paper1` FOREIGN KEY (`author_id`, `paper_id`) REFERENCES `author_paper` (`authors_id`, `paper_id`) ON DELETE NO ACTION ON UPDATE NO ACTION;

--
-- Constraints for table `tracks`
--
ALTER TABLE `tracks`
  ADD CONSTRAINT `fk_tracks_managers1` FOREIGN KEY (`managers_id`) REFERENCES `managers` (`id`) ON DELETE NO ACTION ON UPDATE NO ACTION;

/*!40101 SET CHARACTER_SET_CLIENT=@OLD_CHARACTER_SET_CLIENT */;
/*!40101 SET CHARACTER_SET_RESULTS=@OLD_CHARACTER_SET_RESULTS */;
/*!40101 SET COLLATION_CONNECTION=@OLD_COLLATION_CONNECTION */;
